team_name,season,team_wins,team_losses
cincinnati,2016,4,8
connecticut,2016,3,9
east_carolina,2016,3,9
houston,2016,9,4
memphis,2016,8,5
navy,2016,9,5
south_florida,2016,11,2
smu,2016,5,7
temple,2016,10,4
tulane,2016,4,8
tulsa,2016,10,3
ucf,2016,6,7
boston_college,2016,7,6
clemson,2016,14,1
duke,2016,4,8
florida_state,2016,10,3
georgia_tech,2016,9,4
louisville,2016,9,4
miami_florida,2016,9,4
north_carolina,2016,8,5
north_carolina_state,2016,7,6
pittsburgh,2016,8,5
syracuse,2016,4,8
virginia,2016,2,10
virginia_tech,2016,10,4
wake_forest,2016,7,6
baylor,2016,7,6
iowa_state,2016,3,9
kansas,2016,2,10
kansas_state,2016,9,4
oklahoma,2016,11,2
oklahoma_state,2016,10,3
tcu,2016,6,7
texas,2016,5,7
texas_tech,2016,5,7
west_virginia,2016,10,3
illinois,2016,3,9
indiana,2016,6,7
iowa,2016,8,5
maryland,2016,6,7
michigan,2016,10,3
michigan_state,2016,3,9
minnesota,2016,9,4
nebraska,2016,9,4
northwestern,2016,7,6
ohio_state,2016,11,2
penn_state,2016,11,3
purdue,2016,3,9
rutgers,2016,2,10
wisconsin,2016,11,3
charlotte,2016,4,8
florida_atlantic,2016,3,9
florida_international,2016,4,8
louisiana_tech,2016,9,5
marshall,2016,3,9
middle_tennessee,2016,8,5
north_texas,2016,5,8
old_dominion,2016,10,3
rice,2016,3,9
southern_mississippi,2016,7,6
utep,2016,4,8
utsa,2016,6,7
western_kentucky,2016,11,3
army,2016,8,5
byu,2016,9,4
massachusetts,2016,2,10
notre_dame,2016,4,8
akron,2016,5,7
ball_state,2016,4,8
bowling_green,2016,4,8
buffalo,2016,2,10
central_michigan,2016,6,7
eastern_michigan,2016,7,6
kent_state,2016,3,9
miami_ohio,2016,6,7
northern_illinois,2016,5,7
ohio,2016,8,6
toledo,2016,9,4
western_michigan,2016,13,1
air_force,2016,10,3
boise_state,2016,10,3
colorado_state,2016,7,6
fresno_state,2016,1,11
hawai'i,2016,7,7
nevada,2016,5,7
new_mexico,2016,9,4
san_diego_state,2016,11,3
san_jose_state,2016,4,8
unlv,2016,4,8
utah_state,2016,3,9
wyoming,2016,8,6
arizona,2016,3,9
arizona_state,2016,5,7
california,2016,5,7
colorado,2016,10,4
oregon,2016,4,8
oregon_state,2016,4,8
usc,2016,10,3
stanford,2016,10,3
ucla,2016,4,8
utah,2016,9,4
washington,2016,12,2
washington_state,2016,8,5
alabama,2016,14,1
arkansas,2016,7,6
auburn,2016,8,5
florida,2016,9,4
georgia,2016,8,5
kentucky,2016,7,6
lsu,2016,8,4
mississippi,2016,5,7
mississippi_state,2016,6,7
missouri,2016,4,8
south_carolina,2016,6,7
tennessee,2016,9,4
texas_a&m,2016,8,5
vanderbilt,2016,6,7
appalachian_state,2016,10,3
arkansas_state,2016,8,5
georgia_southern,2016,5,7
georgia_state,2016,3,9
idaho,2016,9,4
louisiana-lafayette,2016,6,7
louisiana-monroe,2016,4,8
new_mexico_state,2016,3,9
south_alabama,2016,6,7
texas_state,2016,2,10
troy,2016,10,3
cincinnati,2017,4,8
connecticut,2017,3,9
east_carolina,2017,3,9
houston,2017,7,5
memphis,2017,10,3
navy,2017,7,6
south_florida,2017,10,2
smu,2017,7,6
temple,2017,7,6
tulane,2017,5,7
tulsa,2017,2,10
ucf,2017,13,0
boston_college,2017,7,6
clemson,2017,12,2
duke,2017,7,6
florida_state,2017,7,6
georgia_tech,2017,5,6
louisville,2017,8,5
miami_florida,2017,10,3
north_carolina,2017,3,9
north_carolina_state,2017,9,4
pittsburgh,2017,5,7
syracuse,2017,4,8
virginia,2017,6,7
virginia_tech,2017,9,4
wake_forest,2017,8,5
baylor,2017,1,11
iowa_state,2017,8,5
kansas,2017,1,11
kansas_state,2017,8,5
oklahoma,2017,12,2
oklahoma_state,2017,10,3
tcu,2017,11,3
texas,2017,7,6
texas_tech,2017,6,7
west_virginia,2017,7,6
illinois,2017,2,10
indiana,2017,5,7
iowa,2017,8,5
maryland,2017,4,8
michigan,2017,8,5
michigan_state,2017,10,3
minnesota,2017,5,7
nebraska,2017,4,8
northwestern,2017,10,3
ohio_state,2017,12,2
penn_state,2017,11,2
purdue,2017,7,6
rutgers,2017,4,8
wisconsin,2017,13,1
charlotte,2017,1,11
florida_atlantic,2017,11,3
florida_international,2017,8,5
louisiana_tech,2017,7,6
marshall,2017,8,5
middle_tennessee,2017,7,6
north_texas,2017,9,5
old_dominion,2017,5,7
rice,2017,1,11
southern_mississippi,2017,8,5
uab,2017,8,5
utep,2017,0,12
utsa,2017,6,5
western_kentucky,2017,6,7
army,2017,10,3
byu,2017,4,9
massachusetts,2017,4,8
notre_dame,2017,10,3
akron,2017,7,7
ball_state,2017,2,10
bowling_green,2017,2,10
buffalo,2017,6,6
central_michigan,2017,8,5
eastern_michigan,2017,5,7
kent_state,2017,2,10
miami_ohio,2017,5,7
northern_illinois,2017,8,5
ohio,2017,9,4
toledo,2017,11,3
western_michigan,2017,6,6
air_force,2017,5,7
boise_state,2017,11,3
colorado_state,2017,7,6
fresno_state,2017,10,4
hawai'i,2017,3,9
nevada,2017,3,9
new_mexico,2017,3,9
san_diego_state,2017,10,3
san_jose_state,2017,2,11
unlv,2017,5,7
utah_state,2017,6,7
wyoming,2017,8,5
arizona,2017,7,6
arizona_state,2017,7,6
california,2017,5,7
colorado,2017,5,7
oregon,2017,7,6
oregon_state,2017,1,11
usc,2017,11,3
stanford,2017,9,5
ucla,2017,6,7
utah,2017,7,6
washington,2017,10,3
washington_state,2017,9,4
alabama,2017,13,1
arkansas,2017,4,8
auburn,2017,10,4
florida,2017,4,7
georgia,2017,13,2
kentucky,2017,7,6
lsu,2017,9,4
mississippi,2017,6,6
mississippi_state,2017,9,4
missouri,2017,7,6
south_carolina,2017,9,4
tennessee,2017,4,8
texas_a&m,2017,7,6
vanderbilt,2017,5,7
appalachian_state,2017,9,4
arkansas_state,2017,7,5
coastal_carolina,2017,3,9
georgia_southern,2017,2,10
georgia_state,2017,7,5
idaho,2017,4,8
louisiana-lafayette,2017,5,7
louisiana-monroe,2017,4,8
new_mexico_state,2017,7,6
south_alabama,2017,4,8
texas_state,2017,2,10
troy,2017,11,2
cincinnati,2018,11,2
connecticut,2018,1,11
east_carolina,2018,3,9
houston,2018,8,5
memphis,2018,8,6
navy,2018,3,10
south_florida,2018,7,6
smu,2018,5,7
temple,2018,8,5
tulane,2018,7,6
tulsa,2018,3,9
ucf,2018,12,1
boston_college,2018,7,5
clemson,2018,15,0
duke,2018,8,5
florida_state,2018,5,7
georgia_tech,2018,7,6
louisville,2018,2,10
miami_florida,2018,7,6
north_carolina,2018,2,9
north_carolina_state,2018,9,4
pittsburgh,2018,7,7
syracuse,2018,10,3
virginia,2018,8,5
virginia_tech,2018,6,7
wake_forest,2018,7,6
baylor,2018,7,6
iowa_state,2018,8,5
kansas,2018,3,9
kansas_state,2018,5,7
oklahoma,2018,12,2
oklahoma_state,2018,7,6
tcu,2018,7,6
texas,2018,10,4
texas_tech,2018,5,7
west_virginia,2018,8,4
illinois,2018,4,8
indiana,2018,5,7
iowa,2018,9,4
maryland,2018,5,7
michigan,2018,10,3
michigan_state,2018,7,6
minnesota,2018,7,6
nebraska,2018,4,8
northwestern,2018,9,5
ohio_state,2018,13,1
penn_state,2018,9,4
purdue,2018,6,7
rutgers,2018,1,11
wisconsin,2018,8,5
charlotte,2018,5,7
florida_atlantic,2018,5,7
florida_international,2018,9,4
louisiana_tech,2018,8,5
marshall,2018,9,4
middle_tennessee,2018,8,6
north_texas,2018,9,4
old_dominion,2018,4,8
rice,2018,2,11
southern_mississippi,2018,6,5
uab,2018,11,3
utep,2018,1,11
utsa,2018,3,9
western_kentucky,2018,3,9
army,2018,11,2
byu,2018,7,6
liberty,2018,6,6
massachusetts,2018,4,8
new_mexico_state,2018,3,9
notre_dame,2018,12,1
akron,2018,4,8
ball_state,2018,4,8
bowling_green,2018,3,9
buffalo,2018,10,4
central_michigan,2018,1,11
eastern_michigan,2018,7,6
kent_state,2018,2,10
miami_ohio,2018,6,6
northern_illinois,2018,8,6
ohio,2018,9,4
toledo,2018,7,6
western_michigan,2018,7,6
air_force,2018,5,7
boise_state,2018,10,3
colorado_state,2018,3,9
fresno_state,2018,12,2
hawai'i,2018,8,6
nevada,2018,8,5
new_mexico,2018,3,9
san_diego_state,2018,7,6
san_jose_state,2018,1,11
unlv,2018,4,8
utah_state,2018,11,2
wyoming,2018,6,6
arizona,2018,5,7
arizona_state,2018,7,6
california,2018,7,6
colorado,2018,5,7
oregon,2018,9,4
oregon_state,2018,2,10
usc,2018,5,7
stanford,2018,9,4
ucla,2018,3,9
utah,2018,9,5
washington,2018,10,4
washington_state,2018,11,2
alabama,2018,14,1
arkansas,2018,2,10
auburn,2018,8,5
florida,2018,10,3
georgia,2018,11,3
kentucky,2018,10,3
lsu,2018,10,3
mississippi,2018,5,7
mississippi_state,2018,8,5
missouri,2018,8,5
south_carolina,2018,7,6
tennessee,2018,5,7
texas_a&m,2018,9,4
vanderbilt,2018,6,7
appalachian_state,2018,11,2
arkansas_state,2018,8,5
coastal_carolina,2018,5,7
georgia_southern,2018,10,3
georgia_state,2018,2,10
louisiana-lafayette,2018,7,7
louisiana-monroe,2018,6,6
south_alabama,2018,3,9
texas_state,2018,3,9
troy,2018,10,3
cincinnati,2019,11,3
connecticut,2019,2,10
east_carolina,2019,4,8
houston,2019,4,8
memphis,2019,12,2
navy,2019,11,2
south_florida,2019,4,8
smu,2019,10,3
temple,2019,8,5
tulane,2019,7,6
tulsa,2019,4,8
ucf,2019,10,3
boston_college,2019,6,7
clemson,2019,14,1
duke,2019,5,7
florida_state,2019,6,7
georgia_tech,2019,3,9
louisville,2019,8,5
miami_florida,2019,6,7
north_carolina,2019,7,6
north_carolina_state,2019,4,8
pittsburgh,2019,8,5
syracuse,2019,5,7
virginia,2019,9,5
virginia_tech,2019,8,5
wake_forest,2019,8,5
baylor,2019,11,3
iowa_state,2019,7,6
kansas,2019,3,9
kansas_state,2019,8,5
oklahoma,2019,12,2
oklahoma_state,2019,8,5
tcu,2019,5,7
texas,2019,8,5
texas_tech,2019,4,8
west_virginia,2019,5,7
illinois,2019,6,7
indiana,2019,8,5
iowa,2019,10,3
maryland,2019,3,9
michigan,2019,9,4
michigan_state,2019,7,6
minnesota,2019,11,2
nebraska,2019,5,7
northwestern,2019,3,9
ohio_state,2019,13,1
penn_state,2019,11,2
purdue,2019,4,8
rutgers,2019,2,10
wisconsin,2019,10,4
charlotte,2019,7,6
florida_atlantic,2019,11,3
florida_international,2019,6,7
louisiana_tech,2019,10,3
marshall,2019,8,5
middle_tennessee,2019,4,8
north_texas,2019,4,8
old_dominion,2019,1,11
rice,2019,3,9
southern_mississippi,2019,7,6
uab,2019,9,5
utep,2019,1,11
utsa,2019,4,8
western_kentucky,2019,9,4
army,2019,5,8
byu,2019,7,6
liberty,2019,8,5
massachusetts,2019,1,11
new_mexico_state,2019,2,10
notre_dame,2019,11,2
akron,2019,0,12
ball_state,2019,5,7
bowling_green,2019,3,9
buffalo,2019,8,5
central_michigan,2019,8,6
eastern_michigan,2019,6,7
kent_state,2019,7,6
miami_ohio,2019,8,6
northern_illinois,2019,5,7
ohio,2019,7,6
toledo,2019,6,6
western_michigan,2019,7,6
air_force,2019,11,2
boise_state,2019,12,2
colorado_state,2019,4,8
fresno_state,2019,4,8
hawai'i,2019,10,5
nevada,2019,7,6
new_mexico,2019,2,10
san_diego_state,2019,10,3
san_jose_state,2019,5,7
unlv,2019,4,8
utah_state,2019,7,6
wyoming,2019,8,5
arizona,2019,4,8
arizona_state,2019,8,5
california,2019,8,5
colorado,2019,5,7
oregon,2019,12,2
oregon_state,2019,5,7
usc,2019,8,5
stanford,2019,4,8
ucla,2019,4,8
utah,2019,11,3
washington,2019,8,5
washington_state,2019,6,7
alabama,2019,11,2
arkansas,2019,2,10
auburn,2019,9,4
florida,2019,11,2
georgia,2019,12,2
kentucky,2019,8,5
lsu,2019,15,0
mississippi,2019,4,8
mississippi_state,2019,6,7
missouri,2019,6,6
south_carolina,2019,4,8
tennessee,2019,8,5
texas_a&m,2019,8,5
vanderbilt,2019,3,9
appalachian_state,2019,13,1
arkansas_state,2019,8,5
coastal_carolina,2019,5,7
georgia_southern,2019,7,6
georgia_state,2019,7,6
louisiana-lafayette,2019,11,3
louisiana-monroe,2019,5,7
south_alabama,2019,2,10
texas_state,2019,3,9
troy,2019,5,7
cincinnati,2020,9,1
east_carolina,2020,3,6
houston,2020,3,5
memphis,2020,8,3
navy,2020,3,7
south_florida,2020,1,8
smu,2020,7,3
temple,2020,1,6
tulane,2020,6,6
tulsa,2020,6,3
ucf,2020,6,4
boston_college,2020,6,5
clemson,2020,10,2
duke,2020,2,9
florida_state,2020,3,6
georgia_tech,2020,3,7
louisville,2020,4,7
miami_florida,2020,8,3
north_carolina,2020,8,4
north_carolina_state,2020,8,4
notre_dame,2020,10,2
pittsburgh,2020,6,5
syracuse,2020,1,10
virginia,2020,5,5
virginia_tech,2020,5,6
wake_forest,2020,4,5
baylor,2020,2,7
iowa_state,2020,9,3
kansas,2020,0,9
kansas_state,2020,4,6
oklahoma,2020,9,2
oklahoma_state,2020,8,3
tcu,2020,6,4
texas,2020,7,3
texas_tech,2020,4,6
west_virginia,2020,6,4
illinois,2020,2,6
indiana,2020,6,2
iowa,2020,6,2
maryland,2020,2,3
michigan,2020,2,4
michigan_state,2020,2,5
minnesota,2020,3,4
nebraska,2020,3,5
northwestern,2020,7,2
ohio_state,2020,7,1
penn_state,2020,4,5
purdue,2020,2,4
rutgers,2020,3,6
wisconsin,2020,4,3
charlotte,2020,2,4
florida_atlantic,2020,5,4
florida_international,2020,0,5
louisiana_tech,2020,5,5
marshall,2020,7,3
middle_tennessee,2020,3,6
north_texas,2020,4,6
old_dominion,2020,0,0
rice,2020,2,3
southern_mississippi,2020,3,7
uab,2020,6,3
utep,2020,3,5
utsa,2020,7,5
western_kentucky,2020,5,7
army,2020,9,3
byu,2020,11,1
connecticut,2020,0,0
liberty,2020,10,1
massachusetts,2020,0,4
new_mexico_state,2020,0,0
akron,2020,1,5
ball_state,2020,7,1
bowling_green,2020,0,5
buffalo,2020,6,1
central_michigan,2020,3,3
eastern_michigan,2020,2,4
kent_state,2020,3,1
miami_ohio,2020,2,1
northern_illinois,2020,0,6
ohio,2020,2,1
toledo,2020,4,2
western_michigan,2020,4,2
air_force,2020,3,3
boise_state,2020,5,2
colorado_state,2020,1,3
fresno_state,2020,3,3
hawai'i,2020,5,4
nevada,2020,7,2
new_mexico,2020,2,5
san_diego_state,2020,4,4
san_jose_state,2020,7,1
unlv,2020,0,6
utah_state,2020,1,5
wyoming,2020,2,4
arizona,2020,0,5
arizona_state,2020,2,2
california,2020,1,3
colorado,2020,4,2
oregon,2020,4,3
oregon_state,2020,2,5
usc,2020,5,1
stanford,2020,4,2
ucla,2020,3,4
utah,2020,3,2
washington,2020,3,1
washington_state,2020,1,3
alabama,2020,13,0
arkansas,2020,3,7
auburn,2020,6,5
florida,2020,8,4
georgia,2020,8,2
kentucky,2020,5,6
lsu,2020,5,5
mississippi,2020,5,5
mississippi_state,2020,4,7
missouri,2020,5,5
south_carolina,2020,2,8
tennessee,2020,3,7
texas_a&m,2020,9,1
vanderbilt,2020,0,9
appalachian_state,2020,9,3
arkansas_state,2020,4,7
coastal_carolina,2020,11,1
georgia_southern,2020,8,5
georgia_state,2020,6,4
louisiana-lafayette,2020,10,1
louisiana-monroe,2020,0,10
south_alabama,2020,4,7
texas_state,2020,2,10
troy,2020,5,6
cincinnati,2021,13,1
east_carolina,2021,7,5
houston,2021,12,2
memphis,2021,6,6
navy,2021,4,8
south_florida,2021,2,10
smu,2021,8,4
temple,2021,3,9
tulane,2021,2,10
tulsa,2021,7,6
ucf,2021,9,4
boston_college,2021,6,6
clemson,2021,10,3
duke,2021,3,9
florida_state,2021,5,7
georgia_tech,2021,3,9
louisville,2021,6,7
miami_florida,2021,7,5
north_carolina,2021,6,7
north_carolina_state,2021,9,3
pittsburgh,2021,11,3
syracuse,2021,5,7
virginia,2021,6,6
virginia_tech,2021,6,7
wake_forest,2021,11,3
baylor,2021,12,2
iowa_state,2021,7,6
kansas,2021,2,10
kansas_state,2021,8,5
oklahoma,2021,11,2
oklahoma_state,2021,12,2
tcu,2021,5,7
texas,2021,5,7
texas_tech,2021,7,6
west_virginia,2021,6,7
illinois,2021,5,7
indiana,2021,2,10
iowa,2021,10,4
maryland,2021,7,6
michigan,2021,12,2
michigan_state,2021,11,2
minnesota,2021,9,4
nebraska,2021,3,9
northwestern,2021,3,9
ohio_state,2021,11,2
penn_state,2021,7,6
purdue,2021,9,4
rutgers,2021,5,8
wisconsin,2021,9,4
charlotte,2021,5,7
florida_atlantic,2021,5,7
florida_international,2021,1,11
louisiana_tech,2021,3,9
marshall,2021,7,6
middle_tennessee,2021,7,6
north_texas,2021,6,7
old_dominion,2021,6,7
rice,2021,4,8
southern_mississippi,2021,3,9
uab,2021,9,4
utep,2021,7,6
utsa,2021,12,2
western_kentucky,2021,9,5
army,2021,9,4
byu,2021,10,3
connecticut,2021,1,11
liberty,2021,8,5
massachusetts,2021,1,11
new_mexico_state,2021,2,10
notre_dame,2021,11,2
akron,2021,2,10
ball_state,2021,6,7
bowling_green,2021,4,8
buffalo,2021,4,8
central_michigan,2021,9,4
eastern_michigan,2021,7,6
kent_state,2021,7,7
miami_ohio,2021,7,6
northern_illinois,2021,9,5
ohio,2021,3,9
toledo,2021,7,6
western_michigan,2021,8,5
air_force,2021,10,3
boise_state,2021,7,5
colorado_state,2021,3,9
fresno_state,2021,10,3
hawai'i,2021,6,7
nevada,2021,8,5
new_mexico,2021,3,9
san_diego_state,2021,12,2
san_jose_state,2021,5,7
unlv,2021,2,10
utah_state,2021,11,3
wyoming,2021,7,6
arizona,2021,1,11
arizona_state,2021,8,5
california,2021,5,7
colorado,2021,4,8
oregon,2021,10,4
oregon_state,2021,7,6
usc,2021,4,8
stanford,2021,3,9
ucla,2021,8,4
utah,2021,10,4
washington,2021,4,8
washington_state,2021,7,6
alabama,2021,13,2
arkansas,2021,9,4
auburn,2021,6,7
florida,2021,6,7
georgia,2021,14,1
kentucky,2021,10,3
lsu,2021,6,7
mississippi,2021,10,3
mississippi_state,2021,7,6
missouri,2021,6,7
south_carolina,2021,7,6
tennessee,2021,7,6
texas_a&m,2021,8,4
vanderbilt,2021,2,10
appalachian_state,2021,10,4
arkansas_state,2021,2,10
coastal_carolina,2021,11,2
georgia_southern,2021,3,9
georgia_state,2021,8,5
louisiana-lafayette,2021,13,1
louisiana-monroe,2021,4,8
south_alabama,2021,5,7
texas_state,2021,4,8
troy,2021,5,7
cincinnati,2022,9,4
east_carolina,2022,8,5
houston,2022,8,5
memphis,2022,7,6
navy,2022,4,8
south_florida,2022,1,11
smu,2022,7,6
temple,2022,3,9
tulane,2022,12,2
tulsa,2022,5,7
ucf,2022,9,5
boston_college,2022,3,9
clemson,2022,11,3
duke,2022,9,4
florida_state,2022,10,3
georgia_tech,2022,5,7
louisville,2022,8,5
miami_florida,2022,5,7
north_carolina,2022,9,5
north_carolina_state,2022,8,5
pittsburgh,2022,9,4
syracuse,2022,7,6
virginia,2022,3,7
virginia_tech,2022,3,8
wake_forest,2022,8,5
baylor,2022,6,7
iowa_state,2022,4,8
kansas,2022,6,7
kansas_state,2022,10,4
oklahoma,2022,6,7
oklahoma_state,2022,7,6
tcu,2022,13,2
texas,2022,8,5
texas_tech,2022,8,5
west_virginia,2022,5,7
illinois,2022,8,5
indiana,2022,4,8
iowa,2022,8,5
maryland,2022,8,5
michigan,2022,13,1
michigan_state,2022,5,7
minnesota,2022,9,4
nebraska,2022,4,8
northwestern,2022,1,11
ohio_state,2022,11,2
penn_state,2022,11,2
purdue,2022,8,6
rutgers,2022,4,8
wisconsin,2022,7,6
charlotte,2022,3,9
florida_atlantic,2022,5,7
florida_international,2022,4,8
louisiana_tech,2022,3,9
middle_tennessee,2022,8,5
north_texas,2022,7,7
rice,2022,5,8
uab,2022,7,6
utep,2022,5,7
utsa,2022,11,3
western_kentucky,2022,9,5
army,2022,6,6
byu,2022,8,5
connecticut,2022,6,7
liberty,2022,8,5
massachusetts,2022,1,11
new_mexico_state,2022,7,6
notre_dame,2022,9,4
akron,2022,2,10
ball_state,2022,5,7
bowling_green,2022,6,7
buffalo,2022,7,6
central_michigan,2022,4,8
eastern_michigan,2022,9,4
kent_state,2022,5,7
miami_ohio,2022,6,7
northern_illinois,2022,3,9
ohio,2022,10,4
toledo,2022,9,5
western_michigan,2022,5,7
air_force,2022,10,3
boise_state,2022,10,4
colorado_state,2022,3,9
fresno_state,2022,10,4
hawai'i,2022,3,10
nevada,2022,2,10
new_mexico,2022,2,10
san_diego_state,2022,7,6
san_jose_state,2022,7,5
unlv,2022,5,7
utah_state,2022,6,7
wyoming,2022,7,6
arizona,2022,5,7
arizona_state,2022,3,9
california,2022,4,8
colorado,2022,1,11
oregon,2022,10,3
oregon_state,2022,10,3
usc,2022,11,3
stanford,2022,3,9
ucla,2022,9,4
utah,2022,10,4
washington,2022,11,2
washington_state,2022,7,6
alabama,2022,11,2
arkansas,2022,7,6
auburn,2022,5,7
florida,2022,6,7
georgia,2022,15,0
kentucky,2022,7,6
lsu,2022,10,4
mississippi,2022,8,5
mississippi_state,2022,9,4
missouri,2022,6,7
south_carolina,2022,8,5
tennessee,2022,11,2
texas_a&m,2022,5,7
vanderbilt,2022,5,7
appalachian_state,2022,6,6
arkansas_state,2022,3,9
coastal_carolina,2022,9,4
georgia_southern,2022,6,7
georgia_state,2022,4,8
james_madison,2022,8,3
louisiana-lafayette,2022,6,7
louisiana-monroe,2022,4,8
marshall,2022,9,4
old_dominion,2022,3,9
south_alabama,2022,10,3
southern_mississippi,2022,7,6
texas_state,2022,4,8
troy,2022,12,2
charlotte,2023,3,9
east_carolina,2023,2,10
florida_atlantic,2023,4,8
memphis,2023,10,3
navy,2023,5,7
north_texas,2023,5,7
rice,2023,6,7
south_florida,2023,7,6
smu,2023,11,3
temple,2023,3,9
tulane,2023,11,3
tulsa,2023,4,8
uab,2023,4,8
utsa,2023,9,4
boston_college,2023,7,6
clemson,2023,9,4
duke,2023,8,5
florida_state,2023,13,1
georgia_tech,2023,7,6
louisville,2023,10,4
miami_florida,2023,7,6
north_carolina,2023,8,5
north_carolina_state,2023,9,4
pittsburgh,2023,3,9
syracuse,2023,6,7
virginia,2023,3,9
virginia_tech,2023,7,6
wake_forest,2023,4,8
baylor,2023,3,9
byu,2023,5,7
cincinnati,2023,3,9
houston,2023,4,8
iowa_state,2023,7,6
kansas,2023,9,4
kansas_state,2023,9,4
oklahoma,2023,10,3
oklahoma_state,2023,10,4
tcu,2023,5,7
texas,2023,12,2
texas_tech,2023,7,6
ucf,2023,6,7
west_virginia,2023,9,4
illinois,2023,5,7
indiana,2023,3,9
iowa,2023,10,4
maryland,2023,8,5
michigan,2023,15,0
michigan_state,2023,4,8
minnesota,2023,6,7
nebraska,2023,5,7
northwestern,2023,8,5
ohio_state,2023,11,2
penn_state,2023,10,3
purdue,2023,4,8
rutgers,2023,7,6
wisconsin,2023,7,6
florida_international,2023,4,8
jacksonville_state,2023,9,4
liberty,2023,13,1
louisiana_tech,2023,3,9
middle_tennessee,2023,4,8
new_mexico_state,2023,10,5
sam_houston_state,2023,3,9
utep,2023,3,9
western_kentucky,2023,8,5
army,2023,6,6
connecticut,2023,3,9
massachusetts,2023,3,9
notre_dame,2023,10,3
akron,2023,2,10
ball_state,2023,4,8
bowling_green,2023,7,6
buffalo,2023,3,9
central_michigan,2023,5,7
eastern_michigan,2023,6,7
kent_state,2023,1,11
miami_ohio,2023,11,3
northern_illinois,2023,7,6
ohio,2023,10,3
toledo,2023,11,3
western_michigan,2023,4,8
air_force,2023,9,4
boise_state,2023,8,6
colorado_state,2023,5,7
fresno_state,2023,9,4
hawai'i,2023,5,8
nevada,2023,2,10
new_mexico,2023,4,8
san_diego_state,2023,4,8
san_jose_state,2023,7,6
unlv,2023,9,5
utah_state,2023,6,7
wyoming,2023,9,4
arizona,2023,10,3
arizona_state,2023,3,9
california,2023,6,7
colorado,2023,4,8
oregon,2023,12,2
oregon_state,2023,8,5
usc,2023,8,5
stanford,2023,3,9
ucla,2023,8,5
utah,2023,8,5
washington,2023,14,1
washington_state,2023,5,7
alabama,2023,12,2
arkansas,2023,4,8
auburn,2023,6,7
florida,2023,5,7
georgia,2023,13,1
kentucky,2023,7,6
lsu,2023,10,3
mississippi,2023,11,2
mississippi_state,2023,5,7
missouri,2023,11,2
south_carolina,2023,5,7
tennessee,2023,9,4
texas_a&m,2023,7,6
vanderbilt,2023,2,10
appalachian_state,2023,9,5
arkansas_state,2023,6,7
coastal_carolina,2023,8,5
georgia_southern,2023,6,7
georgia_state,2023,7,6
james_madison,2023,11,2
louisiana-lafayette,2023,6,7
louisiana-monroe,2023,2,10
marshall,2023,6,7
old_dominion,2023,6,7
south_alabama,2023,7,6
southern_mississippi,2023,3,9
texas_state,2023,8,5
troy,2023,11,3
army,2024,5,0
charlotte,2024,3,3
east_carolina,2024,3,3
florida_atlantic,2024,2,3
memphis,2024,4,1
navy,2024,5,0
north_texas,2024,4,1
rice,2024,1,4
south_florida,2024,2,3
temple,2024,1,5
tulane,2024,4,2
tulsa,2024,2,4
uab,2024,1,4
utsa,2024,2,3
boston_college,2024,4,2
california,2024,3,2
clemson,2024,4,1
duke,2024,5,1
florida_state,2024,1,5
georgia_tech,2024,4,2
louisville,2024,3,2
miami_florida,2024,6,0
north_carolina,2024,3,3
north_carolina_state,2024,3,3
pittsburgh,2024,5,0
smu,2024,5,1
stanford,2024,2,3
syracuse,2024,4,1
virginia,2024,4,1
virginia_tech,2024,3,3
wake_forest,2024,2,3
arizona,2024,3,2
arizona_state,2024,4,1
baylor,2024,2,4
byu,2024,5,0
cincinnati,2024,3,2
colorado,2024,4,1
houston,2024,2,4
iowa_state,2024,5,0
kansas,2024,1,5
kansas_state,2024,4,1
oklahoma_state,2024,3,3
tcu,2024,3,3
texas_tech,2024,5,1
ucf,2024,3,2
utah,2024,4,1
west_virginia,2024,3,2
illinois,2024,4,1
indiana,2024,6,0
iowa,2024,3,2
maryland,2024,3,2
michigan,2024,4,2
michigan_state,2024,3,3
minnesota,2024,3,3
nebraska,2024,5,1
northwestern,2024,2,3
ohio_state,2024,5,0
oregon,2024,5,0
penn_state,2024,5,0
purdue,2024,1,4
rutgers,2024,4,1
usc,2024,3,2
ucla,2024,1,4
washington,2024,4,2
wisconsin,2024,3,2
florida_international,2024,2,4
jacksonville_state,2024,3,3
kennesaw_state,2024,0,5
liberty,2024,5,0
louisiana_tech,2024,2,3
middle_tennessee,2024,1,5
new_mexico_state,2024,1,5
sam_houston_state,2024,5,1
utep,2024,0,6
western_kentucky,2024,4,2
connecticut,2024,4,2
massachusetts,2024,1,5
notre_dame,2024,4,1
akron,2024,1,5
ball_state,2024,1,4
bowling_green,2024,2,3
buffalo,2024,3,2
central_michigan,2024,3,2
eastern_michigan,2024,4,1
kent_state,2024,0,5
miami_ohio,2024,1,4
northern_illinois,2024,3,2
ohio,2024,3,2
toledo,2024,4,1
western_michigan,2024,2,3
air_force,2024,1,4
boise_state,2024,4,1
colorado_state,2024,2,3
fresno_state,2024,3,2
hawai'i,2024,2,3
nevada,2024,2,4
new_mexico,2024,1,4
san_diego_state,2024,2,3
san_jose_state,2024,4,1
unlv,2024,4,1
utah_state,2024,1,4
wyoming,2024,1,4
oregon_state,2024,4,1
washington_state,2024,4,1
alabama,2024,4,1
arkansas,2024,4,2
auburn,2024,2,4
florida,2024,3,2
georgia,2024,4,1
kentucky,2024,3,2
lsu,2024,4,1
mississippi,2024,5,1
mississippi_state,2024,1,4
missouri,2024,4,1
oklahoma,2024,4,1
south_carolina,2024,3,2
tennessee,2024,4,1
texas,2024,5,0
texas_a&m,2024,5,1
vanderbilt,2024,3,2
appalachian_state,2024,2,3
arkansas_state,2024,3,2
coastal_carolina,2024,4,2
georgia_southern,2024,3,2
georgia_state,2024,2,2
james_madison,2024,5,1
louisiana-lafayette,2024,4,1
louisiana-monroe,2024,4,1
marshall,2024,3,2
old_dominion,2024,1,4
south_alabama,2024,2,4
southern_mississippi,2024,1,4
texas_state,2024,3,2
troy,2024,1,5
