name,yr,pos,g,rec.,yards,avg.,td,rec./g,yards/g,team_name
Cade Harris,SR,WR,5,9,124,13.78,0,1.8,24.8,air_force
Quin Smith,JR,WR,5,6,86,14.33,0,1.2,17.2,air_force
Tre Roberson,JR,WR,5,3,71,23.67,1,0.6,14.2,air_force
Tylor Latham,JR,WR,4,3,42,14.00,0,0.8,10.5,air_force
Aiden Calvert,SR,RB,5,1,21,21.00,0,0.2,4.2,air_force
Reign Broadway,,WR,1,1,18,18.00,0,1.0,18.0,air_force
Bruin Fleischmann,JR,TE,5,1,7,7.00,0,0.2,1.4,air_force
Brandon Engel,SR,WR,4,1,6,6.00,0,0.3,1.5,air_force
Kade Frew,JR,RB,3,1,5,5.00,0,0.3,1.7,air_force
Adrian Norton,SO,WR,6,20,373,18.65,3,3.3,62.2,akron
Bobby Golden,JR,WR,6,15,239,15.93,1,2.5,39.8,akron
Jake Newell,SO,TE,6,27,185,6.85,2,4.5,30.8,akron
Charles Kellom,SO,RB,6,18,124,6.89,1,3.0,20.7,akron
Israel Polk,FR,WR,6,14,72,5.14,0,2.3,12.0,akron
Jordon Simmons,JR,RB,6,11,65,5.91,0,1.8,10.8,akron
Ahmarian Granger,JR,WR,6,5,46,9.20,0,0.8,7.7,akron
Conner Cravaack,SO,TE,6,5,31,6.20,0,0.8,5.2,akron
Jarvis Rush,JR,WR,5,5,21,4.20,0,1.0,4.2,akron
Ben Finley,JR,QB,6,1,5,5.00,0,0.2,0.8,akron
Paul Davis,SO,WR,5,1,2,2.00,0,0.2,0.4,akron
Tahj Bullock,JR,QB,6,4,2,0.50,0,0.7,0.3,akron
Ryan Williams,FR,WR,5,19,544,28.63,6,3.8,108.8,alabama
Germie Bernard,JR,WR,5,16,220,13.75,1,3.2,44.0,alabama
CJ Dippre,SR,TE,5,8,124,15.50,0,1.6,24.8,alabama
Kobe Prentice,JR,WR,5,8,107,13.38,1,1.6,21.4,alabama
Josh Cuevas,JR,TE,5,7,91,13.00,1,1.4,18.2,alabama
Emmanuel Henderson Jr.,JR,WR,5,3,54,18.00,0,0.6,10.8,alabama
Caleb Odom,FR,WR,5,5,45,9.00,0,1.0,9.0,alabama
Kendrick Law,JR,WR,4,2,41,20.50,1,0.5,10.3,alabama
Justice Haynes,SO,RB,5,8,38,4.75,0,1.6,7.6,alabama
Cole Adams,FR,WR,4,4,37,9.25,0,1.0,9.3,alabama
Jam Miller,JR,RB,5,4,37,9.25,1,0.8,7.4,alabama
Robbie Ouzts,SR,TE,5,3,18,6.00,0,0.6,3.6,alabama
Rico Scott,FR,WR,2,2,14,7.00,0,1.0,7.0,alabama
Kaedin Robinson,SR,WR,5,32,469,14.66,0,6.4,93.8,appalachian_state
Christan Horn,SR,WR,4,15,291,19.40,1,3.8,72.8,appalachian_state
Makai Jackson,JR,WR,5,21,225,10.71,2,4.2,45.0,appalachian_state
Dalton Stroman,JR,WR,4,9,156,17.33,3,2.3,39.0,appalachian_state
Eli Wilson,SR,TE,5,11,137,12.45,2,2.2,27.4,appalachian_state
Anderson Castle,JR,RB,5,11,62,5.64,0,2.2,12.4,appalachian_state
Maquel Haywood,SR,RB,5,5,52,10.40,0,1.0,10.4,appalachian_state
Kanye Roberts,SO,RB,5,5,46,9.20,0,1.0,9.2,appalachian_state
William Fowles,FR,WR,5,2,29,14.50,0,0.4,5.8,appalachian_state
Michael Hetzel,JR,WR,5,1,27,27.00,0,0.2,5.4,appalachian_state
David Larkins,JR,TE,5,3,11,3.67,0,0.6,2.2,appalachian_state
Ahmani Marshall,SR,RB,5,3,10,3.33,0,0.6,2.0,appalachian_state
Kanen Hamlett,SO,TE,5,1,8,8.00,0,0.2,1.6,appalachian_state
Tetairoa McMillan,JR,WR,5,37,664,17.95,4,7.4,132.8,arizona
Keyan Burnett,JR,TE,5,13,171,13.15,1,2.6,34.2,arizona
Montana Lemonious-Craig,SR,WR,5,12,129,10.75,0,2.4,25.8,arizona
Quali Conley,SR,RB,5,18,122,6.78,0,3.6,24.4,arizona
Devin Hyatt,FR,WR,5,3,77,25.67,0,0.6,15.4,arizona
Jeremiah Patterson,JR,WR,5,9,58,6.44,2,1.8,11.6,arizona
Rayshon Luke,JR,RB,4,6,52,8.67,0,1.5,13.0,arizona
Chris Hunter,SO,WR,5,3,33,11.00,0,0.6,6.6,arizona
Tyler Powell,SO,TE,4,3,25,8.33,0,0.8,6.3,arizona
Kedrick Reescano,SO,RB,5,2,14,7.00,0,0.4,2.8,arizona
Sam Olson,JR,TE,4,3,9,3.00,0,0.8,2.3,arizona
Malachi Riley,SO,WR,3,1,7,7.00,0,0.3,2.3,arizona
Jordyn Tyson,SO,WR,5,20,285,14.25,3,4.0,57.0,arizona_state
Cam Skattebo,SR,RB,5,15,209,13.93,0,3.0,41.8,arizona_state
Xavier Guillory,SR,WR,5,11,142,12.91,1,2.2,28.4,arizona_state
Chamon Metayer,JR,TE,5,12,132,11.00,2,2.4,26.4,arizona_state
Kyson Brown,SO,RB,5,5,96,19.20,1,1.0,19.2,arizona_state
Melquan Stovall,SR,WR,5,6,65,10.83,0,1.2,13.0,arizona_state
Jake Smith,SR,WR,5,4,51,12.75,0,0.8,10.2,arizona_state
Cameron Harpole,JR,TE,5,1,17,17.00,0,0.2,3.4,arizona_state
Clayton Smith,JR,DL,5,1,15,15.00,0,0.2,3.0,arizona_state
Raleek Brown,SO,RB,2,3,6,2.00,0,1.5,3.0,arizona_state
Troy Omeire,SR,WR,4,1,6,6.00,0,0.3,1.5,arizona_state
Markeston Douglas,JR,TE,5,1,3,3.00,0,0.2,0.6,arizona_state
Andrew Armstrong,SR,WR,5,38,552,14.53,0,7.6,110.4,arkansas
Isaiah Sategna,SO,WR,6,21,312,14.86,1,3.5,52.0,arkansas
Isaac TeSlaa,SR,WR,6,9,205,22.78,1,1.5,34.2,arkansas
Tyrone Broden,SR,WR,6,9,138,15.33,1,1.5,23.0,arkansas
Ja’Quinden Jackson,SR,RB,6,10,118,11.80,0,1.7,19.7,arkansas
Luke Hasz,SO,TE,6,8,109,13.63,1,1.3,18.2,arkansas
Jordan Anthony,SO,WR,6,5,57,11.40,0,0.8,9.5,arkansas
Khafre Brown,SR,WR,1,2,42,21.00,0,2.0,42.0,arkansas
Rashod Dubinion,JR,RB,2,3,32,10.67,0,1.5,16.0,arkansas
Rodney Hill,SO,RB,5,6,32,5.33,0,1.2,6.4,arkansas
Monte Harrison,FR,WR,5,2,29,14.50,0,0.4,5.8,arkansas
Krosse Johnson,FR,WR,2,2,25,12.50,0,1.0,12.5,arkansas
Ty Washington,SO,TE,6,2,25,12.50,1,0.3,4.2,arkansas
Shamar Easter,FR,TE,1,1,16,16.00,0,1.0,16.0,arkansas
Davion Dozier,FR,WR,1,1,13,13.00,0,1.0,13.0,arkansas
Braylen Russell,FR,RB,6,1,7,7.00,0,0.2,1.2,arkansas
Var’keyes Gumms,JR,TE,5,1,0,0.00,0,0.2,0.0,arkansas
Corey Rucker,JR,WR,5,25,437,17.48,2,5.0,87.4,arkansas_state
Reagan Ealy,SR,WR,5,13,178,13.69,0,2.6,35.6,arkansas_state
Courtney Jackson,SR,WR,5,16,169,10.56,0,3.2,33.8,arkansas_state
Hunter Summers,FR,WR,5,6,87,14.50,1,1.2,17.4,arkansas_state
Adam Jones,SR,WR,5,7,85,12.14,1,1.4,17.0,arkansas_state
Ja'Quez Cross,JR,RB,5,11,78,7.09,0,2.2,15.6,arkansas_state
Manny Stevenson Jr.,SR,TE,5,11,61,5.55,0,2.2,12.2,arkansas_state
Reginald Harden Jr.,JR,WR,5,3,52,17.33,2,0.6,10.4,arkansas_state
Miller McCrumby,JR,TE,4,5,40,8.00,0,1.3,10.0,arkansas_state
Zak Wallace,SR,RB,5,6,30,5.00,0,1.2,6.0,arkansas_state
Tyler Little,SO,TE,3,2,12,6.00,1,0.7,4.0,arkansas_state
Malik Hornsby,JR,WR,5,2,9,4.50,0,0.4,1.8,arkansas_state
Tennel Bryant,SO,WR,5,1,9,9.00,0,0.2,1.8,arkansas_state
Mike Sharpe II,JR,RB,4,1,5,5.00,0,0.3,1.3,arkansas_state
Devin Spencer,FR,RB,4,1,5,5.00,0,0.3,1.3,arkansas_state
Noah Short,JR,SB,5,7,201,28.71,3,1.4,40.2,army
Casey Reynolds,SR,WR,5,5,124,24.80,2,1.0,24.8,army
Cam Schurr,SR,WR,5,4,51,12.75,1,0.8,10.2,army
Hayden Reed,JR,RB,5,3,34,11.33,0,0.6,6.8,army
Will Montesi,SR,TE,5,1,20,20.00,0,0.2,4.0,army
Kavon Pointer,SO,WR,3,1,9,9.00,0,0.3,3.0,army
Samari Howard,SO,SB,5,1,7,7.00,0,0.2,1.4,army
David Clerk,SO,SB,4,1,4,4.00,0,0.3,1.0,army
Kanye Udoh,SO,RB,5,1,3,3.00,0,0.2,0.6,army
KeAndre Lambert-Smith,SR,WR,6,24,510,21.25,6,4.0,85.0,auburn
Malcolm Simmons,FR,WR,6,18,260,14.44,2,3.0,43.3,auburn
Cam Coleman,FR,WR,5,9,212,23.56,1,1.8,42.4,auburn
Rivaldo Fairweather,SR,TE,6,14,189,13.50,1,2.3,31.5,auburn
Perry Thompson,FR,WR,6,4,123,30.75,1,0.7,20.5,auburn
Robert Lewis,SR,WR,6,9,74,8.22,0,1.5,12.3,auburn
Sam Jackson V,JR,WR,6,2,63,31.50,1,0.3,10.5,auburn
Jarquez Hunter,SR,RB,6,7,62,8.86,1,1.2,10.3,auburn
Caleb Burton III,SO,WR,3,2,49,24.50,0,0.7,16.3,auburn
Camden Brown,JR,WR,6,5,44,8.80,1,0.8,7.3,auburn
Bryce Cain,FR,WR,2,2,33,16.50,0,1.0,16.5,auburn
Jeremiah Cobb,SO,RB,6,3,21,7.00,0,0.5,3.5,auburn
Brandon Frazier,SR,TE,3,1,16,16.00,0,0.3,5.3,auburn
Damari Alston,JR,RB,6,3,12,4.00,0,0.5,2.0,auburn
Luke Deal,SR,TE,6,2,3,1.50,1,0.3,0.5,auburn
Micah Riley,SO,TE,6,1,3,3.00,1,0.2,0.5,auburn
Tanner Koziol,JR,TE,5,38,391,10.29,3,7.6,78.2,ball_state
Braedon Sloan,SR,RB,5,17,201,11.82,1,3.4,40.2,ball_state
Cam Pickett,SO,WR,5,23,185,8.04,1,4.6,37.0,ball_state
Qian Magwood,JR,WR,5,14,145,10.36,2,2.8,29.0,ball_state
Malcolm Gillie,SR,WR,5,10,119,11.90,2,2.0,23.8,ball_state
Dahya Patel,SO,WR,5,4,50,12.50,0,0.8,10.0,ball_state
Ty Robinson,JR,WR,2,3,44,14.67,1,1.5,22.0,ball_state
Christian Abney,SO,TE,5,2,33,16.50,1,0.4,6.6,ball_state
Maximus Webster,SO,RB,1,1,9,9.00,0,1.0,9.0,ball_state
Christian Davis,FR,RB,4,1,3,3.00,0,0.3,0.8,ball_state
Drew Hughes,JR,DL,5,1,2,2.00,1,0.2,0.4,ball_state
Vaughn Pemberton,JR,RB,3,3,1,0.33,0,1.0,0.3,ball_state
Nick Munson,SO,WR,4,1,-3,-3.00,0,0.3,-0.8,ball_state
Kiael Kelly,JR,DB,5,3,-22,-7.33,0,0.6,-4.4,ball_state
Josh Cameron,JR,WR,6,18,277,15.39,4,3.0,46.2,baylor
Ashtyn Hawkins,SR,WR,6,14,203,14.50,2,2.3,33.8,baylor
Hal Presley,SR,WR,5,16,200,12.50,1,3.2,40.0,baylor
Michael Trigg,JR,TE,5,16,170,10.63,2,3.2,34.0,baylor
Ketron Jackson Jr.,SR,WR,6,9,165,18.33,2,1.5,27.5,baylor
Monaray Baldwin,SR,WR,6,9,109,12.11,1,1.5,18.2,baylor
Bryson Washington,FR,RB,4,10,97,9.70,0,2.5,24.3,baylor
Dawson Pendergrass,SO,RB,6,4,42,10.50,0,0.7,7.0,baylor
Jadon Porter,FR,WR,3,2,23,11.50,0,0.7,7.7,baylor
Matthew Klopfenstein,SO,TE,4,1,23,23.00,0,0.3,5.8,baylor
Dominic Richardson,SR,RB,4,1,19,19.00,0,0.3,4.8,baylor
Micah Gifford,SO,WR,6,1,19,19.00,0,0.2,3.2,baylor
Richard Reese,JR,RB,4,4,12,3.00,0,1.0,3.0,baylor
Jamaal Bell,SR,WR,6,2,6,3.00,0,0.3,1.0,baylor
Gavin Yates,SR,TE,6,1,6,6.00,0,0.2,1.0,baylor
Cameron Camper,SR,WR,5,18,330,18.33,4,3.6,66.0,boise_state
Matt Lauter,JR,TE,5,17,243,14.29,3,3.4,48.6,boise_state
Latrell Caples,SR,WR,4,12,156,13.00,0,3.0,39.0,boise_state
Chase Penry,JR,WR,4,10,120,12.00,0,2.5,30.0,boise_state
Prince Strachan,SO,WR,5,7,82,11.71,0,1.4,16.4,boise_state
Cameron Bates,FR,WR,5,5,46,9.20,0,1.0,9.2,boise_state
Sire Gaines,FR,RB,3,3,44,14.67,1,1.0,14.7,boise_state
Austin Bolt,SR,WR,5,6,35,5.83,2,1.2,7.0,boise_state
Austin Terry,SO,TE,5,2,35,17.50,0,0.4,7.0,boise_state
Dylan Riley,FR,RB,2,3,22,7.33,0,1.5,11.0,boise_state
Ashton Jeanty,JR,RB,5,6,19,3.17,0,1.2,3.8,boise_state
Chris Marshall,JR,WR,2,3,13,4.33,0,1.5,6.5,boise_state
Ben Ford,JR,WR,4,1,9,9.00,0,0.3,2.3,boise_state
Matt Wagner,FR,TE,4,1,9,9.00,0,0.3,2.3,boise_state
Tyler Crowe,SR,FB,5,1,7,7.00,0,0.2,1.4,boise_state
Jambres Dubar,SO,RB,2,1,6,6.00,0,0.5,3.0,boise_state
Kayden Chan,JR,WR,3,1,6,6.00,0,0.3,2.0,boise_state
Lewis Bond,JR,WR,6,30,358,11.93,2,5.0,59.7,boston_college
Jaedn Skeete,SO,WR,6,17,188,11.06,1,2.8,31.3,boston_college
Reed Harris,FR,WR,6,4,176,44.00,2,0.7,29.3,boston_college
Treshaun Ward,SR,RB,6,8,141,17.63,2,1.3,23.5,boston_college
Kamari Morales,SR,TE,6,10,133,13.30,3,1.7,22.2,boston_college
Jeremiah Franklin,JR,TE,6,7,76,10.86,0,1.2,12.7,boston_college
Jerand Bradley,JR,WR,6,5,68,13.60,2,0.8,11.3,boston_college
Luke McLaughlin,JR,WR,6,1,12,12.00,0,0.2,2.0,boston_college
Matt Ragan,SO,TE,1,1,11,11.00,0,1.0,11.0,boston_college
Kye Robichaux,SR,RB,6,2,10,5.00,1,0.3,1.7,boston_college
Johnathan Montague Jr.,FR,QB,2,1,1,1.00,0,0.5,0.5,boston_college
Jayden McGowan,JR,WR,6,2,0,0.00,0,0.3,0.0,boston_college
Harold Fannin Jr.,JR,TE,5,46,676,14.70,4,9.2,135.2,bowling_green
Malcolm Johnson Jr.,SR,WR,5,22,203,9.23,1,4.4,40.6,bowling_green
Jamal Johnson,SR,RB,5,13,107,8.23,0,2.6,21.4,bowling_green
Finn Hogan,JR,WR,5,10,91,9.10,0,2.0,18.2,bowling_green
Rahkeem Smith,JR,WR,5,5,67,13.40,0,1.0,13.4,bowling_green
Jaison Patterson,SR,RB,5,6,60,10.00,0,1.2,12.0,bowling_green
Levi Gazarek,SR,TE,5,3,23,7.67,0,0.6,4.6,bowling_green
Justin Pegues,JR,RB,5,5,16,3.20,0,1.0,3.2,bowling_green
Jacob Harris,FR,TE,4,1,3,3.00,0,0.3,0.8,bowling_green
Elijah Boyd,JR,TE,5,1,3,3.00,0,0.2,0.6,bowling_green
Victor Snow,SO,WR,5,14,189,13.50,1,2.8,37.8,buffalo
JJ Jenkins,SR,WR,5,9,103,11.44,1,1.8,20.6,buffalo
Taji Johnson,SR,WR,5,7,85,12.14,1,1.4,17.0,buffalo
Nik McMillan,SO,WR,2,5,76,15.20,1,2.5,38.0,buffalo
Javien Cuff,SR,WR,5,5,52,10.40,0,1.0,10.4,buffalo
Jake Orlando,SR,TE,4,2,34,17.00,0,0.5,8.5,buffalo
Messiah Burch,FR,RB,5,3,31,10.33,0,0.6,6.2,buffalo
Qua Sanders,SR,WR,5,2,26,13.00,0,0.4,5.2,buffalo
Lamar Sperling,FR,RB,4,2,16,8.00,0,0.5,4.0,buffalo
Tadd Barr,SR,WR,5,2,15,7.50,0,0.4,3.0,buffalo
Ryan Daly,SO,TE,3,1,13,13.00,0,0.3,4.3,buffalo
Jacqez Barksdale,SR,RB,5,3,10,3.33,0,0.6,2.0,buffalo
Andrew Schnackenberg,SR,TE,5,1,9,9.00,0,0.2,1.8,buffalo
Al-Jay Henderson,JR,RB,5,3,7,2.33,0,0.6,1.4,buffalo
"Mark-Anthony Scott, Jr.",SO,RB,4,1,-1,-1.00,0,0.3,-0.3,buffalo
Chase Roberts,JR,WR,5,21,336,16.00,2,4.2,67.2,byu
Darius Lassiter,SR,WR,4,16,235,14.69,3,4.0,58.8,byu
Keelan Marion,JR,WR,5,8,122,15.25,0,1.6,24.4,byu
Jojo Phillips,FR,WR,5,5,93,18.60,1,1.0,18.6,byu
Keanu Hill,SR,TE,5,7,71,10.14,1,1.4,14.2,byu
Miles Davis,JR,RB,5,5,68,13.60,1,1.0,13.6,byu
Parker Kingston,SO,WR,5,3,66,22.00,0,0.6,13.2,byu
Mata'ava Ta'ase,SR,TE,5,3,61,20.33,2,0.6,12.2,byu
Kody Epps,JR,WR,5,8,54,6.75,1,1.6,10.8,byu
Pokaiaua Haunga,FR,RB,3,4,44,11.00,0,1.3,14.7,byu
Ryner Swanson,FR,TE,5,4,35,8.75,0,0.8,7.0,byu
Sione I Moa,FR,RB,4,4,26,6.50,0,1.0,6.5,byu
Cody Hagen,FR,WR,5,2,13,6.50,0,0.4,2.6,byu
LJ Martin,SO,RB,2,1,7,7.00,1,0.5,3.5,byu
Hinckley Ropati,SR,RB,2,1,3,3.00,0,0.5,1.5,byu
Enoch Nawahine,JR,RB,4,1,1,1.00,0,0.3,0.3,byu
Nyziah Hunter,FR,WR,5,15,185,12.33,4,3.0,37.0,california
Jack Endries,SO,TE,5,11,146,13.27,1,2.2,29.2,california
Corey Dyches,SR,TE,5,11,139,12.64,1,2.2,27.8,california
Trond Grizzell,JR,WR,5,8,127,15.88,0,1.6,25.4,california
Jaydn Ott,JR,RB,4,11,115,10.45,1,2.8,28.8,california
Mason Starling,JR,WR,4,8,110,13.75,0,2.0,27.5,california
Mikey Matthews,SO,WR,5,9,103,11.44,0,1.8,20.6,california
Jonathan Brady,JR,WR,5,8,100,12.50,0,1.6,20.0,california
Mavin Anderson,JR,WR,5,10,75,7.50,0,2.0,15.0,california
Jaivian Thomas,SO,RB,5,4,74,18.50,0,0.8,14.8,california
Josiah Martin,FR,WR,2,2,29,14.50,0,1.0,14.5,california
Jordan King,SO,WR,3,1,7,7.00,0,0.3,2.3,california
Evan Boyd,FR,WR,5,17,253,14.88,1,3.4,50.6,central_michigan
Chris Parker,JR,WR,5,15,223,14.87,3,3.0,44.6,central_michigan
Solomon Davis,SR,WR,5,10,158,15.80,2,2.0,31.6,central_michigan
Gavin Harris,SO,TE,5,10,148,14.80,1,2.0,29.6,central_michigan
Jesse Prewitt III,SR,WR,5,11,97,8.82,0,2.2,19.4,central_michigan
"Stephan Bracey, Jr.",JR,WR,2,5,75,15.00,0,2.5,37.5,central_michigan
Marion Lukes,SR,RB,4,6,70,11.67,1,1.5,17.5,central_michigan
Jordyn Williams,JR,WR,4,6,65,10.83,0,1.5,16.3,central_michigan
B.J. Harris,SR,RB,5,5,37,7.40,0,1.0,7.4,central_michigan
Myles Bailey,SR,RB,4,5,35,7.00,0,1.3,8.8,central_michigan
Justin Whiteside,SR,LB,5,1,23,23.00,0,0.2,4.6,central_michigan
DeCorion Temple,SO,TE,5,3,18,6.00,0,0.6,3.6,central_michigan
Nathan VanTimmeren,FR,TE,4,2,16,8.00,0,0.5,4.0,central_michigan
Nahree Biggins,JR,RB,4,3,7,2.33,0,0.8,1.8,central_michigan
Jairus Mack,JR,WR,6,14,295,21.07,0,2.3,49.2,charlotte
O'Mega Blake,JR,WR,6,14,271,19.36,3,2.3,45.2,charlotte
Sean Brown,SR,WR,6,20,213,10.65,1,3.3,35.5,charlotte
Colin Weber,JR,TE,6,18,174,9.67,0,3.0,29.0,charlotte
Bryce Kennon,SR,TE,6,13,127,9.77,1,2.2,21.2,charlotte
Isaiah Myers,SO,WR,6,6,107,17.83,2,1.0,17.8,charlotte
Henry Rutledge,JR,RB,6,9,76,8.44,1,1.5,12.7,charlotte
Hahsaun Wilson,JR,RB,6,4,42,10.50,0,0.7,7.0,charlotte
Justin Olson,SR,WR,2,2,35,17.50,0,1.0,17.5,charlotte
Terez Traynor,SR,WR,6,2,18,9.00,0,0.3,3.0,charlotte
Duane Thomas Jr.,SO,WR,2,1,11,11.00,0,0.5,5.5,charlotte
Terron Kellman,SO,RB,4,1,8,8.00,0,0.3,2.0,charlotte
Adam Hopkins IV,FR,WR,5,2,8,4.00,0,0.4,1.6,charlotte
CJ Stokes,SO,RB,3,1,6,6.00,0,0.3,2.0,charlotte
Jack Reynolds,JR,WR,4,1,6,6.00,0,0.3,1.5,charlotte
Cartevious Norton,JR,RB,6,1,4,4.00,0,0.2,0.7,charlotte
Jake Clemons,SR,TE,6,2,-1,-0.50,0,0.3,-0.2,charlotte
Xzavier Henderson,SR,WR,5,32,453,14.16,4,6.4,90.6,cincinnati
Joe Royer,JR,TE,5,20,262,13.10,2,4.0,52.4,cincinnati
Jamoi Mayes,SR,WR,5,12,170,14.17,1,2.4,34.0,cincinnati
Sterling Berkhalter,JR,WR,5,8,162,20.25,1,1.6,32.4,cincinnati
Tony Johnson,JR,WR,5,12,127,10.58,2,2.4,25.4,cincinnati
Manny Covey,FR,RB,5,7,107,15.29,2,1.4,21.4,cincinnati
Aaron Turner,SR,WR,5,5,85,17.00,0,1.0,17.0,cincinnati
Corey Kiner,SR,RB,5,4,37,9.25,0,0.8,7.4,cincinnati
Tyrin Smith,SR,WR,4,4,32,8.00,0,1.0,8.0,cincinnati
Evan Pryor,JR,RB,5,2,29,14.50,0,0.4,5.8,cincinnati
Francis Sherman,SR,TE,4,1,14,14.00,0,0.3,3.5,cincinnati
Joey Beljan,SR,TE,1,1,10,10.00,0,1.0,10.0,cincinnati
Barry Jackson Jr.,FR,WR,3,2,10,5.00,0,0.7,3.3,cincinnati
Devyn Zahursky,FR,TE,3,1,7,7.00,0,0.3,2.3,cincinnati
Antonio Williams,SO,WR,5,19,280,14.74,4,3.8,56.0,clemson
"Bryant Wesco, Jr.",FR,WR,5,11,262,23.82,2,2.2,52.4,clemson
Jake Briningstool,SR,TE,5,17,185,10.88,3,3.4,37.0,clemson
T.J. Moore,FR,WR,5,8,144,18.00,2,1.6,28.8,clemson
Cole Turner,SO,WR,5,9,124,13.78,1,1.8,24.8,clemson
Adam Randall,JR,WR,3,9,100,11.11,1,3.0,33.3,clemson
Troy Stellato,JR,WR,4,7,77,11.00,0,1.8,19.3,clemson
Josh Sapp,SO,TE,5,3,46,15.33,0,0.6,9.2,clemson
Olsen Patt-Henry,SO,TE,4,4,41,10.25,1,1.0,10.3,clemson
Tyler Brown,SO,WR,4,5,30,6.00,0,1.3,7.5,clemson
Jay Haynes,FR,RB,5,4,27,6.75,0,0.8,5.4,clemson
Phil Mafah,SR,RB,5,6,17,2.83,0,1.2,3.4,clemson
Noble Johnson,FR,WR,4,1,5,5.00,0,0.3,1.3,clemson
Jackson Crosby,JR,WR,3,1,4,4.00,0,0.3,1.3,clemson
Clay Swinney,SO,WR,5,1,4,4.00,0,0.2,0.8,clemson
Jameson Tucker,JR,WR,5,13,259,19.92,2,2.6,51.8,coastal_carolina
Cameron Wright,JR,WR,5,12,242,20.17,2,2.4,48.4,coastal_carolina
Tray Taylor,JR,WR,5,12,204,17.00,1,2.4,40.8,coastal_carolina
Malick Meiga,SR,WR,5,6,111,18.50,0,1.2,22.2,coastal_carolina
Kendall Karr,SR,TE,5,4,111,27.75,0,0.8,22.2,coastal_carolina
Senika McKie,SR,WR,5,6,98,16.33,1,1.2,19.6,coastal_carolina
Bryson Graves,SO,WR,5,7,58,8.29,1,1.4,11.6,coastal_carolina
Cane Berrong,JR,TE,5,5,49,9.80,1,1.0,9.8,coastal_carolina
Braydon Bennett,SR,RB,3,2,42,21.00,1,0.7,14.0,coastal_carolina
Kyre Duplessis,SR,WR,5,2,15,7.50,0,0.4,3.0,coastal_carolina
Christian Washington,SO,RB,5,3,12,4.00,0,0.6,2.4,coastal_carolina
Zach Courtney,SO,TE,5,1,8,8.00,0,0.2,1.6,coastal_carolina
Travis Hunter,JR,ATH,5,46,561,12.20,6,9.2,112.2,colorado
Jimmy Horn Jr.,SR,WR,5,23,327,14.22,1,4.6,65.4,colorado
LaJohntay Wester,SR,WR,5,21,260,12.38,5,4.2,52.0,colorado
Will Sheppard,SR,WR,5,17,247,14.53,1,3.4,49.4,colorado
Omarion Miller,SO,WR,5,2,71,35.50,1,0.4,14.2,colorado
Dallan Hayden,SO,RB,3,3,41,13.67,0,1.0,13.7,colorado
Drelon Miller,FR,WR,5,8,33,4.13,0,1.6,6.6,colorado
Sav’ell Smalls,JR,TE,5,4,31,7.75,0,0.8,6.2,colorado
Micah Welch,FR,RB,4,5,21,4.20,0,1.3,5.3,colorado
Terrell Timmons Jr.,JR,WR,5,3,16,5.33,0,0.6,3.2,colorado
Charlie Offerdahl,JR,RB,5,3,12,4.00,0,0.6,2.4,colorado
Isaiah Augustave,SO,RB,4,2,11,5.50,0,0.5,2.8,colorado
Sam Hart,SR,TE,4,1,-1,-1.00,0,0.3,-0.3,colorado
Tory Horton,SR,WR,4,19,278,14.63,1,4.8,69.5,colorado_state
Jamari Person,SO,WR,5,15,119,7.93,0,3.0,23.8,colorado_state
Caleb Goodie,SO,WR,5,9,108,12.00,2,1.8,21.6,colorado_state
Vince Brown II,SR,TE,5,8,84,10.50,0,1.6,16.8,colorado_state
Armani Winfield,SO,WR,5,9,70,7.78,1,1.8,14.0,colorado_state
Dylan Goffney,SR,WR,4,6,57,9.50,0,1.5,14.3,colorado_state
Jordan Ross,FR,WR,5,2,43,21.50,0,0.4,8.6,colorado_state
Avery Morrow,SR,RB,5,5,40,8.00,0,1.0,8.0,colorado_state
Justin Marshall,FR,RB,5,5,34,6.80,0,1.0,6.8,colorado_state
Dane Olson,SR,WR,5,2,21,10.50,0,0.4,4.2,colorado_state
Damian Henderson II,FR,RB,1,2,13,6.50,0,2.0,13.0,colorado_state
Peter Montini,SR,TE,5,2,5,2.50,0,0.4,1.0,colorado_state
Keegan Holles,SO,RB,3,1,4,4.00,0,0.3,1.3,colorado_state
Kobe Johnson,SR,RB,5,2,4,2.00,0,0.4,0.8,colorado_state
Skyler Bell,JR,WR,6,22,508,23.09,4,3.7,84.7,connecticut
TJ Sheffield,SR,WR,6,24,260,10.83,2,4.0,43.3,connecticut
Cam Edwards,SO,RB,6,6,105,17.50,1,1.0,17.5,connecticut
Jasaiah Gathings,JR,WR,6,11,99,9.00,0,1.8,16.5,connecticut
Shamar Porter,FR,WR,5,4,92,23.00,2,0.8,18.4,connecticut
Ezeriah Anderson,SR,WR,5,4,79,19.75,1,0.8,15.8,connecticut
Brett Buckman,SR,WR,6,4,55,13.75,0,0.7,9.2,connecticut
Louis Hansen,JR,TE,6,8,54,6.75,0,1.3,9.0,connecticut
Alex Honig,JR,TE,6,4,49,12.25,2,0.7,8.2,connecticut
Mel Brown,JR,RB,6,3,39,13.00,1,0.5,6.5,connecticut
Victor Rosa,JR,RB,2,2,16,8.00,0,1.0,8.0,connecticut
Durell Robinson,FR,RB,6,6,15,2.50,0,1.0,2.5,connecticut
Jackson Harper,FR,WR,3,1,5,5.00,0,0.3,1.7,connecticut
Jordan Moore,SR,WR,6,30,443,14.77,3,5.0,73.8,duke
Eli Pancol,SR,WR,6,23,294,12.78,5,3.8,49.0,duke
Sahmir Hagans,JR,WR,6,16,179,11.19,1,2.7,29.8,duke
Nicky Dalmolin,SR,TE,6,11,167,15.18,2,1.8,27.8,duke
Que'Sean Brown,FR,WR,6,18,126,7.00,1,3.0,21.0,duke
Star Thomas,SR,RB,6,8,93,11.63,1,1.3,15.5,duke
Jontavis Robertson,SR,WR,6,7,50,7.14,0,1.2,8.3,duke
Javon Harvey,SR,WR,6,5,46,9.20,0,0.8,7.7,duke
Peyton Jones,SO,RB,6,2,22,11.00,0,0.3,3.7,duke
Jeremiah Hasley,SO,TE,2,3,11,3.67,1,1.5,5.5,duke
Jaquez Moore,SR,RB,3,1,5,5.00,0,0.3,1.7,duke
Chase Tyler,FR,WR,1,1,1,1.00,0,1.0,1.0,duke
Quran Boyd,FR,RB,5,1,1,1.00,0,0.2,0.2,duke
Chase Sowell,SO,WR,5,19,298,15.68,0,3.8,59.6,east_carolina
Anthony Smith,SR,WR,6,18,284,15.78,2,3.0,47.3,east_carolina
Winston Wright Jr.,SR,WR,6,25,280,11.20,2,4.2,46.7,east_carolina
Tyler Savage,SR,TE,6,10,130,13.00,1,1.7,21.7,east_carolina
Casey Kelly,SR,TE,6,13,113,8.69,1,2.2,18.8,east_carolina
Yannick Smith,FR,WR,6,6,113,18.83,0,1.0,18.8,east_carolina
Jhari Patterson,SR,WR,6,10,103,10.30,0,1.7,17.2,east_carolina
Brock Spalding,SO,WR,6,5,71,14.20,0,0.8,11.8,east_carolina
Desirrio Riles,SO,TE,6,4,64,16.00,2,0.7,10.7,east_carolina
Marlon Gunn Jr.,JR,RB,6,1,29,29.00,0,0.2,4.8,east_carolina
Rahjai Harris,SR,RB,6,6,27,4.50,0,1.0,4.5,east_carolina
Kerry King,JR,WR,6,1,20,20.00,0,0.2,3.3,east_carolina
Kelan Robinson,JR,WR,5,2,17,8.50,0,0.4,3.4,east_carolina
London Montgomery,FR,RB,4,3,11,3.67,0,0.8,2.8,east_carolina
Oran Singleton,JR,WR,5,31,311,10.03,2,6.2,62.2,eastern_michigan
Terry Lockett Jr.,SR,WR,5,22,230,10.45,0,4.4,46.0,eastern_michigan
Markus Allen,JR,WR,4,12,158,13.17,0,3.0,39.5,eastern_michigan
Zyell Griffin,SR,WR,5,5,144,28.80,1,1.0,28.8,eastern_michigan
Max Reese,JR,TE,5,12,116,9.67,2,2.4,23.2,eastern_michigan
Delbert Mimms III,SR,RB,5,3,35,11.67,0,0.6,7.0,eastern_michigan
Jere Getzinger,SR,TE,4,5,33,6.60,0,1.3,8.3,eastern_michigan
Elijah Jackson-Anderson,JR,RB,5,1,24,24.00,1,0.2,4.8,eastern_michigan
Quinn Fracassi,SO,WR,5,3,9,3.00,0,0.6,1.8,eastern_michigan
Joey Mattord,SO,RB,3,1,8,8.00,0,0.3,2.7,eastern_michigan
Isaac Smith,SR,WR,1,1,7,7.00,0,1.0,7.0,eastern_michigan
Adam Rammouni,JR,WR,1,1,5,5.00,0,1.0,5.0,eastern_michigan
Dontae McMillan,SR,RB,2,2,1,0.50,0,1.0,0.5,eastern_michigan
Blake Daniels,SR,TE,3,1,0,0.00,0,0.3,0.0,eastern_michigan
Elijhah Badger,SR,WR,5,17,346,20.35,2,3.4,69.2,florida
Chimere Dike,SR,WR,5,15,277,18.47,1,3.0,55.4,florida
Eugene Wilson III,SO,WR,2,13,191,14.69,1,6.5,95.5,florida
Hayden Hansen,SO,TE,5,6,105,17.50,1,1.2,21.0,florida
Tank Hawkins,FR,WR,3,8,96,12.00,1,2.7,32.0,florida
Aidan Mizell,FR,WR,4,6,77,12.83,1,1.5,19.3,florida
Arlis Boardingham,SO,TE,5,10,68,6.80,1,2.0,13.6,florida
Montrell Johnson Jr.,SR,RB,5,12,56,4.67,0,2.4,11.2,florida
Marcus Burke,JR,WR,5,3,45,15.00,1,0.6,9.0,florida
Tony Livingston,SO,TE,4,5,29,5.80,0,1.3,7.3,florida
Ja'Kobi Jackson,JR,RB,5,2,27,13.50,0,0.4,5.4,florida
Kahleil Jackson,JR,WR,1,1,13,13.00,0,1.0,13.0,florida
Jackson Wade,FR,WR,1,1,10,10.00,0,1.0,10.0,florida
TJ Abrams,FR,WR,4,1,3,3.00,0,0.3,0.8,florida
Omari Hayes,SO,WR,5,19,282,14.84,1,3.8,56.4,florida_atlantic
CJ Campbell Jr.,JR,RB,5,10,97,9.70,0,2.0,19.4,florida_atlantic
Marlyn Johnson,SR,WR,5,8,69,8.63,0,1.6,13.8,florida_atlantic
Milan Tucker,SR,WR,5,7,47,6.71,0,1.4,9.4,florida_atlantic
Joseph Young,JR,WR,3,2,41,20.50,0,0.7,13.7,florida_atlantic
Zuberi Mobley,JR,RB,5,6,39,6.50,0,1.2,7.8,florida_atlantic
Jayshon Platt,JR,WR,4,4,38,9.50,1,1.0,9.5,florida_atlantic
Dominique Henry,SO,WR,5,3,38,12.67,0,0.6,7.6,florida_atlantic
Wyatt Sullivan,SO,TE,5,4,36,9.00,0,0.8,7.2,florida_atlantic
Caleb Coombs,JR,WR,4,3,35,11.67,0,0.8,8.8,florida_atlantic
George Johnson III,SR,WR,5,5,35,7.00,0,1.0,7.0,florida_atlantic
Jabari Smith,FR,WR,3,1,26,26.00,0,0.3,8.7,florida_atlantic
"Leon Washington, Jr.",FR,WR,2,2,18,9.00,0,1.0,9.0,florida_atlantic
Jett Coolman,JR,WR,2,1,9,9.00,0,0.5,4.5,florida_atlantic
Zeke Moore,SO,TE,3,2,4,2.00,0,0.7,1.3,florida_atlantic
Eric Rivers,JR,WR,6,24,448,18.67,3,4.0,74.7,florida_international
Dean Patterson,JR,WR,6,27,349,12.93,2,4.5,58.2,florida_international
Nazeviah Burris,SR,WR,6,14,139,9.93,1,2.3,23.2,florida_international
Josiah Miamen,SR,TE,5,10,120,12.00,0,2.0,24.0,florida_international
Juju Lewis,SO,WR,4,5,93,18.60,2,1.3,23.3,florida_international
Kejon Owens,JR,RB,6,6,64,10.67,0,1.0,10.7,florida_international
Desna Washington,SR,WR,4,4,51,12.75,0,1.0,12.8,florida_international
Antonio Ferguson,FR,TE,6,3,26,8.67,0,0.5,4.3,florida_international
Rocky Beers,JR,TE,1,4,18,4.50,1,4.0,18.0,florida_international
Lexington Joseph,SR,RB,6,6,18,3.00,0,1.0,3.0,florida_international
Ross Fournet,JR,WR,6,3,16,5.33,0,0.5,2.7,florida_international
C'Quan Jnopierre,SR,WR,5,4,15,3.75,0,0.8,3.0,florida_international
Shomari Lawrence,JR,RB,4,1,1,1.00,0,0.3,0.3,florida_international
Ja’Khi Douglas,SR,WR,6,18,306,17.00,2,3.0,51.0,florida_state
Malik Benson,SR,WR,6,18,224,12.44,0,3.0,37.3,florida_state
Kentron Poitier,SR,WR,6,9,138,15.33,2,1.5,23.0,florida_state
Kyle Morlock,SR,TE,6,8,107,13.38,0,1.3,17.8,florida_state
Hykeem Williams,SO,WR,4,10,102,10.20,0,2.5,25.5,florida_state
Landen Thomas,FR,TE,6,8,100,12.50,1,1.3,16.7,florida_state
Lawrance Toafili,SR,RB,6,13,78,6.00,0,2.2,13.0,florida_state
Jalen Brown,FR,WR,5,8,75,9.38,0,1.6,15.0,florida_state
Darion Williamson,SR,WR,6,3,50,16.67,0,0.5,8.3,florida_state
Roydell Williams,SR,RB,3,5,46,9.20,0,1.7,15.3,florida_state
Jaylin Lucas,JR,RB,2,3,39,13.00,0,1.5,19.5,florida_state
Amaree Williams,FR,TE,2,1,13,13.00,1,0.5,6.5,florida_state
Kam Davis,FR,RB,6,1,7,7.00,0,0.2,1.2,florida_state
Deuce Spann,SR,WR,4,1,5,5.00,0,0.3,1.3,florida_state
Brian Courtney,JR,TE,6,1,3,3.00,0,0.2,0.5,florida_state
Mac Dalena,SR,WR,5,22,501,22.77,4,4.4,100.2,fresno_state
Jalen Moss,SO,WR,5,21,319,15.19,0,4.2,63.8,fresno_state
Raylen Sharpe,JR,WR,5,25,249,9.96,1,5.0,49.8,fresno_state
Kamron Beachem,JR,TE,5,7,86,12.29,1,1.4,17.2,fresno_state
Josiah Freeman,JR,WR,3,6,56,9.33,1,2.0,18.7,fresno_state
Elijah Gilliam,SR,RB,5,9,44,4.89,0,1.8,8.8,fresno_state
Malik Sherrod,SR,RB,4,8,38,4.75,0,2.0,9.5,fresno_state
Nathan Acevedo,SO,WR,5,5,38,7.60,0,1.0,7.6,fresno_state
Jake Boust,SR,TE,5,3,20,6.67,0,0.6,4.0,fresno_state
Johnathan Arceneaux,JR,RB,3,1,15,15.00,0,0.3,5.0,fresno_state
Jordan Brown,SR,WR,4,2,13,6.50,0,0.5,3.3,fresno_state
Richie Anderson,FR,TE,5,2,10,5.00,0,0.4,2.0,fresno_state
Lyndon Ravare,SO,WR,3,1,6,6.00,0,0.3,2.0,fresno_state
Bryson Donelson,FR,RB,4,1,6,6.00,0,0.3,1.5,fresno_state
Chedon James,JR,WR,1,1,3,3.00,0,1.0,3.0,fresno_state
Tyler Mello,SR,LB,5,1,1,1.00,1,0.2,0.2,fresno_state
Arian Smith,SR,WR,5,18,278,15.44,2,3.6,55.6,georgia
Dominic Lovett,SR,WR,5,22,252,11.45,2,4.4,50.4,georgia
Dillon Bell,JR,WR,5,18,216,12.00,3,3.6,43.2,georgia
Colbie Young,SR,WR,5,11,149,13.55,2,2.2,29.8,georgia
Lawson Luckie,SO,TE,5,7,135,19.29,2,1.4,27.0,georgia
London Humphreys,SO,WR,4,4,103,25.75,1,1.0,25.8,georgia
Trevor Etienne,JR,RB,4,11,72,6.55,0,2.8,18.0,georgia
Cash Jones,JR,RB,5,4,61,15.25,0,0.8,12.2,georgia
Anthony Evans III,SO,WR,5,3,39,13.00,0,0.6,7.8,georgia
Branson Robinson,SO,RB,5,5,28,5.60,0,1.0,5.6,georgia
Oscar Delp,JR,TE,5,3,25,8.33,0,0.6,5.0,georgia
Sacovie White,FR,WR,1,2,22,11.00,0,2.0,22.0,georgia
Nate Frazier,FR,RB,4,2,19,9.50,0,0.5,4.8,georgia
Cole Speer,JR,WR,5,2,17,8.50,0,0.4,3.4,georgia
Michael Jackson III,SR,WR,1,1,10,10.00,0,1.0,10.0,georgia
Nitro Tuggle,FR,WR,1,1,9,9.00,0,1.0,9.0,georgia
"Dwight Phillips, Jr.",FR,RB,1,1,9,9.00,0,1.0,9.0,georgia
Jaden Reddell,FR,TE,2,1,5,5.00,0,0.5,2.5,georgia
Derwin Burgess Jr.,SR,WR,5,19,245,12.89,1,3.8,49.0,georgia_southern
Dalen Cobb,JR,WR,5,20,219,10.95,2,4.0,43.8,georgia_southern
Josh Dallas,SO,WR,5,16,191,11.94,1,3.2,38.2,georgia_southern
LV Bunkley-Shelton,SR,WR,5,10,97,9.70,0,2.0,19.4,georgia_southern
Tyler Fromm,SR,TE,5,10,91,9.10,1,2.0,18.2,georgia_southern
Joshua Thompson,JR,WR,5,3,74,24.67,1,0.6,14.8,georgia_southern
OJ Arnold,JR,RB,5,10,59,5.90,1,2.0,11.8,georgia_southern
DeAndre Buchannon,SO,WR,5,5,54,10.80,0,1.0,10.8,georgia_southern
Beau Johnson,SR,TE,5,5,32,6.40,1,1.0,6.4,georgia_southern
Jalen White,SR,RB,5,12,31,2.58,0,2.4,6.2,georgia_southern
Taylor Bradshaw,FR,WR,5,1,31,31.00,0,0.2,6.2,georgia_southern
Marcus Sanders Jr.,JR,WR,4,3,30,10.00,0,0.8,7.5,georgia_southern
Sam Kenerson,SR,WR,4,1,16,16.00,0,0.3,4.0,georgia_southern
Ted Hurst,JR,WR,4,19,349,18.37,4,4.8,87.3,georgia_state
Dorian Fleming,SO,TE,4,16,203,12.69,2,4.0,50.8,georgia_state
Tailique Williams,SR,WR,4,16,165,10.31,0,4.0,41.3,georgia_state
DJ Riles,SO,WR,4,11,93,8.45,0,2.8,23.3,georgia_state
Petey Tucker,JR,WR,4,7,77,11.00,0,1.8,19.3,georgia_state
Michel Dukes,SR,RB,4,10,60,6.00,0,2.5,15.0,georgia_state
Jordan Ford,SR,RB,4,4,38,9.50,1,1.0,9.5,georgia_state
Freddie Brock,JR,RB,4,5,30,6.00,0,1.3,7.5,georgia_state
Rykem Laney,SR,WR,4,2,29,14.50,1,0.5,7.3,georgia_state
Ja'Cyais Credle,SR,WR,4,2,21,10.50,0,0.5,5.3,georgia_state
Josiah Robinson,SO,ILB,4,1,5,5.00,0,0.3,1.3,georgia_state
Sy'veon Wilkerson,SR,RB,4,1,3,3.00,0,0.3,0.8,georgia_state
Malik Rutherford,JR,WR,6,37,474,12.81,2,6.2,79.0,georgia_tech
"Eric Singleton, Jr.",SO,WR,6,27,380,14.07,2,4.5,63.3,georgia_tech
Avery Boyd,SR,TE,6,12,161,13.42,2,2.0,26.8,georgia_tech
Chase Lane,SR,WR,6,13,159,12.23,1,2.2,26.5,georgia_tech
Jackson Hawes,SR,TE,6,6,77,12.83,0,1.0,12.8,georgia_tech
Jamal Haynes,JR,RB,6,14,76,5.43,1,2.3,12.7,georgia_tech
Bailey Stockton,FR,WR,6,6,68,11.33,0,1.0,11.3,georgia_tech
Chris Elko,FR,WR,2,1,41,41.00,0,0.5,20.5,georgia_tech
Christian Leary,SR,WR,4,3,27,9.00,0,0.8,6.8,georgia_tech
Ryland Goede,SR,TE,6,3,27,9.00,0,0.5,4.5,georgia_tech
Leo Blackburn,JR,WR,6,1,24,24.00,1,0.2,4.0,georgia_tech
Trelain Maddox,FR,RB,2,1,9,9.00,0,0.5,4.5,georgia_tech
Luke Harpring,FR,TE,2,1,7,7.00,0,0.5,3.5,georgia_tech
Josh Beetham,JR,TE,5,1,6,6.00,0,0.2,1.2,georgia_tech
Isiah Canion,FR,WR,3,1,4,4.00,0,0.3,1.3,georgia_tech
Anthony Carrie,FR,RB,4,3,4,1.33,0,0.8,1.0,georgia_tech
Chad Alexander,SO,RB,4,1,2,2.00,0,0.3,0.5,georgia_tech
"Abdul Janneh, Jr.",SR,WR,6,1,1,1.00,0,0.2,0.2,georgia_tech
Pofele Ashlock,SO,WR,5,40,428,10.70,4,8.0,85.6,hawai'i
Dekel Crowdus,JR,WR,5,11,216,19.64,1,2.2,43.2,hawai'i
Nick Cenacle,JR,WR,5,22,209,9.50,3,4.4,41.8,hawai'i
Jonah Panoke,SR,WR,5,8,84,10.50,1,1.6,16.8,hawai'i
Tylan Hines,SO,WR,5,11,76,6.91,1,2.2,15.2,hawai'i
Alex Perry,SO,WR,5,8,75,9.38,0,1.6,15.0,hawai'i
Landon Sims,JR,RB,5,8,70,8.75,0,1.6,14.0,hawai'i
Spencer Curtis,SR,WR,5,7,63,9.00,0,1.4,12.6,hawai'i
Cam Barfield,SO,RB,4,3,37,12.33,0,0.8,9.3,hawai'i
Karsyn Pupunu,SR,WR,5,2,33,16.50,0,0.4,6.6,hawai'i
Tamatoa Mokiao-Atimalala,SR,WR,4,2,30,15.00,1,0.5,7.5,hawai'i
Koali Nishigaya,SR,WR,4,2,13,6.50,0,0.5,3.3,hawai'i
David Cordero,JR,RB,5,1,-1,-1.00,0,0.2,-0.2,hawai'i
Stephon Johnson,JR,WR,6,18,202,11.22,1,3.0,33.7,houston
Joseph Manjack IV,JR,WR,5,12,167,13.92,2,2.4,33.4,houston
Maliq Carr,SR,TE,6,10,121,12.10,0,1.7,20.2,houston
Mekhi Mews,JR,WR,6,14,119,8.50,0,2.3,19.8,houston
Re’Shaun Sanford II,FR,RB,6,8,96,12.00,0,1.3,16.0,houston
Jonah Wilson,FR,WR,6,7,50,7.14,0,1.2,8.3,houston
Devan Williams,SO,WR,6,5,46,9.20,1,0.8,7.7,houston
Marquis Shoulders,JR,WR,3,5,43,8.60,0,1.7,14.3,houston
Jayden York,JR,TE,6,5,31,6.20,0,0.8,5.2,houston
Stacy Sneed,JR,RB,6,7,30,4.29,0,1.2,5.0,houston
Koby Young,FR,WR,1,2,13,6.50,0,2.0,13.0,houston
Parker Jenkins,SO,RB,5,3,7,2.33,0,0.6,1.4,houston
JayShon Ridgle,FR,WR,5,1,4,4.00,0,0.2,0.8,houston
Pat Bryant,SR,WR,5,23,348,15.13,6,4.6,69.6,illinois
Zakhari Franklin,SR,WR,5,24,286,11.92,0,4.8,57.2,illinois
Hank Beatty,JR,WR,5,6,68,11.33,0,1.2,13.6,illinois
Collin Dixon,FR,WR,5,5,68,13.60,0,1.0,13.6,illinois
Malik Elzy,SO,WR,5,3,66,22.00,1,0.6,13.2,illinois
Tanner Arkin,JR,TE,5,8,58,7.25,2,1.6,11.6,illinois
Josh McCray,JR,RB,5,6,45,7.50,0,1.2,9.0,illinois
Ashton Hollins,SO,WR,4,2,40,20.00,0,0.5,10.0,illinois
Kaden Feagin,SO,RB,5,5,37,7.40,0,1.0,7.4,illinois
Carson Goda,SR,TE,3,2,22,11.00,1,0.7,7.3,illinois
Kenari Wilcher,SO,WR,5,2,18,9.00,0,0.4,3.6,illinois
Ca'Lil Valentine,FR,RB,5,2,7,3.50,0,0.4,1.4,illinois
Brandon Henderson,SO,OL,5,1,6,6.00,1,0.2,1.2,illinois
Aidan Laughery,SO,RB,4,3,4,1.33,0,0.8,1.0,illinois
Luke Altmyer,JR,QB,5,1,3,3.00,0,0.2,0.6,illinois
Elijah Sarratt,JR,WR,6,29,513,17.69,2,4.8,85.5,indiana
Omar Cooper Jr.,SO,WR,6,18,375,20.83,3,3.0,62.5,indiana
Myles Price,SR,WR,6,20,266,13.30,0,3.3,44.3,indiana
Miles Cross,SR,WR,6,17,208,12.24,2,2.8,34.7,indiana
Ke'Shawn Williams,SR,WR,6,13,183,14.08,4,2.2,30.5,indiana
Zach Horton,SR,TE,6,9,89,9.89,2,1.5,14.8,indiana
Andison Coby,SR,WR,6,2,62,31.00,1,0.3,10.3,indiana
Ty Son Lawton,SR,RB,6,5,48,9.60,0,0.8,8.0,indiana
E.J. Williams Jr.,SR,WR,3,1,37,37.00,0,0.3,12.3,indiana
Sam West,FR,TE,6,1,37,37.00,0,0.2,6.2,indiana
Justice Ellison,SR,RB,6,2,24,12.00,0,0.3,4.0,indiana
Donaven McCulley,SR,WR,4,2,21,10.50,1,0.5,5.3,indiana
Solomon Vanhorse,SR,RB,6,1,14,14.00,0,0.2,2.3,indiana
Kaelon Black,JR,RB,6,2,7,3.50,0,0.3,1.2,indiana
Brady Simmons,SO,WR,2,1,6,6.00,0,0.5,3.0,indiana
James Bomba,JR,TE,3,1,2,2.00,0,0.3,0.7,indiana
Jacob Gill,JR,WR,5,16,169,10.56,1,3.2,33.8,iowa
Luke Lachey,SR,TE,5,17,136,8.00,0,3.4,27.2,iowa
Reece Vander Zee,FR,WR,5,10,123,12.30,2,2.0,24.6,iowa
Addison Ostrenga,JR,TE,5,11,63,5.73,1,2.2,12.6,iowa
Zach Ortwerth,SO,TE,5,2,35,17.50,0,0.4,7.0,iowa
Kaden Wetjen,SR,WR,5,1,33,33.00,0,0.2,6.6,iowa
Kaleb Johnson,JR,RB,5,9,31,3.44,0,1.8,6.2,iowa
Jarriett Buie,FR,WR,5,2,29,14.50,0,0.4,5.8,iowa
Leshon Williams,SR,RB,3,4,26,6.50,0,1.3,8.7,iowa
Kaleb Brown,JR,WR,3,1,18,18.00,0,0.3,6.0,iowa
Hayden Large,SR,FB,5,3,18,6.00,0,0.6,3.6,iowa
Kamari Moulton,FR,RB,4,1,12,12.00,0,0.3,3.0,iowa
"Terrell Washington, Jr.",FR,RB,5,2,4,2.00,0,0.4,0.8,iowa
Jaziun Patterson,SO,RB,3,1,3,3.00,0,0.3,1.0,iowa
Jaylin Noel,SR,WR,5,24,451,18.79,2,4.8,90.2,iowa_state
Jayden Higgins,SR,WR,5,33,403,12.21,5,6.6,80.6,iowa_state
Benjamin Brahmer,SO,TE,5,7,145,20.71,1,1.4,29.0,iowa_state
Eli Green,JR,WR,5,4,44,11.00,0,0.8,8.8,iowa_state
Stevo Klotz,SR,TE,4,2,34,17.00,0,0.5,8.5,iowa_state
Tyler Moore,JR,TE,5,3,31,10.33,1,0.6,6.2,iowa_state
Beni Ngoyi,FR,WR,5,2,27,13.50,0,0.4,5.4,iowa_state
Carson Hansen,SO,RB,5,4,22,5.50,0,0.8,4.4,iowa_state
Carson Brown,SO,WR,5,2,18,9.00,0,0.4,3.6,iowa_state
Tripp Walsh,FR,TE,4,1,11,11.00,0,0.3,2.8,iowa_state
Abu Sama III,SO,RB,5,4,8,2.00,0,0.8,1.6,iowa_state
Jaylon Jackson,SR,RB,5,3,8,2.67,0,0.6,1.6,iowa_state
Kai Black,FR,WR,2,1,7,7.00,0,0.5,3.5,iowa_state
Dylan Lee,FR,RB,2,1,7,7.00,0,0.5,3.5,iowa_state
Gabe Burkle,SO,TE,5,1,6,6.00,0,0.2,1.2,iowa_state
Michael Pettway,JR,WR,5,13,248,19.08,2,2.6,49.6,jacksonville_state
Cam Vaughn,FR,WR,5,18,223,12.39,1,3.6,44.6,jacksonville_state
Brock Rechsteiner,JR,WR,5,7,146,20.86,1,1.4,29.2,jacksonville_state
Demarcus Lacey,JR,WR,5,8,84,10.50,0,1.6,16.8,jacksonville_state
Jarod Bowie,JR,WR,5,7,82,11.71,0,1.4,16.4,jacksonville_state
Sean Brown,SR,TE,5,5,71,14.20,1,1.0,14.2,jacksonville_state
Samario Rudolph,SR,WR,5,6,54,9.00,0,1.2,10.8,jacksonville_state
Anwar Lewis,SR,RB,5,2,49,24.50,0,0.4,9.8,jacksonville_state
Jordan McCants,SO,WR,5,4,42,10.50,0,0.8,8.4,jacksonville_state
P.J. Wells,SR,WR,5,8,41,5.13,0,1.6,8.2,jacksonville_state
Pearson Baldwin,JR,TE,4,2,31,15.50,0,0.5,7.8,jacksonville_state
Jacob Barrick,JR,TE,5,2,29,14.50,0,0.4,5.8,jacksonville_state
Tre Stewart,SR,RB,5,2,18,9.00,0,0.4,3.6,jacksonville_state
Tar'Varish Dawson,JR,WR,4,1,16,16.00,0,0.3,4.0,jacksonville_state
Omarion Dollison,SR,WR,5,12,299,24.92,3,2.4,59.8,james_madison
Cam Ross,SR,WR,5,17,249,14.65,2,3.4,49.8,james_madison
Taylor Thompson,SR,TE,5,17,232,13.65,2,3.4,46.4,james_madison
Yamir Knight,SO,WR,5,16,219,13.69,2,3.2,43.8,james_madison
George Pettaway,SO,RB,5,9,100,11.11,1,1.8,20.0,james_madison
Logan Kyle,JR,TE,5,6,93,15.50,1,1.2,18.6,james_madison
Tyler Purdy,SR,RB,5,4,32,8.00,0,0.8,6.4,james_madison
Dylan Williams,FR,WR,4,4,28,7.00,1,1.0,7.0,james_madison
Brionne Penny,SR,WR,3,1,16,16.00,0,0.3,5.3,james_madison
Maxwell Moss,SO,WR,5,1,11,11.00,0,0.2,2.2,james_madison
Luke Grimm,SR,WR,6,33,354,10.73,4,5.5,59.0,kansas
Quentin Skinner,SR,WR,6,14,235,16.79,2,2.3,39.2,kansas
Lawrence Arnold,SR,WR,6,16,214,13.38,1,2.7,35.7,kansas
Jared Casey,SR,TE,6,7,78,11.14,0,1.2,13.0,kansas
Devin Neal,SR,RB,6,6,75,12.50,0,1.0,12.5,kansas
Trevor Kardell,SR,TE,6,4,41,10.25,0,0.7,6.8,kansas
Trevor Wilson,SR,WR,6,3,36,12.00,0,0.5,6.0,kansas
Daniel Hishaw Jr.,JR,RB,5,3,33,11.00,0,0.6,6.6,kansas
Doug Emilien,JR,WR,5,3,20,6.67,1,0.6,4.0,kansas
Sevion Morrison,JR,RB,5,1,18,18.00,0,0.2,3.6,kansas
Mack Moeller,JR,WR,6,1,7,7.00,0,0.2,1.2,kansas
Torry Locklin,SR,RB,6,1,5,5.00,0,0.2,0.8,kansas
Jayce Brown,SO,WR,5,17,277,16.29,1,3.4,55.4,kansas_state
Keagan Johnson,JR,WR,5,14,161,11.50,0,2.8,32.2,kansas_state
Brayden Loftin,SO,TE,4,7,93,13.29,2,1.8,23.3,kansas_state
DJ Giddens,JR,RB,5,8,91,11.38,1,1.6,18.2,kansas_state
Jadon Jackson,SR,WR,5,7,69,9.86,0,1.4,13.8,kansas_state
Garrett Oakley,SO,TE,5,5,51,10.20,1,1.0,10.2,kansas_state
Tre Spivey,FR,WR,5,5,41,8.20,0,1.0,8.2,kansas_state
Dylan Edwards,SO,RB,5,7,37,5.29,1,1.4,7.4,kansas_state
Will Swanson,SR,TE,5,5,33,6.60,2,1.0,6.6,kansas_state
Ty Bowman,SR,WR,5,1,19,19.00,0,0.2,3.8,kansas_state
Will Anciaux,FR,TE,5,2,11,5.50,1,0.4,2.2,kansas_state
Andre Davis,FR,WR,1,1,9,9.00,0,1.0,9.0,kansas_state
Dante Cephas,SR,WR,5,1,9,9.00,0,0.2,1.8,kansas_state
Qua Ashley,SO,RB,5,10,131,13.10,0,2.0,26.2,kennesaw_state
Blake Bohannon,JR,WR,5,11,115,10.45,0,2.2,23.0,kennesaw_state
Tykeem Wallace,JR,WR,5,9,105,11.67,0,1.8,21.0,kennesaw_state
Navelle Dean,FR,WR,5,4,55,13.75,0,0.8,11.0,kennesaw_state
Jaden Robinson,FR,WR,2,4,54,13.50,0,2.0,27.0,kennesaw_state
Christian Moss,JR,WR,3,6,54,9.00,0,2.0,18.0,kennesaw_state
Carson Kent,SO,TE,4,5,52,10.40,2,1.3,13.0,kennesaw_state
Gabriel Benyard,JR,WR,2,4,39,9.75,0,2.0,19.5,kennesaw_state
Destun Thomas,SO,WR,5,1,19,19.00,0,0.2,3.8,kennesaw_state
Connor Finer,JR,TE,5,2,17,8.50,0,0.4,3.4,kennesaw_state
Michael Benefield,SR,RB,5,2,6,3.00,0,0.4,1.2,kennesaw_state
Jackson Manning,JR,TE,5,1,6,6.00,0,0.2,1.2,kennesaw_state
Chrishon McCray,SO,WR,5,17,309,18.18,4,3.4,61.8,kent_state
Luke Floriea,SR,WR,5,19,291,15.32,3,3.8,58.2,kent_state
Jay Jay Etheridge,FR,WR,5,6,46,7.67,0,1.2,9.2,kent_state
Dashawn Martin,FR,WR,5,4,46,11.50,0,0.8,9.2,kent_state
Ky Thomas,SR,RB,5,8,43,5.38,0,1.6,8.6,kent_state
Conner Muldowney,SR,TE,5,1,24,24.00,0,0.2,4.8,kent_state
Jahzae Kimbrough,SO,WR,1,2,17,8.50,0,2.0,17.0,kent_state
Ali Fisher,JR,WR,1,1,13,13.00,0,1.0,13.0,kent_state
Ardell Banks,FR,WR,3,1,13,13.00,0,0.3,4.3,kent_state
Curtis Douglas,SO,RB,3,4,2,0.50,0,1.3,0.7,kent_state
Dane Key,JR,WR,5,23,369,16.04,1,4.6,73.8,kentucky
Barion Brown,JR,WR,5,17,178,10.47,2,3.4,35.6,kentucky
Ja'Mori Maclin,JR,WR,5,6,89,14.83,0,1.2,17.8,kentucky
Demie Sumo-Karngbaye,SR,RB,5,7,59,8.43,0,1.4,11.8,kentucky
Fred Farrier II,JR,WR,5,7,58,8.29,0,1.4,11.6,kentucky
Jordan Dingle,JR,TE,5,6,46,7.67,1,1.2,9.2,kentucky
Anthony Brown-Stephens,SO,WR,5,1,25,25.00,0,0.2,5.0,kentucky
Willie Rodriguez,FR,TE,5,1,25,25.00,0,0.2,5.0,kentucky
Josh Kattus,JR,TE,4,1,3,3.00,0,0.3,0.8,kentucky
Treon Sibley,SR,WR,5,17,370,21.76,1,3.4,74.0,liberty
Reese Smith,JR,WR,5,13,199,15.31,3,2.6,39.8,liberty
Tyson Mobley,JR,WR,5,18,169,9.39,1,3.6,33.8,liberty
Elijah Canion,JR,WR,5,7,130,18.57,1,1.4,26.0,liberty
"Donte Lee, Jr.",SO,WR,4,3,50,16.67,0,0.8,12.5,liberty
Billy Lucas,SR,RB,5,4,40,10.00,0,0.8,8.0,liberty
Darius Copeland,FR,WR,3,5,38,7.60,0,1.7,12.7,liberty
Jacob Jenkins,JR,TE,5,1,33,33.00,0,0.2,6.6,liberty
Vaughn Blue,FR,RB,5,4,31,7.75,0,0.8,6.2,liberty
Bentley Hanshaw,SR,TE,5,3,10,3.33,1,0.6,2.0,liberty
Austin Henderson,JR,TE,5,1,9,9.00,0,0.2,1.8,liberty
Julian Gray,JR,WR,1,1,7,7.00,0,1.0,7.0,liberty
Lance LeGendre,SR,WR,5,14,255,18.21,3,2.8,51.0,louisiana-lafayette
Terrance Carter,SO,TE,5,18,209,11.61,2,3.6,41.8,louisiana-lafayette
Harvey Broussard,SO,WR,5,12,175,14.58,1,2.4,35.0,louisiana-lafayette
Jacob Bernard,SR,WR,5,12,170,14.17,0,2.4,34.0,louisiana-lafayette
Robert Williams,JR,WR,5,9,105,11.67,1,1.8,21.0,louisiana-lafayette
Tavion Smith,SR,WR,5,6,82,13.67,2,1.2,16.4,louisiana-lafayette
Caden Jensen,FR,TE,5,10,78,7.80,1,2.0,15.6,louisiana-lafayette
Jaydon Johnson,SO,WR,4,4,56,14.00,0,1.0,14.0,louisiana-lafayette
Dale Martin,JR,WR,2,3,30,10.00,0,1.5,15.0,louisiana-lafayette
Zylan Perry,SO,RB,5,7,21,3.00,0,1.4,4.2,louisiana-lafayette
Ty Stamey,FR,TE,5,3,18,6.00,0,0.6,3.6,louisiana-lafayette
Rhett Guidry,JR,TE,1,1,16,16.00,0,1.0,16.0,louisiana-lafayette
Bill Davis,FR,RB,5,2,16,8.00,0,0.4,3.2,louisiana-lafayette
Dre’lyn Washington,JR,RB,4,2,12,6.00,0,0.5,3.0,louisiana-lafayette
Rahji Dennis,FR,WR,1,1,9,9.00,0,1.0,9.0,louisiana-lafayette
Dalen Cambre,SR,WR,5,1,9,9.00,0,0.2,1.8,louisiana-lafayette
Trayv'on Culbert,JR,WR,3,1,8,8.00,0,0.3,2.7,louisiana-lafayette
Landon Baptiste,FR,WR,5,1,8,8.00,0,0.2,1.6,louisiana-lafayette
Jake Godfrey,SO,WR,5,10,143,14.30,1,2.0,28.6,louisiana-monroe
Javon Campbell,JR,WR,5,6,99,16.50,1,1.2,19.8,louisiana-monroe
Davon Wells,SR,WR,5,14,76,5.43,1,2.8,15.2,louisiana-monroe
Julian Nixon,JR,TE,5,3,51,17.00,0,0.6,10.2,louisiana-monroe
Artis Cole,JR,WR,5,3,49,16.33,0,0.6,9.8,louisiana-monroe
Tyler Griffin,JR,WR,5,2,45,22.50,0,0.4,9.0,louisiana-monroe
Nate Sullivan Jr.,JR,TE,5,7,43,6.14,0,1.4,8.6,louisiana-monroe
Taven Curry,JR,RB,5,3,22,7.33,0,0.6,4.4,louisiana-monroe
Rylan Green,JR,TE,4,2,14,7.00,0,0.5,3.5,louisiana-monroe
Wesley Campbell VI,SO,TE,5,1,8,8.00,0,0.2,1.6,louisiana-monroe
Ahmad Hardy,FR,RB,5,1,7,7.00,0,0.2,1.4,louisiana-monroe
Amir McGruder,SO,WR,5,1,5,5.00,0,0.2,1.0,louisiana-monroe
General Booty,JR,QB,5,1,-7,-7.00,0,0.2,-1.4,louisiana-monroe
Tru Edwards,SR,WR,4,17,208,12.24,1,4.3,52.0,louisiana_tech
Marlion Jackson,SO,WR,4,11,183,16.64,1,2.8,45.8,louisiana_tech
Jay Wilkerson,SO,WR,4,7,149,21.29,0,1.8,37.3,louisiana_tech
Eli Finley,SO,TE,4,9,146,16.22,1,2.3,36.5,louisiana_tech
Solo Lewis,JR,WR,4,4,68,17.00,1,1.0,17.0,louisiana_tech
Jimmy Holiday,SR,WR,4,6,61,10.17,0,1.5,15.3,louisiana_tech
Fred Robertson,FR,RB,3,2,33,16.50,0,0.7,11.0,louisiana_tech
Donerio Davenport,SR,RB,4,7,30,4.29,0,1.8,7.5,louisiana_tech
Omiri Wiggins,SO,RB,4,3,26,8.67,0,0.8,6.5,louisiana_tech
Dakota Williams,SO,WR,1,2,23,11.50,0,2.0,23.0,louisiana_tech
Abdul-Fatai Ibrahim,SR,WR,4,3,22,7.33,0,0.8,5.5,louisiana_tech
Hunter Tipton,SO,TE,4,4,17,4.25,0,1.0,4.3,louisiana_tech
Dedrick Latulas,SO,WR,3,1,4,4.00,0,0.3,1.3,louisiana_tech
John Locke,SO,TE,4,1,2,2.00,0,0.3,0.5,louisiana_tech
Marquis Crosby,JR,RB,3,1,1,1.00,0,0.3,0.3,louisiana_tech
Ja'Corey Brooks,SR,WR,5,25,489,19.56,6,5.0,97.8,louisville
Chris Bell,JR,WR,5,11,195,17.73,2,2.2,39.0,louisville
Jamari Johnson,FR,TE,5,9,121,13.44,0,1.8,24.2,louisville
Ahmari Huggins-Bruce,SR,WR,5,9,120,13.33,0,1.8,24.0,louisville
Mark Redman,SR,TE,5,6,102,17.00,2,1.2,20.4,louisville
Isaac Brown,FR,RB,5,13,91,7.00,1,2.6,18.2,louisville
Jadon Thompson,SR,WR,3,6,88,14.67,2,2.0,29.3,louisville
Caullin Lacy,SR,WR,2,7,72,10.29,0,3.5,36.0,louisville
Cataurus Hicks,FR,WR,5,2,57,28.50,0,0.4,11.4,louisville
Keyjuan Brown,FR,RB,5,5,53,10.60,0,1.0,10.6,louisville
Donald Chaney,JR,RB,5,4,43,10.75,0,0.8,8.6,louisville
Izayah Cummings,SR,TE,4,3,33,11.00,0,0.8,8.3,louisville
Nate Kurisky,SO,TE,5,2,17,8.50,0,0.4,3.4,louisville
Antonio Meeks,JR,WR,3,2,14,7.00,0,0.7,4.7,louisville
Maurice Turner,JR,RB,2,1,8,8.00,0,0.5,4.0,louisville
Duane Martin,SR,TE,5,1,6,6.00,0,0.2,1.2,louisville
Kris Hughes,FR,WR,4,2,4,2.00,0,0.5,1.0,louisville
Jaleel Skinner,SO,TE,5,1,4,4.00,0,0.2,0.8,louisville
Aaron Anderson,SO,WR,5,27,371,13.74,2,5.4,74.2,lsu
Kyren Lacy,SR,WR,5,25,352,14.08,5,5.0,70.4,lsu
Mason Taylor,JR,TE,5,28,280,10.00,1,5.6,56.0,lsu
CJ Daniels,SR,WR,5,20,239,11.95,0,4.0,47.8,lsu
Caden Durham,FR,RB,4,6,130,21.67,2,1.5,32.5,lsu
Zavion Thomas,JR,WR,5,12,100,8.33,2,2.4,20.0,lsu
Kyle Parker,FR,WR,4,3,55,18.33,1,0.8,13.8,lsu
Josh Williams,SR,RB,5,4,41,10.25,0,0.8,8.2,lsu
Kaleb Jackson,SO,RB,5,4,32,8.00,0,0.8,6.4,lsu
Javen Nicholas,SO,WR,4,3,24,8.00,0,0.8,6.0,lsu
Ju'Juan Johnson,FR,RB,5,5,22,4.40,1,1.0,4.4,lsu
Ka'Morreun Pimpton,SO,TE,4,2,19,9.50,0,0.5,4.8,lsu
"John Emery, Jr.",SR,RB,1,1,10,10.00,0,1.0,10.0,lsu
Trey'Dez Green,FR,TE,5,2,10,5.00,1,0.4,2.0,lsu
Christian Fitzpatrick,SR,WR,5,15,250,16.67,3,3.0,50.0,marshall
Elijah Metcalf,JR,WR,5,20,194,9.70,3,4.0,38.8,marshall
Jordan Houston,SR,RB,5,3,87,29.00,1,0.6,17.4,marshall
Carl Chester,SR,WR,5,7,75,10.71,2,1.4,15.0,marshall
Chuck Montgomery,JR,WR,5,6,73,12.17,1,1.2,14.6,marshall
Bralon Brown,JR,WR,5,6,57,9.50,1,1.2,11.4,marshall
A.J. Turner,SO,RB,5,4,35,8.75,1,0.8,7.0,marshall
Toby Payne,SO,TE,5,3,31,10.33,1,0.6,6.2,marshall
Bryan Robinson,JR,WR,5,5,30,6.00,0,1.0,6.0,marshall
Tychaun Chapman,SO,WR,4,3,20,6.67,0,0.8,5.0,marshall
Ethan Payne,SR,RB,5,3,14,4.67,0,0.6,2.8,marshall
Tai Felton,SR,WR,5,46,642,13.96,5,9.2,128.4,maryland
Kaden Prather,SR,WR,5,26,269,10.35,3,5.2,53.8,maryland
Dylan Wade,SO,TE,5,12,183,15.25,2,2.4,36.6,maryland
Roman Hemby,JR,RB,5,14,91,6.50,1,2.8,18.2,maryland
Braeden Wisloski,SO,WR,5,4,66,16.50,0,0.8,13.2,maryland
Octavian Smith Jr.,JR,WR,5,8,65,8.13,0,1.6,13.0,maryland
Shaleak Knotts,JR,WR,5,6,54,9.00,0,1.2,10.8,maryland
Preston Howard,SO,TE,4,6,47,7.83,0,1.5,11.8,maryland
Josiah McLaurin,FR,RB,3,2,29,14.50,1,0.7,9.7,maryland
Ryan Manning,FR,WR,2,3,28,9.33,0,1.5,14.0,maryland
Nolan Ray,FR,RB,5,4,16,4.00,0,0.8,3.2,maryland
Colby McDonald,SR,RB,5,2,16,8.00,0,0.4,3.2,maryland
Ezekiel Avit,FR,WR,3,1,13,13.00,0,0.3,4.3,maryland
Leon Haughton Jr.,SO,TE,3,1,9,9.00,0,0.3,3.0,maryland
Robert Smith,JR,WR,3,1,8,8.00,0,0.3,2.7,maryland
Jakobie Keeney-James,SR,WR,6,23,462,20.09,3,3.8,77.0,massachusetts
T.Y. Harding,SO,WR,5,8,198,24.75,3,1.6,39.6,massachusetts
Jacquon Gibson,SO,WR,6,16,193,12.06,0,2.7,32.2,massachusetts
Sterling Galban,SR,WR,6,17,163,9.59,0,2.8,27.2,massachusetts
Jalen John,JR,RB,5,13,81,6.23,0,2.6,16.2,massachusetts
CJ Hester,SO,RB,5,10,39,3.90,0,2.0,7.8,massachusetts
Matt Smith,SR,TE,4,3,38,12.67,0,0.8,9.5,massachusetts
Brandon Campbell,JR,RB,5,3,34,11.33,0,0.6,6.8,massachusetts
Dominick Mazotti,SR,TE,4,4,32,8.00,0,1.0,8.0,massachusetts
Anthony Simpson,SR,WR,2,3,16,5.33,0,1.5,8.0,massachusetts
Keshawn Brown,JR,WR,2,2,15,7.50,0,1.0,7.5,massachusetts
Jaelyn Lay,SR,TE,5,1,7,7.00,0,0.2,1.4,massachusetts
Owen Anderson,SO,TE,6,1,2,2.00,1,0.2,0.3,massachusetts
Roc Taylor,SR,WR,5,23,333,14.48,1,4.6,66.6,memphis
Koby Drake,SR,WR,5,18,197,10.94,0,3.6,39.4,memphis
Demeer Blankumsee,SR,WR,5,15,178,11.87,0,3.0,35.6,memphis
Anthony Landphere,SR,TE,5,13,153,11.77,2,2.6,30.6,memphis
Marcello Bussey,JR,WR,5,10,147,14.70,1,2.0,29.4,memphis
Mario Anderson Jr.,SR,RB,5,20,125,6.25,0,4.0,25.0,memphis
Brendan Doyle,JR,TE,5,8,73,9.13,2,1.6,14.6,memphis
Jyaire Shorter,SR,WR,5,5,67,13.40,0,1.0,13.4,memphis
Greg Desrosiers Jr.,JR,RB,3,8,39,4.88,1,2.7,13.0,memphis
Brady Kluse,FR,WR,5,2,27,13.50,0,0.4,5.4,memphis
Sutton Smith,JR,RB,1,2,13,6.50,0,2.0,13.0,memphis
Jamari Hawkins,SO,WR,5,1,1,1.00,0,0.2,0.2,memphis
Brandon Thomas,SR,RB,5,1,0,0.00,0,0.2,0.0,memphis
Xavier Restrepo,SR,WR,6,32,585,18.28,5,5.3,97.5,miami_florida
Isaiah Horton,SO,WR,6,31,395,12.74,3,5.2,65.8,miami_florida
Jacolby George,SR,WR,6,21,290,13.81,3,3.5,48.3,miami_florida
Elijah Arroyo,JR,TE,6,14,286,20.43,4,2.3,47.7,miami_florida
"Sam Brown, Jr.",JR,WR,6,21,246,11.71,1,3.5,41.0,miami_florida
Elija Lofton,FR,TE,6,8,133,16.63,1,1.3,22.2,miami_florida
Damien Martinez,JR,RB,6,10,130,13.00,0,1.7,21.7,miami_florida
Riley Williams,SO,TE,6,6,86,14.33,0,1.0,14.3,miami_florida
"Chris Johnson, Jr.",FR,RB,6,7,69,9.86,2,1.2,11.5,miami_florida
Ray Ray Joseph,SO,WR,6,4,57,14.25,0,0.7,9.5,miami_florida
"Mark Fletcher, Jr.",SO,RB,6,2,38,19.00,0,0.3,6.3,miami_florida
Cam McCormick,SR,TE,6,3,24,8.00,2,0.5,4.0,miami_florida
Joshisa Trader,FR,WR,4,2,19,9.50,0,0.5,4.8,miami_florida
Jordan Lyle,FR,RB,6,2,18,9.00,0,0.3,3.0,miami_florida
Ajay Allen,SO,RB,5,1,16,16.00,0,0.2,3.2,miami_florida
Ny Carr,FR,WR,2,1,8,8.00,0,0.5,4.0,miami_florida
Cade McDonald,SR,WR,5,29,382,13.17,1,5.8,76.4,miami_ohio
Javon Tracy,SO,WR,5,21,248,11.81,2,4.2,49.6,miami_ohio
Reggie Virgil,JR,WR,5,12,207,17.25,1,2.4,41.4,miami_ohio
Kevin Davis,SR,RB,5,17,144,8.47,1,3.4,28.8,miami_ohio
Andre Johnson,SR,WR,4,4,85,21.25,0,1.0,21.3,miami_ohio
Jack Coldiron,SR,TE,4,6,49,8.17,0,1.5,12.3,miami_ohio
Kam Perry,SO,WR,4,3,28,9.33,0,0.8,7.0,miami_ohio
Dylan Downing,SR,RB,4,6,24,4.00,0,1.5,6.0,miami_ohio
Preston Daniel,SR,TE,5,2,12,6.00,0,0.4,2.4,miami_ohio
Colston Loveland,JR,TE,5,29,261,9.00,2,5.8,52.2,michigan
Semaj Morgan,SO,WR,5,13,78,6.00,1,2.6,15.6,michigan
Marlin Klein,JR,TE,6,7,75,10.71,0,1.2,12.5,michigan
Tyler Morris,JR,WR,5,7,51,7.29,1,1.4,10.2,michigan
Donovan Edwards,SR,RB,6,9,46,5.11,1,1.5,7.7,michigan
Fredrick Moore,SO,WR,6,4,43,10.75,0,0.7,7.2,michigan
Kendrick Bell,SO,WR,6,4,42,10.50,0,0.7,7.0,michigan
Amorion Walker,JR,WR,3,1,22,22.00,0,0.3,7.3,michigan
Peyton O'Leary,SR,WR,6,1,22,22.00,0,0.2,3.7,michigan
C.J. Charleston,SR,WR,6,1,22,22.00,0,0.2,3.7,michigan
Benjamin Hall,SO,RB,3,2,12,6.00,0,0.7,4.0,michigan
Hogan Hansen,FR,TE,4,1,9,9.00,1,0.3,2.3,michigan
Max Bredeson,SR,TE,6,1,5,5.00,0,0.2,0.8,michigan
Kalel Mullings,SR,RB,6,1,2,2.00,0,0.2,0.3,michigan
Nick Marsh,FR,WR,5,16,320,20.00,1,3.2,64.0,michigan_state
Montorie Foster Jr.,SR,WR,6,22,274,12.45,1,3.7,45.7,michigan_state
Jack Velling,JR,TE,6,19,238,12.53,0,3.2,39.7,michigan_state
Jaron Glover,SO,WR,4,11,150,13.64,2,2.8,37.5,michigan_state
Aziah Johnson,FR,WR,6,8,145,18.13,1,1.3,24.2,michigan_state
Antonio Gates Jr.,SO,WR,3,4,49,12.25,0,1.3,16.3,michigan_state
Brennan Parachek,SO,TE,6,3,39,13.00,0,0.5,6.5,michigan_state
Michael Masunas,SO,TE,4,4,37,9.25,0,1.0,9.3,michigan_state
Kay'ron Lynch-Adams,SR,RB,6,3,31,10.33,0,0.5,5.2,michigan_state
Nate Carter,JR,RB,6,5,20,4.00,0,0.8,3.3,michigan_state
Zach Gillespie,SR,WR,3,2,16,8.00,0,0.7,5.3,michigan_state
Jaelen Smith,FR,WR,3,1,16,16.00,0,0.3,5.3,michigan_state
Alante Brown,SR,WR,2,1,15,15.00,0,0.5,7.5,michigan_state
Makhi Frazier,FR,RB,4,1,12,12.00,0,0.3,3.0,michigan_state
Jay Coyne,SO,FB,6,1,12,12.00,0,0.2,2.0,michigan_state
Ademola Faleye,JR,TE,6,1,4,4.00,0,0.2,0.7,michigan_state
Omari Kelly,JR,WR,5,24,471,19.63,3,4.8,94.2,middle_tennessee
Holden Willis,SR,TE,5,20,320,16.00,1,4.0,64.0,middle_tennessee
Myles Butler,JR,WR,5,11,145,13.18,1,2.2,29.0,middle_tennessee
Cam'ron Lacy,FR,WR,5,11,116,10.55,0,2.2,23.2,middle_tennessee
Gamarion Carter,JR,WR,5,6,72,12.00,0,1.2,14.4,middle_tennessee
Jaiden Credle,JR,RB,5,13,51,3.92,0,2.6,10.2,middle_tennessee
Terry Wilkins,SR,RB,5,9,35,3.89,0,1.8,7.0,middle_tennessee
Hayes Sutton,SR,WR,5,5,32,6.40,0,1.0,6.4,middle_tennessee
Jekail Middlebrook,FR,RB,2,3,27,9.00,0,1.5,13.5,middle_tennessee
Kellen Stewart,JR,WR,5,1,20,20.00,0,0.2,4.0,middle_tennessee
Jacob Coleman,JR,TE,5,2,17,8.50,0,0.4,3.4,middle_tennessee
Javonte Sherman,JR,WR,1,1,9,9.00,0,1.0,9.0,middle_tennessee
Brian Brewton,SR,RB,2,2,7,3.50,0,1.0,3.5,middle_tennessee
Frank Peasant,SR,RB,2,2,3,1.50,0,1.0,1.5,middle_tennessee
Ryan Hoerstkamp,SR,TE,5,1,1,1.00,0,0.2,0.2,middle_tennessee
Daniel Jackson,SR,WR,6,32,362,11.31,1,5.3,60.3,minnesota
Elijah Spencer,SR,WR,6,19,230,12.11,1,3.2,38.3,minnesota
Darius Taylor,SO,RB,5,26,206,7.92,1,5.2,41.2,minnesota
Le'Meke Brockington,JR,WR,6,8,154,19.25,1,1.3,25.7,minnesota
Marcus Major,SR,RB,6,12,108,9.00,0,2.0,18.0,minnesota
Jameson Geers,JR,TE,6,8,71,8.88,1,1.3,11.8,minnesota
Nick Kallerup,SR,TE,6,3,55,18.33,0,0.5,9.2,minnesota
Cristian Driver,SO,WR,6,6,45,7.50,1,1.0,7.5,minnesota
Jordan Nubin,JR,RB,6,3,32,10.67,0,0.5,5.3,minnesota
Kenric Lanier II,FR,WR,4,1,17,17.00,0,0.3,4.3,minnesota
Nathan Jones,SO,TE,3,1,10,10.00,0,0.3,3.3,minnesota
Tyler Williams,FR,WR,2,1,8,8.00,1,0.5,4.0,minnesota
Tre Harris,SR,WR,6,52,885,17.02,5,8.7,147.5,mississippi
Antwane Wells Jr.,SR,WR,6,17,371,21.82,4,2.8,61.8,mississippi
Cayden Lee,SO,WR,6,18,297,16.50,1,3.0,49.5,mississippi
Jordan Watkins,SR,WR,5,10,211,21.10,2,2.0,42.2,mississippi
Caden Prieskorn,SR,TE,6,11,194,17.64,1,1.8,32.3,mississippi
Henry Parrish Jr.,SR,RB,6,9,67,7.44,0,1.5,11.2,mississippi
Dae'Quan Wright,JR,TE,6,4,62,15.50,1,0.7,10.3,mississippi
Ayden Williams,SO,WR,5,3,39,13.00,0,0.6,7.8,mississippi
Noreel White,FR,WR,2,2,34,17.00,0,1.0,17.0,mississippi
Josh Aka,SR,WR,5,2,19,9.50,0,0.4,3.8,mississippi
Ulysses Bentley IV,SR,RB,6,3,19,6.33,0,0.5,3.2,mississippi
Matt Jones,JR,RB,6,3,13,4.33,0,0.5,2.2,mississippi
Drew Burnett,SO,WR,4,1,12,12.00,0,0.3,3.0,mississippi
Wyatt Smalley,FR,TE,3,1,8,8.00,0,0.3,2.7,mississippi
Micah Davis,SR,WR,6,1,6,6.00,0,0.2,1.0,mississippi
Kevin Coleman Jr.,JR,WR,5,28,344,12.29,3,5.6,68.8,mississippi_state
Mario Craver,FR,WR,5,9,238,26.44,2,1.8,47.6,mississippi_state
Jordan Mosley,JR,WR,5,13,202,15.54,2,2.6,40.4,mississippi_state
Seydou Traore,JR,TE,5,13,135,10.38,0,2.6,27.0,mississippi_state
Kelly Akharaiyi,SR,WR,4,9,124,13.78,0,2.3,31.0,mississippi_state
Creed Whittemore,SO,WR,4,4,65,16.25,0,1.0,16.3,mississippi_state
Johnnie Daniels,JR,RB,5,4,41,10.25,0,0.8,8.2,mississippi_state
Justin Ball,SR,TE,5,5,38,7.60,0,1.0,7.6,mississippi_state
Davon Booth,SR,RB,5,4,24,6.00,1,0.8,4.8,mississippi_state
Keyvone Lee,SR,RB,4,3,13,4.33,0,0.8,3.3,mississippi_state
Braylon Burnside,FR,WR,4,1,-6,-6.00,0,0.3,-1.5,mississippi_state
Theo Wease Jr.,SR,WR,5,28,359,12.82,1,5.6,71.8,missouri
Luther Burden III,JR,WR,5,26,339,13.04,4,5.2,67.8,missouri
Mookie Cooper,SR,WR,5,9,147,16.33,0,1.8,29.4,missouri
Marquis Johnson,SO,WR,5,12,117,9.75,0,2.4,23.4,missouri
Joshua Manning,SO,WR,5,6,58,9.67,0,1.2,11.6,missouri
Marcus Carroll,SR,RB,5,6,50,8.33,0,1.2,10.0,missouri
Nate Noel,SR,RB,5,14,45,3.21,0,2.8,9.0,missouri
Daniel Blood,SO,WR,5,6,43,7.17,0,1.2,8.6,missouri
Mekhi Miller,JR,WR,5,2,29,14.50,0,0.4,5.8,missouri
Brett Norfleet,SO,TE,4,7,27,3.86,0,1.8,6.8,missouri
Tyler Stephens,SR,TE,4,3,22,7.33,0,0.8,5.5,missouri
Jordon Harris,SO,TE,4,1,9,9.00,0,0.3,2.3,missouri
Jamal Roberts,FR,RB,5,1,4,4.00,0,0.2,0.8,missouri
Eli Heidenreich,JR,SB,5,20,449,22.45,5,4.0,89.8,navy
Brandon Chatman,JR,SB,5,8,158,19.75,2,1.6,31.6,navy
Nathan Kent,JR,WR,5,2,90,45.00,1,0.4,18.0,navy
Alex Tecza,JR,FB,5,3,30,10.00,0,0.6,6.0,navy
Cody Howard,JR,TE,3,2,28,14.00,0,0.7,9.3,navy
Jake Norris,SO,TE,4,2,25,12.50,0,0.5,6.3,navy
Thomas Scully,SR,TE,5,1,20,20.00,0,0.2,4.0,navy
Myles Slade,FR,TE,1,1,14,14.00,0,1.0,14.0,navy
Blake Horvath,JR,QB,5,1,13,13.00,0,0.2,2.6,navy
Amin Hassan,SR,SB,5,1,10,10.00,0,0.2,2.0,navy
Luke Hutchison,SO,WR,5,1,9,9.00,0,0.2,1.8,navy
Daba Fofana,SR,FB,5,1,3,3.00,0,0.2,0.6,navy
Isaiah Neyor,SR,WR,6,17,291,17.12,4,2.8,48.5,nebraska
Jahmal Banks,SR,WR,6,21,283,13.48,2,3.5,47.2,nebraska
Jaylen Lloyd,SO,WR,6,6,181,30.17,0,1.0,30.2,nebraska
"Jacory Barney, Jr.",FR,WR,6,19,149,7.84,0,3.2,24.8,nebraska
Rahmir Johnson,SR,RB,6,16,146,9.13,1,2.7,24.3,nebraska
Thomas Fidone II,JR,TE,6,14,127,9.07,0,2.3,21.2,nebraska
Emmett Johnson,SO,RB,6,8,103,12.88,0,1.3,17.2,nebraska
Carter Nelson,FR,WR,6,8,75,9.38,1,1.3,12.5,nebraska
Janiran Bonner,SO,WR,6,5,32,6.40,1,0.8,5.3,nebraska
Nate Boerkircher,JR,TE,6,1,25,25.00,0,0.2,4.2,nebraska
Luke Lindenmeyer,SO,TE,6,1,12,12.00,0,0.2,2.0,nebraska
Alex Bullock,JR,WR,6,1,12,12.00,0,0.2,2.0,nebraska
Roman Mangini,SO,WR,3,1,11,11.00,0,0.3,3.7,nebraska
Dante Dowdell,SO,RB,6,3,9,3.00,0,0.5,1.5,nebraska
Heinrich Haarberg,JR,QB,5,1,8,8.00,0,0.2,1.6,nebraska
Keelan Smith,FR,WR,1,1,4,4.00,0,1.0,4.0,nebraska
Jaden Smith,SR,WR,6,27,407,15.07,3,4.5,67.8,nevada
Cortez Braham Jr.,SR,WR,6,29,310,10.69,2,4.8,51.7,nevada
Marcus Bellon,JR,WR,6,18,233,12.94,2,3.0,38.8,nevada
Jace Henry,SR,TE,4,7,49,7.00,2,1.8,12.3,nevada
Savion Red,JR,RB,6,9,48,5.33,0,1.5,8.0,nevada
Patrick Garwo III,SR,RB,6,8,36,4.50,0,1.3,6.0,nevada
Sean Dollars,SR,RB,6,5,24,4.80,0,0.8,4.0,nevada
Marshaun Brown,FR,WR,2,1,11,11.00,0,0.5,5.5,nevada
Ashton Hayes,SO,RB,5,1,10,10.00,0,0.2,2.0,nevada
Ky Woods,SO,RB,6,3,8,2.67,0,0.5,1.3,nevada
Andrew Savaiinaea,SO,TE,6,2,8,4.00,0,0.3,1.3,nevada
Kitan Crawford,SR,S,6,1,6,6.00,0,0.2,1.0,nevada
Nathaneal Floyd,SR,WR,2,1,4,4.00,0,0.5,2.0,nevada
Luke Wysong,JR,WR,5,35,454,12.97,1,7.0,90.8,new_mexico
Ryan Davis,SR,WR,5,22,290,13.18,0,4.4,58.0,new_mexico
Caleb Medford,JR,WR,5,8,177,22.13,2,1.6,35.4,new_mexico
Nic Trujillo,FR,WR,5,9,142,15.78,0,1.8,28.4,new_mexico
Javen Jacobs,SO,RB,5,14,94,6.71,0,2.8,18.8,new_mexico
Trace Bruckler,JR,TE,5,12,78,6.50,2,2.4,15.6,new_mexico
Eli Sanders,JR,RB,5,5,48,9.60,0,1.0,9.6,new_mexico
NaQuari Rogers,JR,RB,5,2,11,5.50,1,0.4,2.2,new_mexico
Shawn Miller,SO,WR,5,1,8,8.00,0,0.2,1.6,new_mexico
Sol-Jay Maiava-Peters,JR,RB,4,2,7,3.50,0,0.5,1.8,new_mexico
TJ Pride,FR,WR,5,12,123,10.25,0,2.4,24.6,new_mexico_state
Kordell David,SR,WR,5,9,72,8.00,0,1.8,14.4,new_mexico_state
PJ Johnson III,JR,WR,5,6,72,12.00,0,1.2,14.4,new_mexico_state
Monte Watkins,JR,RB,5,2,69,34.50,1,0.4,13.8,new_mexico_state
Seth McGowan,JR,RB,5,8,64,8.00,1,1.6,12.8,new_mexico_state
Jordan Smith,SR,WR,4,3,39,13.00,0,0.8,9.8,new_mexico_state
Mike Washington,JR,RB,5,3,34,11.33,1,0.6,6.8,new_mexico_state
Jerry Lydiatt,FR,TE,4,4,22,5.50,1,1.0,5.5,new_mexico_state
Latrell Neville,JR,WR,5,4,20,5.00,0,0.8,4.0,new_mexico_state
Hunter Talley,SO,TE,3,2,15,7.50,0,0.7,5.0,new_mexico_state
Allen Ortiz,JR,WR,5,1,12,12.00,0,0.2,2.4,new_mexico_state
J.J. Jones,SR,WR,6,18,300,16.67,1,3.0,50.0,north_carolina
Bryson Nesbit,SR,TE,6,21,242,11.52,3,3.5,40.3,north_carolina
John Copenhaver,SR,TE,6,16,178,11.13,3,2.7,29.7,north_carolina
Kobe Paysour,JR,WR,6,9,166,18.44,0,1.5,27.7,north_carolina
Nate McCollum,SR,WR,5,14,151,10.79,0,2.8,30.2,north_carolina
Christian Hamilton,FR,WR,4,5,145,29.00,1,1.3,36.3,north_carolina
Omarion Hampton,JR,RB,6,16,123,7.69,0,2.7,20.5,north_carolina
Jordan Shipp,FR,WR,5,4,54,13.50,1,0.8,10.8,north_carolina
Gavin Blackwell,JR,WR,4,4,43,10.75,0,1.0,10.8,north_carolina
Caleb Hood,SR,RB,2,3,29,9.67,0,1.5,14.5,north_carolina
Alex Taylor,FR,WR,4,1,15,15.00,0,0.3,3.8,north_carolina
Chris Culliver,SO,WR,5,2,13,6.50,0,0.4,2.6,north_carolina
Javarius Green,FR,WR,5,1,12,12.00,0,0.2,2.4,north_carolina
Paul Billups II,FR,WR,6,1,10,10.00,0,0.2,1.7,north_carolina
Davion Gause,FR,RB,6,2,9,4.50,0,0.3,1.5,north_carolina
Jake Johnson,SO,TE,6,1,7,7.00,0,0.2,1.2,north_carolina
Darwin Barlow,SR,RB,1,1,5,5.00,0,1.0,5.0,north_carolina
Charleston French,SO,RB,2,1,2,2.00,0,0.5,1.0,north_carolina
Justin Joly,JR,TE,6,20,313,15.65,1,3.3,52.2,north_carolina_state
Kevin KC Concepcion,SO,WR,6,37,266,7.19,4,6.2,44.3,north_carolina_state
Noah Rogers,FR,WR,6,15,193,12.87,0,2.5,32.2,north_carolina_state
Wesley Grimes,JR,WR,6,12,141,11.75,0,2.0,23.5,north_carolina_state
Terrell Anderson,FR,WR,6,10,115,11.50,1,1.7,19.2,north_carolina_state
Jordan Waters,SR,RB,6,9,98,10.89,1,1.5,16.3,north_carolina_state
Dacari Collins,JR,WR,5,8,91,11.38,0,1.6,18.2,north_carolina_state
Kendrick Raphael,SO,RB,6,7,37,5.29,0,1.2,6.2,north_carolina_state
Keenan Jackson,FR,WR,6,3,35,11.67,1,0.5,5.8,north_carolina_state
"Demarcus Jones, II",SR,RB,6,1,14,14.00,0,0.2,2.3,north_carolina_state
Dante Daniels,JR,TE,6,1,9,9.00,0,0.2,1.5,north_carolina_state
Hollywood Smothers,FR,RB,4,3,1,0.33,0,0.8,0.3,north_carolina_state
Jakolbe Baldwin,SR,SAF,5,1,-1,-1.00,0,0.2,-0.2,north_carolina_state
DT Sheffield,JR,WR,5,23,317,13.78,5,4.6,63.4,north_texas
Damon Ward Jr.,SR,WR,4,16,288,18.00,2,4.0,72.0,north_texas
Blair Conwright,SR,WR,5,11,220,20.00,3,2.2,44.0,north_texas
Wyatt Young,FR,WR,5,8,175,21.88,2,1.6,35.0,north_texas
Dalton Carnes,SO,WR,5,12,165,13.75,1,2.4,33.0,north_texas
Oscar Hammond,JR,TE,5,11,145,13.18,1,2.2,29.0,north_texas
Jeremiah Aaron,JR,WR,3,5,97,19.40,1,1.7,32.3,north_texas
Miles Coleman,FR,WR,3,4,80,20.00,0,1.3,26.7,north_texas
Nick Rempert,SR,WR,4,7,80,11.43,0,1.8,20.0,north_texas
Landon Sides,SO,WR,4,9,70,7.78,0,2.3,17.5,north_texas
Kiefer Sibley,FR,RB,2,2,17,8.50,1,1.0,8.5,north_texas
Makenzie McGill II,FR,RB,5,1,17,17.00,0,0.2,3.4,north_texas
Shane Porter,JR,RB,5,3,15,5.00,0,0.6,3.0,north_texas
Juwaun Price,SR,RB,2,2,14,7.00,0,1.0,7.0,north_texas
Ikaika Ragsdale,JR,RB,2,4,13,3.25,0,2.0,6.5,north_texas
Zach Evans,SO,RB,2,4,10,2.50,0,2.0,5.0,north_texas
Baron Tipton,FR,WR,2,1,8,8.00,0,0.5,4.0,north_texas
Damashja Harris,JR,RB,3,4,7,1.75,0,1.3,2.3,north_texas
Kyle Koch,FR,WR,3,1,5,5.00,0,0.3,1.7,north_texas
Antario Brown,SR,RB,5,8,204,25.50,1,1.6,40.8,northern_illinois
Grayson Barnes,SR,TE,5,13,147,11.31,1,2.6,29.4,northern_illinois
Cam Thompson,SO,WR,5,9,129,14.33,2,1.8,25.8,northern_illinois
Trayvon Rudolph,SR,WR,4,7,119,17.00,1,1.8,29.8,northern_illinois
Andrew McElroy,SR,WR,5,9,112,12.44,0,1.8,22.4,northern_illinois
Dane Pardridge,SO,WR,4,4,68,17.00,1,1.0,17.0,northern_illinois
George Dimopoulos,FR,WR,5,5,51,10.20,0,1.0,10.2,northern_illinois
Brock Lampe,SR,FB,5,3,39,13.00,1,0.6,7.8,northern_illinois
Gavin Williams,SR,RB,5,6,25,4.17,0,1.2,5.0,northern_illinois
Jaylen Poe,FR,RB,5,3,25,8.33,0,0.6,5.0,northern_illinois
Keyshaun Pipkin,SO,WR,5,2,25,12.50,1,0.4,5.0,northern_illinois
Tristen Tewes,SR,TE,5,3,22,7.33,0,0.6,4.4,northern_illinois
Justin Lynch,JR,RB,5,3,9,3.00,0,0.6,1.8,northern_illinois
Jake Appleget,SO,TE,5,1,5,5.00,0,0.2,1.0,northern_illinois
A.J. Henning,SR,WR,5,31,296,9.55,3,6.2,59.2,northwestern
Bryce Kirtz,SR,WR,5,22,268,12.18,0,4.4,53.6,northwestern
Thomas Gordon,SR,TE,5,8,95,11.88,0,1.6,19.0,northwestern
Joseph Himon II,SO,RB,5,7,51,7.29,0,1.4,10.2,northwestern
Marshall Lang,SR,TE,5,4,46,11.50,1,0.8,9.2,northwestern
Frank Covey IV,FR,WR,4,5,36,7.20,0,1.3,9.0,northwestern
Cam Porter,SR,RB,4,6,27,4.50,0,1.5,6.8,northwestern
Calvin Johnson II,JR,WR,5,3,27,9.00,0,0.6,5.4,northwestern
Hunter Welcing,JR,TE,5,1,20,20.00,0,0.2,4.0,northwestern
Duke Olges,SR,TE,5,1,6,6.00,0,0.2,1.2,northwestern
Caleb Komolafe,FR,RB,5,1,5,5.00,0,0.2,1.0,northwestern
Beaux Collins,SR,WR,5,17,181,10.65,1,3.4,36.2,notre_dame
Jaden Greathouse,SO,WR,5,13,140,10.77,1,2.6,28.0,notre_dame
Jayden Harrison,SR,WR,5,8,104,13.00,0,1.6,20.8,notre_dame
Mitchell Evans,SR,TE,5,10,82,8.20,0,2.0,16.4,notre_dame
Kris Mitchell,SR,WR,5,6,69,11.50,0,1.2,13.8,notre_dame
Jeremiyah Love,SO,RB,5,11,67,6.09,1,2.2,13.4,notre_dame
Jayden Thomas,JR,WR,5,7,67,9.57,0,1.4,13.4,notre_dame
Cooper Flanagan,SO,TE,4,3,53,17.67,1,0.8,13.3,notre_dame
Eli Raridon,JR,TE,5,4,36,9.00,0,0.8,7.2,notre_dame
Jordan Faison,SO,WR,3,4,29,7.25,0,1.3,9.7,notre_dame
KK Smith,FR,WR,3,2,13,6.50,0,0.7,4.3,notre_dame
Kevin Bauman,SR,TE,3,1,8,8.00,1,0.3,2.7,notre_dame
Devyn Ford,SR,RB,5,2,6,3.00,0,0.4,1.2,notre_dame
Deion Colzie,JR,WR,4,1,4,4.00,0,0.3,1.0,notre_dame
Jadarian Price,SO,RB,5,1,-1,-1.00,0,0.2,-0.2,notre_dame
Coleman Owen,SR,WR,5,31,466,15.03,2,6.2,93.2,ohio
Chase Hendricks,SO,WR,5,11,136,12.36,1,2.2,27.2,ohio
Mason Williams,FR,TE,5,7,79,11.29,0,1.4,15.8,ohio
Rodney Harris II,SO,WR,5,7,72,10.29,0,1.4,14.4,ohio
Anthony Tyus III,SR,RB,5,6,51,8.50,1,1.2,10.2,ohio
Caleb Gossett,JR,WR,5,5,40,8.00,0,1.0,8.0,ohio
Max Rodarte,JR,WR,3,1,23,23.00,0,0.3,7.7,ohio
Rickey Hunt Jr.,FR,RB,5,3,10,3.33,0,0.6,2.0,ohio
Eian Pugh,SO,WR,3,1,9,9.00,0,0.3,3.0,ohio
Jeremiah Smith,FR,WR,5,23,453,19.70,6,4.6,90.6,ohio_state
Emeka Egbuka,SR,WR,5,30,433,14.43,5,6.0,86.6,ohio_state
Carnell Tate,SO,WR,4,14,219,15.64,1,3.5,54.8,ohio_state
Brandon Inniss,SO,WR,5,8,92,11.50,0,1.6,18.4,ohio_state
Bennett Christian,JR,TE,5,2,61,30.50,1,0.4,12.2,ohio_state
Bryson Rodgers,SO,WR,5,5,46,9.20,0,1.0,9.2,ohio_state
Quinshon Judkins,JR,RB,5,5,29,5.80,0,1.0,5.8,ohio_state
Will Kacmarek,SR,TE,5,4,26,6.50,0,0.8,5.2,ohio_state
TreVeyon Henderson,SR,RB,5,6,19,3.17,0,1.2,3.8,ohio_state
Gee Scott Jr.,SR,TE,5,4,19,4.75,1,0.8,3.8,ohio_state
Jayden Ballard,SR,WR,4,2,18,9.00,0,0.5,4.5,ohio_state
David Adolph,JR,WR,5,1,10,10.00,0,0.2,2.0,ohio_state
Kojo Antwi,JR,WR,4,1,8,8.00,0,0.3,2.0,ohio_state
Patrick Gurd,SR,TE,5,1,6,6.00,0,0.2,1.2,ohio_state
Jelani Thurman,SO,TE,4,1,3,3.00,0,0.3,0.8,ohio_state
James Peoples,FR,RB,5,1,-2,-2.00,0,0.2,-0.4,ohio_state
Deion Burks,JR,WR,4,26,201,7.73,3,6.5,50.3,oklahoma
Bauer Sharp,JR,TE,5,18,159,8.83,1,3.6,31.8,oklahoma
Brenen Thompson,JR,WR,5,10,106,10.60,1,2.0,21.2,oklahoma
J.J. Hester,SR,WR,5,3,86,28.67,0,0.6,17.2,oklahoma
Jaquaize Pettaway,SO,WR,5,4,81,20.25,0,0.8,16.2,oklahoma
Jake Roberts,SR,TE,5,6,67,11.17,1,1.2,13.4,oklahoma
Jalil Farooq,SR,WR,1,1,47,47.00,0,1.0,47.0,oklahoma
Zion Ragins,FR,WR,5,4,44,11.00,0,0.8,8.8,oklahoma
Jovantae Barnes,JR,RB,5,6,20,3.33,1,1.2,4.0,oklahoma
Zion Kearney,FR,WR,3,1,12,12.00,0,0.3,4.0,oklahoma
Gavin Sawchuk,SO,RB,5,2,10,5.00,0,0.4,2.0,oklahoma
Taylor Tatum,FR,RB,4,1,9,9.00,1,0.3,2.3,oklahoma
Andrel Anthony,SR,WR,1,1,4,4.00,0,1.0,4.0,oklahoma
Ivan Carreon,FR,WR,3,1,2,2.00,0,0.3,0.7,oklahoma
Jackson Arnold,SO,QB,4,1,-2,-2.00,0,0.3,-0.5,oklahoma
De’Zhaun Stribling,JR,WR,6,29,556,19.17,4,4.8,92.7,oklahoma_state
Brennan Presley,SR,WR,6,36,337,9.36,4,6.0,56.2,oklahoma_state
Rashod Owens,SR,WR,6,19,291,15.32,3,3.2,48.5,oklahoma_state
Talyn Shettron,SO,WR,6,10,212,21.20,1,1.7,35.3,oklahoma_state
Ollie Gordon II,JR,RB,6,15,88,5.87,0,2.5,14.7,oklahoma_state
Da'Wain Lofton,SR,WR,1,3,73,24.33,0,3.0,73.0,oklahoma_state
Jake Schultz,SR,FB,6,1,63,63.00,0,0.2,10.5,oklahoma_state
Josh Ford,FR,TE,6,8,61,7.63,1,1.3,10.2,oklahoma_state
Gavin Freeman,JR,WR,4,6,45,7.50,0,1.5,11.3,oklahoma_state
Sesi Vailahi,FR,RB,6,6,28,4.67,0,1.0,4.7,oklahoma_state
Tyler Foster,SR,TE,6,2,18,9.00,0,0.3,3.0,oklahoma_state
Ayo Shotomide-King,SO,WR,5,1,13,13.00,0,0.2,2.6,oklahoma_state
Cale Cabbiness,SR,WR,6,1,7,7.00,0,0.2,1.2,oklahoma_state
Trent Howland,JR,RB,4,1,2,2.00,0,0.3,0.5,oklahoma_state
Isiah Paige,SR,WR,5,23,268,11.65,2,4.6,53.6,old_dominion
Pat Conroy,SR,TE,5,9,158,17.56,2,1.8,31.6,old_dominion
Diante Vines,SR,WR,5,17,151,8.88,1,3.4,30.2,old_dominion
Myles Alston,JR,WR,5,13,133,10.23,0,2.6,26.6,old_dominion
Kelby Williams,JR,WR,5,2,52,26.00,1,0.4,10.4,old_dominion
Aaron Young,SR,RB,5,6,28,4.67,0,1.2,5.6,old_dominion
Devin Roche,FR,RB,4,2,27,13.50,0,0.5,6.8,old_dominion
Bryce Duke,JR,RB,5,6,18,3.00,1,1.2,3.6,old_dominion
Demariyon Houston,SR,WR,5,4,10,2.50,0,0.8,2.0,old_dominion
Tez Johnson,SR,WR,5,43,395,9.19,5,8.6,79.0,oregon
Traeshon Holden,SR,WR,5,19,274,14.42,3,3.8,54.8,oregon
Terrance Ferguson,SR,TE,5,16,259,16.19,0,3.2,51.8,oregon
Evan Stewart,JR,WR,5,16,182,11.38,2,3.2,36.4,oregon
Kenyon Sadiq,SO,TE,5,11,112,10.18,0,2.2,22.4,oregon
Jayden Limar,SO,RB,5,2,71,35.50,1,0.4,14.2,oregon
Jordan James,JR,RB,5,9,61,6.78,0,1.8,12.2,oregon
Patrick Herbert,SR,TE,5,6,42,7.00,0,1.2,8.4,oregon
Noah Whittington,JR,RB,5,6,34,5.67,0,1.2,6.8,oregon
Kyler Kasper,SO,WR,4,1,21,21.00,0,0.3,5.3,oregon
Justius Lowe,SO,WR,4,3,11,3.67,0,0.8,2.8,oregon
Jurrion Dickey,FR,WR,1,1,7,7.00,0,1.0,7.0,oregon
Jay Harris,JR,RB,1,1,2,2.00,0,1.0,2.0,oregon
Trent Walker,JR,WR,5,30,284,9.47,0,6.0,56.8,oregon_state
Taz Reddicks,FR,WR,5,11,111,10.09,0,2.2,22.2,oregon_state
David Wells Jr.,FR,WR,4,3,75,25.00,1,0.8,18.8,oregon_state
Anthony Hankerson,JR,RB,5,11,71,6.45,0,2.2,14.2,oregon_state
Jeremiah Noga,JR,WR,5,6,56,9.33,0,1.2,11.2,oregon_state
Bryce Caufield,JR,TE,5,3,49,16.33,1,0.6,9.8,oregon_state
Darrius Clemons,JR,WR,2,5,46,9.20,0,2.5,23.0,oregon_state
Jermaine Terry II,SR,TE,5,3,42,14.00,0,0.6,8.4,oregon_state
Jam Griffin,SR,RB,5,5,26,5.20,0,1.0,5.2,oregon_state
Tyler Warren,SR,TE,5,23,289,12.57,3,4.6,57.8,penn_state
Harrison Wallace III,JR,WR,5,14,230,16.43,2,2.8,46.0,penn_state
Omari Evans,JR,WR,5,10,220,22.00,2,2.0,44.0,penn_state
Liam Clifford,JR,WR,5,8,180,22.50,1,1.6,36.0,penn_state
Julian Fleming,SR,WR,5,7,99,14.14,0,1.4,19.8,penn_state
Nicholas Singleton,JR,RB,4,6,74,12.33,2,1.5,18.5,penn_state
Luke Reynolds,FR,TE,5,3,35,11.67,0,0.6,7.0,penn_state
Khalil Dinkins,JR,TE,4,3,26,8.67,1,0.8,6.5,penn_state
Kaytron Allen,JR,RB,5,2,21,10.50,1,0.4,4.2,penn_state
"Quinton Martin, Jr.",FR,RB,2,3,18,6.00,0,1.5,9.0,penn_state
Anthony Ivey,SO,WR,3,1,15,15.00,0,0.3,5.0,penn_state
Tyseer Denmark,FR,WR,1,1,13,13.00,0,1.0,13.0,penn_state
Konata Mumpfield,SR,WR,5,23,426,18.52,3,4.6,85.2,pittsburgh
Desmond Reid,JR,RB,4,24,322,13.42,4,6.0,80.5,pittsburgh
Censere Lee,JR,WR,5,16,230,14.38,2,3.2,46.0,pittsburgh
Kenny Johnson,SO,WR,5,17,224,13.18,2,3.4,44.8,pittsburgh
Raphael Williams Jr.,JR,WR,5,16,205,12.81,4,3.2,41.0,pittsburgh
Gavin Bartholomew,SR,TE,5,14,117,8.36,0,2.8,23.4,pittsburgh
Jake Overman,SR,TE,5,5,53,10.60,0,1.0,10.6,pittsburgh
Daejon Reynolds,JR,WR,5,2,50,25.00,1,0.4,10.0,pittsburgh
Daniel Carter,SR,RB,5,2,18,9.00,1,0.4,3.6,pittsburgh
Derrick Davis Jr.,JR,RB,5,2,17,8.50,0,0.4,3.4,pittsburgh
Che Nwabuko,SO,RB,2,1,13,13.00,0,0.5,6.5,pittsburgh
Zion Fowler-El,FR,WR,1,1,12,12.00,0,1.0,12.0,pittsburgh
Benny Haselrig,FR,WR,1,1,7,7.00,0,1.0,7.0,pittsburgh
Lamar Seymore,FR,WR,1,1,5,5.00,0,1.0,5.0,pittsburgh
Max Klare,SO,TE,5,15,219,14.60,2,3.0,43.8,purdue
Jahmal Edrine,JR,WR,3,7,103,14.71,0,2.3,34.3,purdue
Jaron Tibbs,SO,WR,5,11,89,8.09,1,2.2,17.8,purdue
Kam Brown,SR,WR,4,2,68,34.00,0,0.5,17.0,purdue
De'Nylon Morrissette,SO,WR,5,7,67,9.57,2,1.4,13.4,purdue
Leland Smith,SO,WR,5,5,67,13.40,2,1.0,13.4,purdue
Drew Biber,JR,TE,5,7,51,7.29,0,1.4,10.2,purdue
Devin Mockobee,JR,RB,5,6,47,7.83,0,1.2,9.4,purdue
Shamar Rigby,FR,WR,5,5,27,5.40,0,1.0,5.4,purdue
Andrew Sowinski,SR,WR,5,3,24,8.00,0,0.6,4.8,purdue
Jayden Dixon-Veal,SR,WR,3,3,23,7.67,0,1.0,7.7,purdue
Jesse Watson,FR,WR,1,1,16,16.00,0,1.0,16.0,purdue
Elijah Jackson,FR,RB,5,2,7,3.50,0,0.4,1.4,purdue
George Burhenn,SO,TE,1,1,3,3.00,0,1.0,3.0,purdue
Reggie Love III,SR,RB,5,2,2,1.00,0,0.4,0.4,purdue
Hudson Card,SR,QB,5,1,-7,-7.00,0,0.2,-1.4,purdue
Matt Sykes,SR,WR,5,24,293,12.21,2,4.8,58.6,rice
Dean Connors,SR,RB,5,29,139,4.79,0,5.8,27.8,rice
Kobie Campbell,SR,WR,5,11,121,11.00,1,2.2,24.2,rice
Braylen Walker,SO,WR,5,11,103,9.36,1,2.2,20.6,rice
Boden Groen,SR,TE,4,12,94,7.83,0,3.0,23.5,rice
Elijah Mojarro,SR,TE,4,5,77,15.40,1,1.3,19.3,rice
Graham Walker,SR,TE,5,5,66,13.20,0,1.0,13.2,rice
Christian Francisco,JR,RB,5,5,50,10.00,1,1.0,10.0,rice
Quinton Jackson,SO,RB,5,4,33,8.25,1,0.8,6.6,rice
Drayden Dickmann,FR,WR,5,5,24,4.80,0,1.0,4.8,rice
Tyson Thompson,JR,WR,5,3,11,3.67,0,0.6,2.2,rice
Micah Barnett,JR,FB,5,1,8,8.00,0,0.2,1.6,rice
JoVoni Johnson-McCray,SR,WR,5,1,6,6.00,0,0.2,1.2,rice
Dymere Miller,SR,WR,5,17,262,15.41,1,3.4,52.4,rutgers
Ian Strong,SO,WR,5,13,196,15.08,1,2.6,39.2,rutgers
Kenny Fletcher,JR,TE,5,19,130,6.84,2,3.8,26.0,rutgers
Chris Long,SR,WR,5,8,128,16.00,1,1.6,25.6,rutgers
KJ Duff,FR,WR,5,7,96,13.71,1,1.4,19.2,rutgers
Ben Black,FR,WR,5,3,63,21.00,1,0.6,12.6,rutgers
Samuel Brown V,JR,RB,4,1,34,34.00,1,0.3,8.5,rutgers
Kyle Monangai,SR,RB,5,5,26,5.20,0,1.0,5.2,rutgers
Victor Konopka,SR,TE,5,1,12,12.00,0,0.2,2.4,rutgers
Qua'Vez Humphreys,JR,WR,6,12,281,23.42,4,2.0,46.8,sam_houston_state
Ife Adeyi,SR,WR,6,17,177,10.41,1,2.8,29.5,sam_houston_state
Simeon Evans,JR,WR,6,14,174,12.43,2,2.3,29.0,sam_houston_state
Noah Smith,SR,WR,6,14,110,7.86,0,2.3,18.3,sam_houston_state
Michael Phoenix II,JR,WR,5,4,74,18.50,2,0.8,14.8,sam_houston_state
DJ McKinney,FR,RB,6,5,50,10.00,0,0.8,8.3,sam_houston_state
Jay Ducker,SR,RB,6,4,41,10.25,0,0.7,6.8,sam_houston_state
Elijah Sohn,SR,TE,6,5,40,8.00,0,0.8,6.7,sam_houston_state
Jyzaiah Rockwell,SO,WR,3,3,29,9.67,0,1.0,9.7,sam_houston_state
Malik Phillips,SR,WR,3,2,25,12.50,0,0.7,8.3,sam_houston_state
John Gentry,JR,RB,5,5,14,2.80,1,1.0,2.8,sam_houston_state
Shane Johnson,JR,WR,5,2,14,7.00,0,0.4,2.8,sam_houston_state
Zach Hrbacek,JR,RB,6,1,3,3.00,0,0.2,0.5,sam_houston_state
Fernando Garza III,JR,TE,6,1,2,2.00,0,0.2,0.3,sam_houston_state
Louis Brown IV,JR,WR,5,21,349,16.62,2,4.2,69.8,san_diego_state
Jordan Napier,FR,WR,5,10,134,13.40,2,2.0,26.8,san_diego_state
Ja’Shaun Poke,SR,WR,5,16,130,8.13,0,3.2,26.0,san_diego_state
Nate Bennett,SR,WR,5,7,124,17.71,0,1.4,24.8,san_diego_state
Jude Wolfe,SR,TE,5,11,95,8.64,2,2.2,19.0,san_diego_state
Marquez Cooper,SR,RB,5,10,58,5.80,0,2.0,11.6,san_diego_state
Michael Harrison,SR,TE,5,5,39,7.80,0,1.0,7.8,san_diego_state
Baylin Brooks,SO,WR,3,2,14,7.00,0,0.7,4.7,san_diego_state
Owen Chambliss,FR,LB,5,1,10,10.00,0,0.2,2.0,san_diego_state
Jaylon Armstead,SR,RB,3,1,6,6.00,0,0.3,2.0,san_diego_state
Mekhi Shaw,SR,WR,5,1,-2,-2.00,0,0.2,-0.4,san_diego_state
Nick Nash,SR,WR,5,55,712,12.95,9,11.0,142.4,san_jose_state
Justin Lockhart,SR,WR,5,19,325,17.11,3,3.8,65.0,san_jose_state
TreyShun Hurry,SO,WR,5,10,173,17.30,1,2.0,34.6,san_jose_state
Jackson Canaan,JR,TE,5,12,151,12.58,1,2.4,30.2,san_jose_state
Jacob Stewart,JR,TE,5,13,113,8.69,2,2.6,22.6,san_jose_state
Sebastian Macaluso,SR,WR,5,3,67,22.33,0,0.6,13.4,san_jose_state
Matthew Coleman,SO,WR,5,6,59,9.83,0,1.2,11.8,san_jose_state
Floyd Chalk IV,JR,RB,5,3,27,9.00,0,0.6,5.4,san_jose_state
Jabari Bates,SO,RB,5,1,16,16.00,1,0.2,3.2,san_jose_state
RJ Maryland,JR,TE,6,22,304,13.82,3,3.7,50.7,smu
Jake Bailey,SR,WR,6,13,214,16.46,1,2.2,35.7,smu
Key'Shawn Smith,SR,WR,6,12,166,13.83,2,2.0,27.7,smu
Brashard Smith,SR,RB,6,14,138,9.86,1,2.3,23.0,smu
Jordan Hudson,JR,WR,6,11,129,11.73,3,1.8,21.5,smu
Roderick Daniels Jr.,SR,WR,6,9,122,13.56,0,1.5,20.3,smu
Romello Brinson,SR,WR,4,7,92,13.14,0,1.8,23.0,smu
Moochie Dixon,SR,WR,5,5,64,12.80,0,1.0,12.8,smu
Jaylan Knighton,SR,RB,2,4,42,10.50,0,2.0,21.0,smu
Matthew Hibner,SR,TE,6,2,31,15.50,0,0.3,5.2,smu
Ashton Cozart,FR,WR,3,1,24,24.00,0,0.3,8.0,smu
Adam Moore,SO,TE,2,2,12,6.00,0,1.0,6.0,smu
LJ Johnson Jr.,JR,RB,5,3,12,4.00,0,0.6,2.4,smu
Carter Campbell,SR,WR,3,1,10,10.00,0,0.3,3.3,smu
Jamaal Pritchett,SR,WR,6,36,532,14.78,6,6.0,88.7,south_alabama
Jeremiah Webb,SR,WR,6,12,224,18.67,1,2.0,37.3,south_alabama
Devin Voisin,SR,WR,6,18,221,12.28,0,3.0,36.8,south_alabama
Anthony Eager,FR,WR,6,6,122,20.33,2,1.0,20.3,south_alabama
Shamar Sandgren,SR,WR,6,12,119,9.92,1,2.0,19.8,south_alabama
Kentrel Bullock,JR,RB,6,10,92,9.20,0,1.7,15.3,south_alabama
DJ Thomas-Jones,SR,TE,6,11,83,7.55,3,1.8,13.8,south_alabama
Fluff Bothwell,FR,RB,6,9,75,8.33,0,1.5,12.5,south_alabama
Braylon McReynolds,SO,RB,3,2,40,20.00,0,0.7,13.3,south_alabama
PJ Martin,FR,RB,6,2,26,13.00,0,0.3,4.3,south_alabama
Andrew Bench,SR,TE,4,1,19,19.00,0,0.3,4.8,south_alabama
Iverson Celestine,JR,RB,6,2,19,9.50,0,0.3,3.2,south_alabama
Javon Ivory,SR,WR,6,1,14,14.00,0,0.2,2.3,south_alabama
"Mazeo Bennett, Jr.",FR,WR,5,14,200,14.29,2,2.8,40.0,south_carolina
Joshua Simon,SR,TE,5,11,120,10.91,1,2.2,24.0,south_carolina
Gage Larvadain,SR,WR,5,7,118,16.86,0,1.4,23.6,south_carolina
Vandrevius Jacobs,FR,WR,5,4,107,26.75,0,0.8,21.4,south_carolina
Jared Brown,JR,WR,4,8,103,12.88,0,2.0,25.8,south_carolina
Nyck Harbor,SO,WR,5,7,51,7.29,0,1.4,10.2,south_carolina
Michael Smith,FR,TE,5,6,51,8.50,0,1.2,10.2,south_carolina
Dalevon Campbell,SR,WR,5,2,33,16.50,0,0.4,6.6,south_carolina
Raheim Sanders,SR,RB,5,4,32,8.00,0,0.8,6.4,south_carolina
Eriq Rice,JR,WR,1,2,20,10.00,0,2.0,20.0,south_carolina
Juju McDowell,SR,RB,5,1,12,12.00,1,0.2,2.4,south_carolina
Payton Mangrum,SR,WR,3,2,11,5.50,0,0.7,3.7,south_carolina
Brady Hunt,JR,TE,5,1,11,11.00,0,0.2,2.2,south_carolina
Connor Cox,SO,TE,3,1,9,9.00,1,0.3,3.0,south_carolina
Oscar Adaway III,SR,RB,5,1,2,2.00,0,0.2,0.4,south_carolina
Sean Atkins,SR,WR,5,27,309,11.44,0,5.4,61.8,south_florida
Abdur-Rahmaan Yaseen,SR,WR,5,17,223,13.12,0,3.4,44.6,south_florida
Michael Brown-Stephens,SR,WR,5,11,133,12.09,1,2.2,26.6,south_florida
Ta'Ron Keith,SR,RB,5,5,73,14.60,0,1.0,14.6,south_florida
Joshua Hardeman,SR,WR,5,6,59,9.83,1,1.2,11.8,south_florida
Payten Singletary,SR,TE,5,5,48,9.60,1,1.0,9.6,south_florida
Joshua Porter,FR,WR,5,8,40,5.00,0,1.6,8.0,south_florida
Nay'Quan Wright,SR,RB,5,8,33,4.13,0,1.6,6.6,south_florida
Byrum Brown,JR,QB,5,1,12,12.00,1,0.2,2.4,south_florida
Kelley Joiner,SR,RB,5,3,11,3.67,0,0.6,2.2,south_florida
JeyQuan Smith,SO,WR,5,1,5,5.00,0,0.2,1.0,south_florida
Larry Simmons,SO,WR,5,14,235,16.79,0,2.8,47.0,southern_mississippi
Tiaquelin Ti Mims,JR,WR,5,16,185,11.56,0,3.2,37.0,southern_mississippi
Kyirin Heath,JR,TE,5,11,168,15.27,2,2.2,33.6,southern_mississippi
Justyn Reid,SO,TE,5,4,109,27.25,0,0.8,21.8,southern_mississippi
Davis Dalton,SO,WR,5,8,84,10.50,1,1.6,16.8,southern_mississippi
Kenyon Clay,SO,RB,5,4,69,17.25,1,0.8,13.8,southern_mississippi
Dannis Jackson,SR,WR,3,4,63,15.75,0,1.3,21.0,southern_mississippi
Tate Rodemaker,JR,QB,5,1,42,42.00,0,0.2,8.4,southern_mississippi
Reed Jesiolowski,FR,TE,3,1,26,26.00,0,0.3,8.7,southern_mississippi
Rodrigues Dreke Clark,SR,RB,5,10,26,2.60,0,2.0,5.2,southern_mississippi
JQ Gray,FR,RB,5,2,13,6.50,0,0.4,2.6,southern_mississippi
Chandler Pittman,SR,RB,5,2,9,4.50,0,0.4,1.8,southern_mississippi
Javieon J.J. Butler,SO,WR,5,1,4,4.00,0,0.2,0.8,southern_mississippi
Elic Ayomanor,SO,WR,5,24,317,13.21,3,4.8,63.4,stanford
Ismael Cisse,FR,WR,5,22,186,8.45,2,4.4,37.2,stanford
Sam Roush,JR,TE,5,12,97,8.08,1,2.4,19.4,stanford
Sedrick Irvin,SO,RB,5,4,92,23.00,0,0.8,18.4,stanford
Emmett Mosley V,FR,WR,2,11,77,7.00,1,5.5,38.5,stanford
Micah Ford,FR,RB,5,10,59,5.90,0,2.0,11.8,stanford
Mudia Reuben,JR,WR,3,4,31,7.75,1,1.3,10.3,stanford
Jackson Harris,FR,WR,4,3,19,6.33,1,0.8,4.8,stanford
Tiger Bachmeier,SO,WR,5,3,18,6.00,0,0.6,3.6,stanford
Benji Blackburn,FR,TE,5,1,12,12.00,0,0.2,2.4,stanford
Trebor Pena,JR,WR,5,34,383,11.26,5,6.8,76.6,syracuse
Oronde Gadsden II,JR,TE,5,26,359,13.81,3,5.2,71.8,syracuse
Jackson Meeks,SR,WR,5,27,343,12.70,3,5.4,68.6,syracuse
LeQuint Allen,JR,RB,5,29,226,7.79,3,5.8,45.2,syracuse
Umari Hatcher,JR,WR,5,12,218,18.17,2,2.4,43.6,syracuse
Darrell Gill Jr.,SO,WR,4,11,133,12.09,1,2.8,33.3,syracuse
Zeed Haynes,FR,WR,2,8,97,12.13,0,4.0,48.5,syracuse
Will Nixon,JR,RB,3,4,44,11.00,0,1.3,14.7,syracuse
Jamie Tremble,FR,TE,5,1,19,19.00,0,0.2,3.8,syracuse
Jaylan Hornsby,FR,WR,1,1,12,12.00,0,1.0,12.0,syracuse
Dan Villari,JR,TE,5,1,7,7.00,0,0.2,1.4,syracuse
Yasin Willis,FR,RB,5,2,4,2.00,0,0.4,0.8,syracuse
Jack Bech,SR,WR,6,39,702,18.00,7,6.5,117.0,tcu
JP Richardson,SR,WR,6,29,332,11.45,0,4.8,55.3,tcu
Savion Williams,SR,WR,6,31,328,10.58,4,5.2,54.7,tcu
Eric McAlister,JR,WR,6,16,322,20.13,3,2.7,53.7,tcu
Blake Nowell,SR,WR,6,5,84,16.80,0,0.8,14.0,tcu
Chase Curtis,SR,TE,4,7,77,11.00,1,1.8,19.3,tcu
Cam Cook,SO,RB,6,13,44,3.38,0,2.2,7.3,tcu
Jeremy Payne,FR,RB,6,4,40,10.00,0,0.7,6.7,tcu
JoJo Earle,SR,WR,4,7,37,5.29,1,1.8,9.3,tcu
Drake Dabney,SR,TE,6,6,29,4.83,0,1.0,4.8,tcu
Jordyn Bailey,FR,WR,5,5,23,4.60,1,1.0,4.6,tcu
DJ Rogers,JR,TE,6,2,17,8.50,0,0.3,2.8,tcu
Hunter Krepp,SO,WR,1,1,10,10.00,0,1.0,10.0,tcu
Braylon James,FR,WR,4,2,6,3.00,0,0.5,1.5,tcu
Major Everhart,SO,WR,1,1,4,4.00,0,1.0,4.0,tcu
Dominique Johnson,JR,RB,6,1,2,2.00,0,0.2,0.3,tcu
Dante Wright,SR,WR,6,42,517,12.31,4,7.0,86.2,temple
Ashton Allen,SR,WR,6,8,104,13.00,0,1.3,17.3,temple
Antwain Littleton,JR,RB,6,9,101,11.22,1,1.5,16.8,temple
Antonio Jones,JR,WR,6,11,89,8.09,1,1.8,14.8,temple
James Della Pesca,SR,TE,6,8,85,10.63,0,1.3,14.2,temple
Daniel Evert,FR,TE,3,3,80,26.67,2,1.0,26.7,temple
John Adams,JR,WR,6,6,63,10.50,1,1.0,10.5,temple
Landon Morris,JR,TE,5,6,62,10.33,0,1.2,12.4,temple
Kajiya Hollawayne,JR,WR,5,2,24,12.00,0,0.4,4.8,temple
Xavier Irvin,SO,WR,4,2,22,11.00,0,0.5,5.5,temple
E.J. Wilson,SR,RB,4,4,19,4.75,0,1.0,4.8,temple
Terrez Worthy,JR,RB,6,3,16,5.33,0,0.5,2.7,temple
Peter Clarke,SO,TE,3,2,13,6.50,1,0.7,4.3,temple
Joquez Smith,SO,RB,6,3,10,3.33,0,0.5,1.7,temple
Tyrei Washington,JR,RB,4,2,8,4.00,0,0.5,2.0,temple
Reese Clark,SO,TE,2,1,4,4.00,0,0.5,2.0,temple
Cole Sprague,SO,WR,6,1,4,4.00,0,0.2,0.7,temple
Dont'e Thornton Jr.,SR,WR,5,8,284,35.50,3,1.6,56.8,tennessee
Bru McCoy,SR,WR,5,14,209,14.93,0,2.8,41.8,tennessee
Chris Brazzell II,SO,WR,5,13,161,12.38,1,2.6,32.2,tennessee
Squirrel White,JR,WR,5,15,159,10.60,0,3.0,31.8,tennessee
Dylan Sampson,JR,RB,5,8,81,10.13,0,1.6,16.2,tennessee
Miles Kitselman,SR,TE,5,6,78,13.00,2,1.2,15.6,tennessee
Holden Staes,JR,TE,5,6,55,9.17,1,1.2,11.0,tennessee
Chas Nimrod,SO,WR,5,5,54,10.80,0,1.0,10.8,tennessee
Kaleb Webb,SO,WR,4,5,44,8.80,0,1.3,11.0,tennessee
Ethan Davis,FR,TE,4,5,42,8.40,1,1.3,10.5,tennessee
Mike Matthews,FR,WR,3,2,35,17.50,1,0.7,11.7,tennessee
Trey Weary,SO,WR,2,3,18,6.00,0,1.5,9.0,tennessee
Nathan Leacock,FR,WR,4,1,13,13.00,0,0.3,3.3,tennessee
Dayton Sneed,FR,WR,3,1,12,12.00,0,0.3,4.0,tennessee
DeSean Bishop,FR,RB,5,1,10,10.00,0,0.2,2.0,tennessee
Khalifa Keith,SO,RB,3,1,8,8.00,0,0.3,2.7,tennessee
Cameron Seldon,SO,RB,3,1,-2,-2.00,0,0.3,-0.7,tennessee
Isaiah Bond,JR,WR,5,20,364,18.20,3,4.0,72.8,texas
Ryan Wingo,FR,WR,5,11,247,22.45,2,2.2,49.4,texas
Matthew Golden,JR,WR,5,18,223,12.39,3,3.6,44.6,texas
Gunnar Helm,SR,TE,5,16,220,13.75,1,3.2,44.0,texas
Johntay Cook II,SO,WR,5,8,137,17.13,2,1.6,27.4,texas
DeAndre Moore Jr.,SO,WR,5,8,127,15.88,3,1.6,25.4,texas
Jaydon Blue,JR,RB,4,11,87,7.91,2,2.8,21.8,texas
Silas Bolden,SR,WR,5,9,74,8.22,1,1.8,14.8,texas
Quintrevion Wisner,SO,RB,4,5,58,11.60,0,1.3,14.5,texas
Jerrick Gibson,FR,RB,5,3,25,8.33,0,0.6,5.0,texas
Ryan Niblett,FR,WR,4,3,24,8.00,0,0.8,6.0,texas
Juan Davis,SR,TE,5,2,18,9.00,0,0.4,3.6,texas
Amari Niblack,JR,TE,5,1,7,7.00,0,0.2,1.4,texas
Noah Thomas,JR,WR,6,19,252,13.26,2,3.2,42.0,texas_a&m
Cyrus Allen,JR,WR,6,12,204,17.00,1,2.0,34.0,texas_a&m
Jahdae Walker,SR,WR,6,11,131,11.91,1,1.8,21.8,texas_a&m
Terry Bussey,FR,DB,6,5,86,17.20,0,0.8,14.3,texas_a&m
Tre Watson,SR,TE,6,6,69,11.50,1,1.0,11.5,texas_a&m
Theo Melin Öhrström,SO,TE,6,4,69,17.25,2,0.7,11.5,texas_a&m
Le'Veon Moss,JR,RB,6,5,68,13.60,0,0.8,11.3,texas_a&m
Jabre Barber,SR,WR,5,10,66,6.60,0,2.0,13.2,texas_a&m
Moose Muhammad III,SR,WR,5,5,49,9.80,1,1.0,9.8,texas_a&m
Amari Daniels,JR,RB,6,2,32,16.00,0,0.3,5.3,texas_a&m
Izaiah Williams,FR,WR,1,1,15,15.00,0,1.0,15.0,texas_a&m
Shane Calhoun,SR,TE,6,1,15,15.00,0,0.2,2.5,texas_a&m
Jacob Bostick,SO,WR,6,1,14,14.00,0,0.2,2.3,texas_a&m
Ashton Bethel-Roman,FR,WR,1,1,9,9.00,0,1.0,9.0,texas_a&m
EJ Smith,SR,RB,5,1,7,7.00,0,0.2,1.4,texas_a&m
Jaden Williams,SR,WR,5,27,365,13.52,4,5.4,73.0,texas_state
Joey Hobert,SR,WR,5,32,310,9.69,5,6.4,62.0,texas_state
"Chris Dawn, Jr.",SO,WR,5,14,237,16.93,3,2.8,47.4,texas_state
Kole Wilson,JR,WR,5,18,208,11.56,2,3.6,41.6,texas_state
Beau Sparks,SO,WR,5,11,116,10.55,1,2.2,23.2,texas_state
Ismail Mahdi,JR,RB,5,11,89,8.09,0,2.2,17.8,texas_state
Konner Fox,SR,TE,5,7,62,8.86,0,1.4,12.4,texas_state
Torrance Burgess Jr.,JR,RB,4,2,21,10.50,0,0.5,5.3,texas_state
Lincoln Pare,JR,RB,5,1,11,11.00,0,0.2,2.2,texas_state
Titus Lyons,JR,TE,5,1,9,9.00,0,0.2,1.8,texas_state
Josh Kelly,SR,WR,6,44,514,11.68,3,7.3,85.7,texas_tech
Caleb Douglas,JR,WR,6,21,320,15.24,1,3.5,53.3,texas_tech
Coy Eakin,SO,WR,6,19,319,16.79,5,3.2,53.2,texas_tech
Jalin Conyers,SR,TE,6,14,122,8.71,2,2.3,20.3,texas_tech
Jordan Brown,SR,WR,6,7,101,14.43,0,1.2,16.8,texas_tech
Johncarlos Miller II,JR,TE,6,5,87,17.40,3,0.8,14.5,texas_tech
Micah Hudson,FR,WR,6,6,85,14.17,0,1.0,14.2,texas_tech
Drae McCray,SR,WR,6,11,69,6.27,0,1.8,11.5,texas_tech
Mason Tharp,SR,TE,6,5,45,9.00,0,0.8,7.5,texas_tech
Cameron Dickey,FR,RB,6,7,42,6.00,1,1.2,7.0,texas_tech
Tahj Brooks,SR,RB,5,6,15,2.50,0,1.2,3.0,texas_tech
J'Koby Williams,FR,RB,3,1,10,10.00,0,0.3,3.3,texas_tech
Brady Boyd,JR,WR,5,1,7,7.00,0,0.2,1.4,texas_tech
Tyson Turner,FR,WR,2,1,4,4.00,0,0.5,2.0,texas_tech
Cam'Ron Valdez,JR,RB,2,1,1,1.00,0,0.5,0.5,texas_tech
Jerjuan Newton,SR,WR,5,24,358,14.92,5,4.8,71.6,toledo
Junior Vandeross III,JR,WR,5,26,324,12.46,3,5.2,64.8,toledo
Jacquez Stuart,SR,RB,5,8,147,18.38,0,1.6,29.4,toledo
Anthony Torres,SR,TE,5,12,108,9.00,5,2.4,21.6,toledo
Thomas Zsiros,JR,WR,5,5,64,12.80,0,1.0,12.8,toledo
Jaden Dottin,JR,WR,5,4,50,12.50,0,0.8,10.0,toledo
Larry Stephens,JR,WR,5,1,31,31.00,0,0.2,6.2,toledo
Connor Walendzak,SO,RB,5,4,30,7.50,0,0.8,6.0,toledo
CC Ezirim,SO,TE,4,1,27,27.00,0,0.3,6.8,toledo
Zy'marion Lang,FR,WR,3,2,22,11.00,1,0.7,7.3,toledo
Willie Shaw III,JR,RB,4,2,22,11.00,0,0.5,5.5,toledo
Eric Holley III,SO,WR,5,3,18,6.00,0,0.6,3.6,toledo
Justin Stephens,JR,TE,5,1,17,17.00,0,0.2,3.4,toledo
Dane Nauman,FR,RB,1,1,14,14.00,0,1.0,14.0,toledo
Jediyah Willoughby,FR,WR,5,1,10,10.00,0,0.2,2.0,toledo
Cooper Rusk,SO,WR,5,2,8,4.00,0,0.4,1.6,toledo
Sevaughn Clark,SR,RB,3,1,7,7.00,0,0.3,2.3,toledo
Devonte Ross,JR,WR,6,31,555,17.90,7,5.2,92.5,troy
Peyton Higgins,JR,WR,6,20,187,9.35,0,3.3,31.2,troy
Zeriah Beason,JR,WR,6,13,172,13.23,0,2.2,28.7,troy
Landon Parker,SR,WR,6,11,160,14.55,0,1.8,26.7,troy
Ethan Conner,SR,TE,3,9,68,7.56,0,3.0,22.7,troy
Gerald Green,SR,RB,6,3,26,8.67,0,0.5,4.3,troy
Brody Dalton,JR,TE,6,3,22,7.33,0,0.5,3.7,troy
Damien Taylor,JR,RB,6,2,13,6.50,1,0.3,2.2,troy
Mojo Dortch,SO,WR,4,1,7,7.00,1,0.3,1.8,troy
DJ Epps,SO,WR,2,1,5,5.00,0,0.5,2.5,troy
Jordan Lovett,FR,RB,2,2,-2,-1.00,0,1.0,-1.0,troy
Mario Williams,JR,WR,6,23,414,18.00,2,3.8,69.0,tulane
Dontae Fleming,SR,WR,6,17,304,17.88,1,2.8,50.7,tulane
Yulkeith Brown,SR,WR,6,14,207,14.79,3,2.3,34.5,tulane
Alex Bauman,JR,TE,6,9,120,13.33,3,1.5,20.0,tulane
Bryce Bohanon,JR,WR,6,5,84,16.80,0,0.8,14.0,tulane
Makhi Hughes,SO,RB,6,9,73,8.11,1,1.5,12.2,tulane
Reggie Brown,SR,TE,6,3,49,16.33,2,0.5,8.2,tulane
Jamauri McClure,FR,RB,2,1,24,24.00,0,0.5,12.0,tulane
Trey Cornist,SO,RB,4,2,21,10.50,0,0.5,5.3,tulane
Shaadie Clayton-Johnson,SR,RB,5,2,19,9.50,0,0.4,3.8,tulane
Zycarl Lewis Jr.,FR,WR,1,2,15,7.50,0,2.0,15.0,tulane
Shadre Hurst,SO,OL,6,1,5,5.00,0,0.2,0.8,tulane
Anthony Miller,FR,TE,4,1,4,4.00,0,0.3,1.0,tulane
Arnold Barnes III,SO,RB,6,2,0,0.00,0,0.3,0.0,tulane
Kamdyn Benjamin,SR,WR,6,39,471,12.08,2,6.5,78.5,tulsa
Corey Smith,FR,WR,6,8,120,15.00,1,1.3,20.0,tulsa
Zion Steptoe,SO,WR,6,9,109,12.11,0,1.5,18.2,tulsa
Braylin Presley,JR,WR,6,9,73,8.11,0,1.5,12.2,tulsa
Luke McGary,SO,TE,6,5,71,14.20,0,0.8,11.8,tulsa
Joseph Williams,FR,WR,6,3,51,17.00,0,0.5,8.5,tulsa
Bill Jackson,JR,RB,5,10,49,4.90,0,2.0,9.8,tulsa
Anthony Watkins,SR,RB,6,4,47,11.75,0,0.7,7.8,tulsa
Grayson Tempest,SO,WR,6,9,46,5.11,0,1.5,7.7,tulsa
Connor Vaughn,SO,TE,6,5,45,9.00,3,0.8,7.5,tulsa
Viron Ellison Jr.,FR,RB,6,5,43,8.60,0,0.8,7.2,tulsa
Lloyd Avant,FR,RB,6,10,40,4.00,0,1.7,6.7,tulsa
Jeremiah Ballard,JR,WR,2,2,37,18.50,1,1.0,18.5,tulsa
Jacob Emmers,FR,WR,3,2,35,17.50,0,0.7,11.7,tulsa
Jack Wright,SR,WR,6,1,18,18.00,1,0.2,3.0,tulsa
Josh Smith,FR,WR,3,1,3,3.00,0,0.3,1.0,tulsa
Ethan Hall,SR,TE,6,1,-1,-1.00,0,0.2,-0.2,tulsa
Amare Thomas,SO,WR,5,19,220,11.58,3,3.8,44.0,uab
Kam Shanks,FR,WR,5,21,178,8.48,1,4.2,35.6,uab
Terrell McDonald,SR,TE,5,7,128,18.29,0,1.4,25.6,uab
Lee Beebe Jr.,SO,RB,5,12,117,9.75,0,2.4,23.4,uab
Iverson Hooks,FR,WR,5,9,109,12.11,1,1.8,21.8,uab
Malachi Holt-Bennett,SR,WR,5,6,84,14.00,0,1.2,16.8,uab
Dallas Payne,JR,TE,5,5,54,10.80,1,1.0,10.8,uab
Bryce Damous,SR,TE,5,7,47,6.71,0,1.4,9.4,uab
Isaiah Jacobs,SR,RB,4,7,33,4.71,0,1.8,8.3,uab
Brandon Hawkins Jr.,JR,WR,4,2,32,16.00,1,0.5,8.0,uab
Corri Milliner,FR,WR,3,1,20,20.00,0,0.3,6.7,uab
Brandon Buckhaulter,JR,WR,3,2,18,9.00,0,0.7,6.0,uab
Lee Witherspoon,SR,RB,5,2,8,4.00,0,0.4,1.6,uab
Solomon Beebe,FR,RB,3,1,7,7.00,0,0.3,2.3,uab
Armoni Goodwin,JR,RB,3,1,3,3.00,0,0.3,1.0,uab
Jalen Kitna,JR,QB,1,1,-9,-9.00,0,1.0,-9.0,uab
Kobe Hudson,SR,WR,5,16,363,22.69,2,3.2,72.6,ucf
RJ Harvey,SR,RB,5,7,164,23.43,2,1.4,32.8,ucf
"Randy Pittman, Jr.",SO,TE,5,12,157,13.08,0,2.4,31.4,ucf
Trent Whittemore,SR,WR,4,4,99,24.75,0,1.0,24.8,ucf
Johnny Richardson,SR,RB,5,9,75,8.33,1,1.8,15.0,ucf
Xavier Townsend,JR,WR,4,10,69,6.90,1,2.5,17.3,ucf
Myles Montgomery,JR,RB,3,1,49,49.00,1,0.3,16.3,ucf
Jacoby Jones,SR,WR,5,1,15,15.00,0,0.2,3.0,ucf
Kylan Fox,FR,TE,4,2,11,5.50,0,0.5,2.8,ucf
Ja'Varrius Johnson,SR,WR,4,3,10,3.33,0,0.8,2.5,ucf
Peny Boone,SR,RB,5,1,9,9.00,0,0.2,1.8,ucf
Grant Stevens,SO,TE,3,1,6,6.00,0,0.3,2.0,ucf
Jarrad Baker,SR,WR,5,2,5,2.50,0,0.4,1.0,ucf
Evan Morris,SR,TE,5,1,2,2.00,0,0.2,0.4,ucf
Rico Flores Jr.,SO,WR,4,12,187,15.58,1,3.0,46.8,ucla
T.J. Harden,JR,RB,5,18,147,8.17,0,3.6,29.4,ucla
Moliki Matavao,SR,TE,5,11,124,11.27,0,2.2,24.8,ucla
Logan Loya,SR,WR,5,11,109,9.91,2,2.2,21.8,ucla
Kwazi Gilmer,FR,WR,5,7,95,13.57,0,1.4,19.0,ucla
Keegan Jones,SR,RB,5,7,65,9.29,0,1.4,13.0,ucla
Jack Pedersen,SO,TE,5,6,65,10.83,1,1.2,13.0,ucla
J.Michael Sturdivant,JR,WR,5,5,62,12.40,0,1.0,12.4,ucla
Titus Mokiao-Atimalala,JR,WR,2,4,43,10.75,0,2.0,21.5,ucla
Bryce Pierre,SR,TE,5,4,37,9.25,0,0.8,7.4,ucla
Carter Shaw,FR,WR,5,1,27,27.00,0,0.2,5.4,ucla
Jalen Berger,SR,RB,4,5,26,5.20,0,1.3,6.5,ucla
Ricky White III,SR,WR,5,30,388,12.93,6,6.0,77.6,unlv
Jacob De Jesus,SR,WR,5,11,173,15.73,2,2.2,34.6,unlv
Jaden Bradley,JR,WR,5,3,91,30.33,0,0.6,18.2,unlv
Kaleo Ballungay,SR,TE,5,5,51,10.20,2,1.0,10.2,unlv
Jai'Den Thomas,SO,RB,5,5,49,9.80,1,1.0,9.8,unlv
Casey Cain,JR,WR,5,3,33,11.00,1,0.6,6.6,unlv
Timothy Conerly,SR,WR,2,1,30,30.00,0,0.5,15.0,unlv
Ja'Kobi Lane,SO,WR,5,21,234,11.14,4,4.2,46.8,usc
Zachariah Branch,SO,WR,5,21,227,10.81,0,4.2,45.4,usc
Kyron Hudson,JR,WR,5,18,226,12.56,0,3.6,45.2,usc
Duce Robinson,SO,WR,5,10,147,14.70,3,2.0,29.4,usc
Woody Marks,SR,RB,5,19,145,7.63,0,3.8,29.0,usc
Lake McRee,JR,TE,3,12,134,11.17,0,4.0,44.7,usc
Kyle Ford,SR,WR,5,8,121,15.13,0,1.6,24.2,usc
Makai Lemon,SO,WR,4,7,82,11.71,1,1.8,20.5,usc
Jay Fair,JR,WR,4,5,45,9.00,1,1.3,11.3,usc
Quinten Joyner,FR,RB,5,5,29,5.80,0,1.0,5.8,usc
Walker Lyons,FR,TE,4,5,25,5.00,0,1.3,6.3,usc
Jaden Richardson,SR,WR,1,1,19,19.00,0,1.0,19.0,usc
Kade Eldridge,FR,TE,5,3,19,6.33,0,0.6,3.8,usc
Charles Ross,SR,WR,2,1,11,11.00,0,0.5,5.5,usc
Bryan Jackson,FR,RB,4,1,0,0.00,0,0.3,0.0,usc
Dorian Singer,SR,WR,5,26,359,13.81,0,5.2,71.8,utah
Brant Kuithe,SR,TE,5,17,269,15.82,4,3.4,53.8,utah
Money Parks,SR,WR,5,14,190,13.57,2,2.8,38.0,utah
Dijon Stanley,SO,RB,5,6,164,27.33,2,1.2,32.8,utah
Caleb Lohner,SR,TE,5,3,51,17.00,3,0.6,10.2,utah
Daidren Zipperer,FR,WR,4,3,38,12.67,0,0.8,9.5,utah
Mycah Pittman,SR,WR,5,2,33,16.50,0,0.4,6.6,utah
Luca Caldarella,JR,WR,5,2,26,13.00,0,0.4,5.2,utah
Dallen Bentley,JR,TE,5,2,15,7.50,0,0.4,3.0,utah
Carsen Ryan,JR,TE,5,2,13,6.50,1,0.4,2.6,utah
Micah Bernard,SR,RB,5,6,6,1.00,1,1.2,1.2,utah
Charlie Vincent,SR,RB,5,1,5,5.00,0,0.2,1.0,utah
Taeshaun Lyons,FR,WR,2,1,4,4.00,0,0.5,2.0,utah
Miki Suguturaga,SR,TE,5,1,3,3.00,0,0.2,0.6,utah
Jalen Royals,SR,WR,5,34,491,14.44,4,6.8,98.2,utah_state
Kyrese White,SR,WR,5,19,301,15.84,2,3.8,60.2,utah_state
Otto Tia,JR,WR,5,11,127,11.55,1,2.2,25.4,utah_state
Broc Lane,SR,TE,5,10,101,10.10,1,2.0,20.2,utah_state
Jack Hestera,JR,WR,4,6,95,15.83,2,1.5,23.8,utah_state
Grant Page,SO,WR,5,8,56,7.00,0,1.6,11.2,utah_state
Josh Sterzer,SR,TE,4,4,50,12.50,0,1.0,12.5,utah_state
Colby Bowman,SR,WR,5,4,43,10.75,0,0.8,8.6,utah_state
Robert Briggs Jr.,JR,RB,1,3,38,12.67,0,3.0,38.0,utah_state
Will Monney,SO,TE,5,2,36,18.00,0,0.4,7.2,utah_state
Rahsul Faison,SR,RB,5,7,10,1.43,0,1.4,2.0,utah_state
Herschel Turner,FR,RB,5,2,8,4.00,0,0.4,1.6,utah_state
Kenny Odom,SO,WR,5,18,359,19.94,3,3.6,71.8,utep
Kam Thomas,JR,MB,5,31,315,10.16,1,6.2,63.0,utep
Jaden Smith,SR,WR,4,21,177,8.43,0,5.3,44.3,utep
Trey Goodman,SR,WR,5,15,146,9.73,0,3.0,29.2,utep
Marcus Vinson,JR,TE,5,6,70,11.67,1,1.2,14.0,utep
Ashton Nickelberry,JR,WR,3,2,32,16.00,0,0.7,10.7,utep
Jevon Jackson,JR,RB,5,5,31,6.20,1,1.0,6.2,utep
Emari White,JR,WR,5,4,21,5.25,0,0.8,4.2,utep
Joshua Dye,FR,RB,2,1,11,11.00,0,0.5,5.5,utep
Ezell Jolly,FR,RB,2,1,5,5.00,0,0.5,2.5,utep
Skyler Locklear,SO,QB,4,2,5,2.50,1,0.5,1.3,utep
Willie McCoy,SR,WR,5,15,306,20.40,2,3.0,61.2,utsa
Devin McCuin,SO,WR,5,30,196,6.53,3,6.0,39.2,utsa
Chris Carpenter,SR,WR,5,13,137,10.54,0,2.6,27.4,utsa
DJ Allen,SO,WR,5,7,116,16.57,0,1.4,23.2,utsa
Houston Thomas,SO,TE,5,9,109,12.11,0,1.8,21.8,utsa
"Robert Henry, Jr.",SR,RB,5,5,82,16.40,1,1.0,16.4,utsa
Oscar Cardenas,SR,TE,5,9,81,9.00,2,1.8,16.2,utsa
Patrick Overmyer,FR,TE,5,7,65,9.29,0,1.4,13.0,utsa
Jace Wilson,SO,WR,5,7,57,8.14,0,1.4,11.4,utsa
Kevorian Barnes,JR,RB,5,4,45,11.25,0,0.8,9.0,utsa
Dan Dishman,JR,TE,5,3,22,7.33,0,0.6,4.4,utsa
Will Henderson III,FR,RB,3,3,17,5.67,0,1.0,5.7,utsa
Rocko Griffin,JR,RB,4,3,16,5.33,0,0.8,4.0,utsa
JJ Sparkman,SR,WR,5,3,15,5.00,0,0.6,3.0,utsa
"Brandon High, Jr.",FR,RB,5,2,8,4.00,0,0.4,1.6,utsa
Jamel Hardy,FR,WR,5,1,5,5.00,1,0.2,1.0,utsa
Eli Stowers,SR,TE,5,25,333,13.32,1,5.0,66.6,vanderbilt
"Quincy Skinner, Jr.",SR,WR,5,12,170,14.17,1,2.4,34.0,vanderbilt
Junior Sherrill,SO,WR,5,9,149,16.56,2,1.8,29.8,vanderbilt
AJ Newberry,SO,RB,5,3,75,25.00,0,0.6,15.0,vanderbilt
Sedrick Alexander,SO,RB,5,8,71,8.88,1,1.6,14.2,vanderbilt
Joseph McVay,FR,WR,1,1,65,65.00,1,1.0,65.0,vanderbilt
Cole Spence,JR,TE,4,3,41,13.67,1,0.8,10.3,vanderbilt
Loic Fouonji,SR,WR,5,2,28,14.00,0,0.4,5.6,vanderbilt
Tristen Brown,FR,WR,3,3,27,9.00,0,1.0,9.0,vanderbilt
Richie Hoskins,SR,WR,5,1,14,14.00,0,0.2,2.8,vanderbilt
Dariyan Wiley,SR,WR,4,1,8,8.00,0,0.3,2.0,vanderbilt
Kamrean Johnson,SO,TE,5,1,6,6.00,1,0.2,1.2,vanderbilt
Gabe Fisher,SO,FB,5,1,2,2.00,1,0.2,0.4,vanderbilt
Nate Johnson,JR,QB,4,1,1,1.00,0,0.3,0.3,vanderbilt
Malachi Fields,SR,WR,5,28,412,14.71,3,5.6,82.4,virginia
Trell Harris,JR,WR,3,13,201,15.46,2,4.3,67.0,virginia
Tyler Neville,SR,TE,5,12,197,16.42,2,2.4,39.4,virginia
Kobe Pace,SR,RB,5,11,114,10.36,0,2.2,22.8,virginia
Jack Griese,JR,RB,4,1,57,57.00,1,0.3,14.3,virginia
Chris Tyree,SR,WR,4,12,48,4.00,0,3.0,12.0,virginia
Kameron Courtney,FR,WR,4,4,48,12.00,0,1.0,12.0,virginia
JR Wilson,JR,WR,1,4,44,11.00,0,4.0,44.0,virginia
Jaden Gibson,SO,WR,5,2,32,16.00,0,0.4,6.4,virginia
"Andre Greene, Jr.",JR,WR,5,4,25,6.25,0,0.8,5.0,virginia
Xavier Brown,JR,RB,5,3,23,7.67,0,0.6,4.6,virginia
Dakota Twitty,JR,TE,5,3,22,7.33,0,0.6,4.4,virginia
Suderian Harrison,SO,WR,2,1,13,13.00,0,0.5,6.5,virginia
Eli Wood,JR,WR,4,2,9,4.50,0,0.5,2.3,virginia
"Sackett Wood, Jr.",SR,TE,5,1,7,7.00,0,0.2,1.4,virginia
Noah Vaughn,SO,RB,2,1,6,6.00,0,0.5,3.0,virginia
Sage Ennis,SR,TE,4,1,2,2.00,0,0.3,0.5,virginia
Jaylin Lane,SR,WR,6,24,325,13.54,1,4.0,54.2,virginia_tech
Stephen Gosnell,SR,WR,6,15,276,18.40,1,2.5,46.0,virginia_tech
Da'Quan Felton,SR,WR,6,15,162,10.80,2,2.5,27.0,virginia_tech
Benji Gosnell,SO,TE,6,16,151,9.44,1,2.7,25.2,virginia_tech
Ali Jennings,SR,WR,5,4,117,29.25,1,0.8,23.4,virginia_tech
Ayden Greene,SO,WR,6,6,83,13.83,1,1.0,13.8,virginia_tech
Bhayshul Tuten,SR,RB,6,15,31,2.07,1,2.5,5.2,virginia_tech
Takye Heath,FR,WR,5,1,5,5.00,0,0.2,1.0,virginia_tech
Malachi Thomas,JR,RB,6,1,5,5.00,0,0.2,0.8,virginia_tech
Harrison Saint Germain,SO,TE,6,1,-1,-1.00,0,0.2,-0.2,virginia_tech
Taylor Morin,SR,WR,5,26,345,13.27,0,5.2,69.0,wake_forest
Donavon Greene,JR,WR,4,16,271,16.94,2,4.0,67.8,wake_forest
Horatio Fields,JR,WR,5,17,220,12.94,2,3.4,44.0,wake_forest
Deuce Alexander,FR,WR,5,18,202,11.22,2,3.6,40.4,wake_forest
Walker Merrill,SR,WR,4,9,77,8.56,0,2.3,19.3,wake_forest
Demond Claiborne,JR,RB,5,9,71,7.89,1,1.8,14.2,wake_forest
Harry Lodge,SO,TE,5,7,67,9.57,0,1.4,13.4,wake_forest
Micah Mays Jr.,FR,WR,5,4,48,12.00,0,0.8,9.6,wake_forest
Tate Carney,SO,RB,5,5,44,8.80,0,1.0,8.8,wake_forest
Jaydn Girard,SO,WR,2,1,25,25.00,0,0.5,12.5,wake_forest
Cameron Hite,SR,TE,5,5,24,4.80,0,1.0,4.8,wake_forest
Hank Bachmeier,SR,QB,5,1,1,1.00,0,0.2,0.2,wake_forest
Ty Clark III,FR,RB,5,1,1,1.00,0,0.2,0.2,wake_forest
Denzel Boston,SO,WR,6,35,492,14.06,8,5.8,82.0,washington
Giles Jackson,SR,WR,6,38,479,12.61,2,6.3,79.8,washington
Jeremiah Hunter,SR,WR,6,19,222,11.68,1,3.2,37.0,washington
Keleki Latu,SR,TE,6,20,180,9.00,0,3.3,30.0,washington
Decker DeGraaf,FR,TE,6,5,125,25.00,2,0.8,20.8,washington
Jonah Coleman,JR,RB,6,14,119,8.50,0,2.3,19.8,washington
Cameron Davis,SR,RB,6,5,77,15.40,0,0.8,12.8,washington
Rashid Williams,FR,WR,6,5,74,14.80,0,0.8,12.3,washington
Quentin Moore,SR,TE,1,1,14,14.00,0,1.0,14.0,washington
Adam Mohammed,FR,RB,6,2,7,3.50,0,0.3,1.2,washington
Keith Reynolds,FR,WR,6,1,7,7.00,0,0.2,1.2,washington
Kyle Williams,SR,WR,5,25,464,18.56,5,5.0,92.8,washington_state
Kris Hutson,SR,WR,5,25,379,15.16,1,5.0,75.8,washington_state
Josh Meredith,JR,WR,5,19,286,15.05,2,3.8,57.2,washington_state
Tre Shackelford,JR,WR,5,6,110,18.33,1,1.2,22.0,washington_state
Tony Freeman,SO,WR,5,6,93,15.50,0,1.2,18.6,washington_state
Wayshawn Parker,FR,RB,5,4,71,17.75,1,0.8,14.2,washington_state
Trey Leckner,FR,TE,5,1,33,33.00,1,0.2,6.6,washington_state
Cooper Mathers,SR,TE,5,3,26,8.67,3,0.6,5.2,washington_state
Andre Dollar,JR,TE,4,2,13,6.50,0,0.5,3.3,washington_state
Billy Riviere III,SR,TE,4,1,8,8.00,0,0.3,2.0,washington_state
Kyle Maxwell,SR,WR,2,1,4,4.00,0,0.5,2.0,washington_state
Branden Ganashamoorthy,FR,WR,3,1,4,4.00,0,0.3,1.3,washington_state
Chris Barnes,FR,WR,2,1,-1,-1.00,0,0.5,-0.5,washington_state
Hudson Clement,SO,WR,5,17,295,17.35,1,3.4,59.0,west_virginia
Traylon Ray,SO,WR,5,15,202,13.47,1,3.0,40.4,west_virginia
Kole Taylor,SR,TE,5,13,158,12.15,2,2.6,31.6,west_virginia
Rodney Gallagher III,SO,WR,5,9,133,14.78,1,1.8,26.6,west_virginia
Jaden Bray,JR,WR,5,2,88,44.00,0,0.4,17.6,west_virginia
Justin Robinson,SR,WR,3,3,58,19.33,2,1.0,19.3,west_virginia
Preston Fox,JR,WR,5,4,58,14.50,0,0.8,11.6,west_virginia
Treylan Davis,JR,TE,5,4,35,8.75,0,0.8,7.0,west_virginia
Jahiem White,SO,RB,5,5,26,5.20,0,1.0,5.2,west_virginia
CJ Donaldson Jr.,JR,RB,5,2,16,8.00,1,0.4,3.2,west_virginia
Ric'Darious Farmer,FR,WR,4,1,10,10.00,0,0.3,2.5,west_virginia
Jack Sammarco,FR,TE,5,1,4,4.00,0,0.2,0.8,west_virginia
Kisean Johnson,SR,WR,5,29,392,13.52,4,5.8,78.4,western_kentucky
Easton Messer,SO,WR,5,20,236,11.80,2,4.0,47.2,western_kentucky
River Helms,JR,TE,5,15,191,12.73,1,3.0,38.2,western_kentucky
Elijah Young,SR,RB,5,20,158,7.90,0,4.0,31.6,western_kentucky
Dalvin Smith,SR,WR,5,12,123,10.25,1,2.4,24.6,western_kentucky
K.D. Hutchinson,SO,WR,5,4,88,22.00,1,0.8,17.6,western_kentucky
Moussa Barry,SO,WR,5,8,74,9.25,0,1.6,14.8,western_kentucky
Demick Starling,JR,WR,3,3,56,18.67,0,1.0,18.7,western_kentucky
Bryce Childress,SR,WR,4,3,35,11.67,0,0.8,8.8,western_kentucky
Koy Moore,SR,WR,3,2,27,13.50,0,0.7,9.0,western_kentucky
Michael Mathison,SR,WR,4,3,21,7.00,0,0.8,5.3,western_kentucky
L.T. Sanders,JR,RB,4,2,6,3.00,0,0.5,1.5,western_kentucky
George Hart III,JR,RB,5,2,6,3.00,0,0.4,1.2,western_kentucky
Trevor Borland,SR,TE,5,1,3,3.00,1,0.2,0.6,western_kentucky
TJ Finley,JR,QB,3,1,-7,-7.00,0,0.3,-2.3,western_kentucky
Anthony Sambucci,SR,WR,5,22,286,13.00,2,4.4,57.2,western_michigan
Blake Bosma,JR,TE,5,15,157,10.47,2,3.0,31.4,western_michigan
Malique Dieudonne,JR,WR,5,5,114,22.80,1,1.0,22.8,western_michigan
Kenneth Womack,SR,WR,2,13,111,8.54,0,6.5,55.5,western_michigan
Chris Toudle,SR,TE,4,4,56,14.00,1,1.0,14.0,western_michigan
Jaden Nixon,JR,RB,5,6,53,8.83,0,1.2,10.6,western_michigan
Bugs Mortimer,JR,WR,4,3,50,16.67,1,0.8,12.5,western_michigan
Jordin Parker,SR,WR,3,3,40,13.33,0,1.0,13.3,western_michigan
Jalen Buckley,SO,RB,2,1,24,24.00,0,0.5,12.0,western_michigan
Zahir Abdus-Salaam,SR,RB,5,4,16,4.00,0,0.8,3.2,western_michigan
Vinny Anthony II,JR,WR,5,9,206,22.89,2,1.8,41.2,wisconsin
Will Pauling,JR,WR,5,21,202,9.62,1,4.2,40.4,wisconsin
Trech Kekahuna,FR,WR,5,10,176,17.60,2,2.0,35.2,wisconsin
Bryson Green,SR,WR,5,12,154,12.83,0,2.4,30.8,wisconsin
C.J. Williams,JR,WR,5,7,128,18.29,1,1.4,25.6,wisconsin
Riley Nowakowski,SR,TE,5,5,52,10.40,0,1.0,10.4,wisconsin
Cade Yacamelli,SO,RB,5,4,35,8.75,0,0.8,7.0,wisconsin
Darrion Dupree,FR,RB,4,3,27,9.00,0,0.8,6.8,wisconsin
Tucker Ashcraft,SO,TE,5,3,27,9.00,0,0.6,5.4,wisconsin
JT Seagreaves,SO,TE,4,1,21,21.00,0,0.3,5.3,wisconsin
Jackson Acker,JR,RB,5,4,18,4.50,0,0.8,3.6,wisconsin
Chez Mellusi,SR,RB,4,6,17,2.83,0,1.5,4.3,wisconsin
Tyrell Henry,JR,WR,5,1,12,12.00,0,0.2,2.4,wisconsin
Tawee Walker,SR,RB,4,3,11,3.67,0,0.8,2.8,wisconsin
Jackson McGohan,SO,TE,2,1,2,2.00,0,0.5,1.0,wisconsin
John Michael Gyllenborg,JR,TE,3,9,126,14.00,0,3.0,42.0,wyoming
Tyler King,SO,WR,5,7,99,14.14,0,1.4,19.8,wyoming
Chris Durr Jr.,FR,WR,5,7,91,13.00,1,1.4,18.2,wyoming
Sam Scott,JR,RB,5,7,75,10.71,1,1.4,15.0,wyoming
Will Pelissier,SR,WR,5,4,75,18.75,0,0.8,15.0,wyoming
Devin Boddie Jr.,SR,WR,4,5,62,12.40,1,1.3,15.5,wyoming
Jaylen Sargent,JR,WR,5,4,35,8.75,0,0.8,7.0,wyoming
Jamari Ferrell,SR,RB,5,5,28,5.60,0,1.0,5.6,wyoming
DJ Jones,SR,RB,4,4,24,6.00,0,1.0,6.0,wyoming
Nick Miles,SR,TE,5,5,24,4.80,0,1.0,4.8,wyoming
Clay Nanke,JR,TE,5,1,24,24.00,0,0.2,4.8,wyoming
Alex Brown,SR,WR,5,2,21,10.50,0,0.4,4.2,wyoming
Justin Stevenson,FR,WR,5,4,16,4.00,0,0.8,3.2,wyoming
Isaac Schoenfeld,SO,TE,5,1,7,7.00,0,0.2,1.4,wyoming
