name,yr,pos,g,att,yards,avg.,td,att/g,yards/g,team_name
Cade Harris,SR,WR,5,29,171,5.90,3,5.80,34.20,air_force
John Busha,JR,QB,5,60,141,2.35,0,12.00,28.20,air_force
Owen Allen,SO,RB,5,25,101,4.04,0,5.00,20.20,air_force
Aiden Calvert,SR,RB,5,18,91,5.06,2,3.60,18.20,air_force
Kade Frew,JR,RB,3,16,85,5.31,1,5.33,28.33,air_force
Dylan Carson,JR,RB,3,20,60,3.00,0,6.67,20.00,air_force
Roman Bradley,SO,FB,2,21,56,2.67,0,10.50,28.00,air_force
Terrence Gist,JR,FB,3,13,52,4.00,0,4.33,17.33,air_force
Kemper Hodges,SO,FB,4,14,44,3.14,0,3.50,11.00,air_force
Quentin Hayes,SO,QB,4,14,21,1.50,0,3.50,5.25,air_force
Josh Johnson,SO,QB,2,6,19,3.17,0,3.00,9.50,air_force
Rocco Conti,SO,RB,2,4,13,3.25,0,2.00,6.50,air_force
Darius Stone,JR,RB,1,3,7,2.33,0,3.00,7.00,air_force
Kaden Cloud,JR,RB,3,2,6,3.00,0,0.67,2.00,air_force
Tylor Latham,JR,WR,4,4,6,1.50,0,1.00,1.50,air_force
Jordon Simmons,JR,RB,6,44,255,5.80,1,7.33,42.50,akron
Charles Kellom,SO,RB,6,33,95,2.88,0,5.50,15.83,akron
Tahj Bullock,JR,QB,6,22,48,2.18,1,3.67,8.00,akron
Marquese Williams,FR,RB,3,4,8,2.00,0,1.33,2.67,akron
Ben Finley,JR,QB,6,46,2,0.04,0,7.67,0.33,akron
Jam Miller,JR,RB,5,39,318,8.15,5,7.80,63.60,alabama
Jalen Milroe,JR,QB,5,59,283,4.80,9,11.80,56.60,alabama
Justice Haynes,SO,RB,5,31,223,7.19,2,6.20,44.60,alabama
Daniel Hill,FR,RB,3,13,37,2.85,1,4.33,12.33,alabama
Germie Bernard,JR,WR,5,4,37,9.25,1,0.80,7.40,alabama
Kevin Riley,FR,RB,1,7,26,3.71,0,7.00,26.00,alabama
Ty Simpson,SO,QB,2,4,26,6.50,1,2.00,13.00,alabama
Richard Young,FR,RB,2,9,24,2.67,0,4.50,12.00,alabama
Dylan Lonergan,FR,QB,1,1,16,16.00,0,1.00,16.00,alabama
Kendrick Law,JR,WR,4,2,6,3.00,0,0.50,1.50,alabama
Ryan Williams,FR,WR,5,1,2,2.00,1,0.20,0.40,alabama
Anderson Castle,JR,RB,5,39,184,4.72,1,7.80,36.80,appalachian_state
Kanye Roberts,SO,RB,5,40,137,3.43,1,8.00,27.40,appalachian_state
Ahmani Marshall,SR,RB,5,28,114,4.07,2,5.60,22.80,appalachian_state
Maquel Haywood,SR,RB,5,20,95,4.75,1,4.00,19.00,appalachian_state
Makai Jackson,JR,WR,5,4,88,22.00,1,0.80,17.60,appalachian_state
Joey Aguilar,SR,QB,5,27,88,3.26,2,5.40,17.60,appalachian_state
Kaedin Robinson,SR,WR,5,1,13,13.00,0,0.20,2.60,appalachian_state
Jaylon Calhoun,FR,RB,5,1,2,2.00,0,0.20,0.40,appalachian_state
Quali Conley,SR,RB,5,69,419,6.07,5,13.80,83.80,arizona
Kedrick Reescano,SO,RB,5,26,167,6.42,1,5.20,33.40,arizona
Jacory Croskey-Merritt,SR,RB,1,13,106,8.15,1,13.00,106.00,arizona
Noah Fifita,SO,QB,5,15,17,1.13,0,3.00,3.40,arizona
Malachi Riley,SO,WR,3,1,15,15.00,0,0.33,5.00,arizona
Rayshon Luke,JR,RB,4,4,13,3.25,0,1.00,3.25,arizona
Kayden Luke,FR,RB,5,1,4,4.00,0,0.20,0.80,arizona
Jeremiah Patterson,JR,WR,5,1,-2,-2.00,0,0.20,-0.40,arizona
Cam Skattebo,SR,RB,5,111,615,5.54,6,22.20,123.00,arizona_state
Sam Leavitt,FR,QB,5,49,257,5.24,4,9.80,51.40,arizona_state
DeCarlos Brooks,SR,RB,3,15,79,5.27,1,5.00,26.33,arizona_state
Raleek Brown,SO,RB,2,9,42,4.67,0,4.50,21.00,arizona_state
Kyson Brown,SO,RB,5,11,39,3.55,0,2.20,7.80,arizona_state
Jason Brown Jr.,FR,RB,1,4,33,8.25,0,4.00,33.00,arizona_state
Alton McCaskill,JR,RB,1,7,17,2.43,0,7.00,17.00,arizona_state
Jeff Sims,SR,QB,1,3,15,5.00,0,3.00,15.00,arizona_state
Melquan Stovall,SR,WR,5,1,12,12.00,0,0.20,2.40,arizona_state
Jake Smith,SR,WR,5,3,6,2.00,0,0.60,1.20,arizona_state
Derek Eusebio,FR,WR,2,1,5,5.00,0,0.50,2.50,arizona_state
Jordyn Tyson,SO,WR,5,1,1,1.00,0,0.20,0.20,arizona_state
Keona Peat,FR,OL,1,1,-1,-1.00,0,1.00,-1.00,arizona_state
Ja’Quinden Jackson,SR,RB,6,99,566,5.72,10,16.50,94.33,arkansas
Taylen Green,JR,QB,6,81,326,4.02,4,13.50,54.33,arkansas
Braylen Russell,FR,RB,6,24,124,5.17,2,4.00,20.67,arkansas
Rodney Hill,SO,RB,5,15,78,5.20,1,3.00,15.60,arkansas
"Tyrell Reed, Jr.",SO,RB,2,5,28,5.60,1,2.50,14.00,arkansas
Rashod Dubinion,JR,RB,2,5,25,5.00,0,2.50,12.50,arkansas
Malachi Singleton,FR,QB,3,8,21,2.63,2,2.67,7.00,arkansas
Devin Bale,JR,P,6,2,20,10.00,0,0.33,3.33,arkansas
Isaiah Sategna,SO,WR,6,1,15,15.00,0,0.17,2.50,arkansas
KJ Jackson,FR,QB,1,1,3,3.00,0,1.00,3.00,arkansas
Jordan Anthony,SO,WR,6,1,3,3.00,0,0.17,0.50,arkansas
Zak Wallace,SR,RB,5,51,164,3.22,2,10.20,32.80,arkansas_state
Jaylen Raynor,SO,QB,5,52,135,2.60,2,10.40,27.00,arkansas_state
Ja'Quez Cross,JR,RB,5,28,90,3.21,0,5.60,18.00,arkansas_state
Devin Spencer,FR,RB,4,19,84,4.42,0,4.75,21.00,arkansas_state
Timmy McClain,JR,QB,2,15,22,1.47,0,7.50,11.00,arkansas_state
Mike Sharpe II,JR,RB,4,2,11,5.50,0,0.50,2.75,arkansas_state
Malik Hornsby,JR,WR,5,2,11,5.50,0,0.40,2.20,arkansas_state
Damon Sisa,FR,RB,1,1,1,1.00,0,1.00,1.00,arkansas_state
Cedric Hawkins,SO,RB,3,2,-6,-3.00,0,0.67,-2.00,arkansas_state
Bryson Daily,SR,QB,5,95,602,6.34,10,19.00,120.40,army
Kanye Udoh,SO,RB,5,57,434,7.61,6,11.40,86.80,army
Noah Short,JR,SB,5,28,355,12.68,2,5.60,71.00,army
Jake Rendina,SO,RB,5,21,86,4.10,1,4.20,17.20,army
Hayden Reed,JR,RB,5,14,73,5.21,0,2.80,14.60,army
Dewayne Coleman,JR,QB,4,18,68,3.78,1,4.50,17.00,army
Samari Howard,SO,SB,5,13,66,5.08,0,2.60,13.20,army
David Clerk,SO,SB,4,4,37,9.25,0,1.00,9.25,army
Andon Thomas,JR,ILB,5,1,35,35.00,0,0.20,7.00,army
Matthew Rhodes,SR,P,5,1,23,23.00,1,0.20,4.60,army
Miles Stewart,SR,RB,5,2,18,9.00,0,0.40,3.60,army
AJ Williams,SR,RB,3,2,9,4.50,0,0.67,3.00,army
Carson Smith,SO,RB,3,3,5,1.67,0,1.00,1.67,army
Lloyd Benson III,SO,SB,5,1,3,3.00,0,0.20,0.60,army
Cale Hellums,SO,QB,2,3,2,0.67,0,1.50,1.00,army
Jarquez Hunter,SR,RB,6,78,528,6.77,3,13.00,88.00,auburn
Damari Alston,JR,RB,6,29,186,6.41,2,4.83,31.00,auburn
Payton Thorne,SR,QB,5,54,147,2.72,2,10.80,29.40,auburn
Jeremiah Cobb,SO,RB,6,13,67,5.15,0,2.17,11.17,auburn
Justin Jones,JR,RB,6,1,24,24.00,0,0.17,4.00,auburn
Sean Jackson,JR,RB,6,3,13,4.33,0,0.50,2.17,auburn
Hank Brown,FR,QB,3,3,10,3.33,0,1.00,3.33,auburn
Malcolm Simmons,FR,WR,6,2,8,4.00,0,0.33,1.33,auburn
Holden Geriner,SO,QB,2,1,6,6.00,0,0.50,3.00,auburn
Oscar Chapman,SR,P,6,1,6,6.00,0,0.17,1.00,auburn
Sam Jackson V,JR,WR,6,2,0,0.00,0,0.33,0.00,auburn
Braedon Sloan,SR,RB,5,77,347,4.51,2,15.40,69.40,ball_state
Vaughn Pemberton,JR,RB,3,12,44,3.67,0,4.00,14.67,ball_state
Kiael Kelly,JR,DB,5,15,33,2.20,0,3.00,6.60,ball_state
TJ Horton,FR,RB,2,5,26,5.20,0,2.50,13.00,ball_state
Cam Pickett,SO,WR,5,4,20,5.00,1,0.80,4.00,ball_state
Charlie Spegal,JR,RB,5,6,15,2.50,0,1.20,3.00,ball_state
Malcolm Gillie,SR,WR,5,2,12,6.00,0,0.40,2.40,ball_state
Christian Davis,FR,RB,4,9,8,0.89,0,2.25,2.00,ball_state
Isaiah Thacker,FR,WR,5,1,6,6.00,0,0.20,1.20,ball_state
Kadin Semonza,FR,QB,5,28,-37,-1.32,1,5.60,-7.40,ball_state
Bryson Washington,FR,RB,4,43,186,4.33,1,10.75,46.50,baylor
Dawson Pendergrass,SO,RB,6,43,184,4.28,1,7.17,30.67,baylor
Richard Reese,JR,RB,4,37,143,3.86,1,9.25,35.75,baylor
Sawyer Robertson,JR,QB,5,27,140,5.19,3,5.40,28.00,baylor
Dominic Richardson,SR,RB,4,31,109,3.52,0,7.75,27.25,baylor
Dequan Finn,SR,QB,2,19,26,1.37,1,9.50,13.00,baylor
Joseph Hagman,SO,RB,2,4,16,4.00,0,2.00,8.00,baylor
Ashtyn Hawkins,SR,WR,6,3,4,1.33,0,0.50,0.67,baylor
Jamaal Bell,SR,WR,6,1,1,1.00,0,0.17,0.17,baylor
Monaray Baldwin,SR,WR,6,2,1,0.50,0,0.33,0.17,baylor
Ashton Jeanty,JR,RB,5,95,1031,10.85,16,19.00,206.20,boise_state
Sire Gaines,FR,RB,3,20,156,7.80,1,6.67,52.00,boise_state
Dylan Riley,FR,RB,2,14,112,8.00,2,7.00,56.00,boise_state
Tyler Crowe,SR,FB,5,18,83,4.61,1,3.60,16.60,boise_state
Jambres Dubar,SO,RB,2,13,62,4.77,1,6.50,31.00,boise_state
Cameron Bates,FR,WR,5,3,34,11.33,1,0.60,6.80,boise_state
Maddux Madsen,SO,QB,5,9,34,3.78,1,1.80,6.80,boise_state
Troy Wilkey,SO,WR,5,4,15,3.75,0,0.80,3.00,boise_state
Malachi Nelson,FR,QB,2,2,-11,-5.50,0,1.00,-5.50,boise_state
Treshaun Ward,SR,RB,6,50,283,5.66,2,8.33,47.17,boston_college
Turbo Richard,FR,RB,6,42,207,4.93,1,7.00,34.50,boston_college
Kye Robichaux,SR,RB,6,53,204,3.85,2,8.83,34.00,boston_college
Thomas Castellanos,JR,QB,5,53,103,1.94,1,10.60,20.60,boston_college
Datrell Jones,FR,RB,2,5,65,13.00,1,2.50,32.50,boston_college
Jordan McDonald,JR,RB,3,5,54,10.80,0,1.67,18.00,boston_college
Jacobe Robinson,FR,QB,1,6,19,3.17,1,6.00,19.00,boston_college
Jayden McGowan,JR,WR,6,2,13,6.50,0,0.33,2.17,boston_college
Reed Harris,FR,WR,6,0,11,-,0,-,-,boston_college
Grayson James,JR,QB,1,6,11,1.83,1,6.00,11.00,boston_college
Terion Stewart,JR,RB,3,47,270,5.74,4,15.67,90.00,bowling_green
Jaison Patterson,SR,RB,5,53,203,3.83,3,10.60,40.60,bowling_green
Rahkeem Smith,JR,WR,5,6,60,10.00,1,1.20,12.00,bowling_green
Jamal Johnson,SR,RB,5,11,58,5.27,1,2.20,11.60,bowling_green
Lucian Anderson III,FR,QB,3,5,49,9.80,1,1.67,16.33,bowling_green
Justin Pegues,JR,RB,5,5,38,7.60,0,1.00,7.60,bowling_green
Harold Fannin Jr.,JR,TE,5,2,37,18.50,1,0.40,7.40,bowling_green
John Henderson,JR,P,5,1,29,29.00,0,0.20,5.80,bowling_green
Mar'Kel Porter,FR,RB,1,1,8,8.00,0,1.00,8.00,bowling_green
Chris Edmonds,FR,RB,2,2,8,4.00,0,1.00,4.00,bowling_green
Connor Bazelak,SR,QB,5,13,-25,-1.92,1,2.60,-5.00,bowling_green
Jacqez Barksdale,SR,RB,5,46,203,4.41,1,9.20,40.60,buffalo
Al-Jay Henderson,JR,RB,5,39,135,3.46,2,7.80,27.00,buffalo
Lamar Sperling,FR,RB,4,24,108,4.50,1,6.00,27.00,buffalo
C.J. Ogbonna,SR,QB,5,42,62,1.48,1,8.40,12.40,buffalo
"Terrance Shelton, Jr.",FR,RB,5,14,48,3.43,0,2.80,9.60,buffalo
Messiah Burch,FR,RB,5,8,26,3.25,0,1.60,5.20,buffalo
Victor Snow,SO,WR,5,4,21,5.25,0,0.80,4.20,buffalo
"Mark-Anthony Scott, Jr.",SO,RB,4,1,4,4.00,0,0.25,1.00,buffalo
Jake Retzlaff,JR,QB,5,34,156,4.59,1,6.80,31.20,byu
Enoch Nawahine,JR,RB,4,29,98,3.38,1,7.25,24.50,byu
Sione I Moa,FR,RB,4,21,93,4.43,1,5.25,23.25,byu
Hinckley Ropati,SR,RB,2,21,89,4.24,1,10.50,44.50,byu
LJ Martin,SO,RB,2,18,87,4.83,1,9.00,43.50,byu
Miles Davis,JR,RB,5,16,76,4.75,0,3.20,15.20,byu
Pokaiaua Haunga,FR,RB,3,12,56,4.67,0,4.00,18.67,byu
Sam Vander Haar,SO,P,5,1,22,22.00,0,0.20,4.40,byu
Gerry Bohanon,SR,QB,3,4,12,3.00,0,1.33,4.00,byu
Chase Roberts,JR,WR,5,2,10,5.00,0,0.40,2.00,byu
Parker Kingston,SO,WR,5,2,8,4.00,0,0.40,1.60,byu
Darius Lassiter,SR,WR,4,1,0,0.00,0,0.25,0.00,byu
Keelan Marion,JR,WR,5,3,-1,-0.33,0,0.60,-0.20,byu
Jaivian Thomas,SO,RB,5,45,287,6.38,1,9.00,57.40,california
Jaydn Ott,JR,RB,4,47,135,2.87,3,11.75,33.75,california
Kadarius Calloway,SR,RB,4,19,103,5.42,1,4.75,25.75,california
Chandler Rogers,SR,QB,3,9,42,4.67,1,3.00,14.00,california
Fernando Mendoza,SO,QB,5,38,36,0.95,1,7.60,7.20,california
Jonathan Brady,JR,WR,5,2,24,12.00,0,0.40,4.80,california
Byron Cardwell Jr.,SO,RB,3,8,16,2.00,0,2.67,5.33,california
Jamaal Wiley,FR,RB,1,2,11,5.50,0,2.00,11.00,california
Josiah Martin,FR,WR,2,1,10,10.00,0,0.50,5.00,california
Mikey Matthews,SO,WR,5,1,-3,-3.00,0,0.20,-0.60,california
B.J. Harris,SR,RB,5,37,273,7.38,2,7.40,54.60,central_michigan
Marion Lukes,SR,RB,4,46,212,4.61,1,11.50,53.00,central_michigan
Myles Bailey,SR,RB,4,24,171,7.13,2,6.00,42.75,central_michigan
Nahree Biggins,JR,RB,4,19,136,7.16,0,4.75,34.00,central_michigan
"Bert Emanuel, Jr.",SO,QB,2,13,65,5.00,2,6.50,32.50,central_michigan
Tyler Jefferson,FR,QB,3,7,24,3.43,0,2.33,8.00,central_michigan
Joe Labas,JR,QB,5,20,19,0.95,0,4.00,3.80,central_michigan
Brock Townsend,FR,RB,3,5,14,2.80,0,1.67,4.67,central_michigan
Solomon Davis,SR,WR,5,1,9,9.00,0,0.20,1.80,central_michigan
Hahsaun Wilson,JR,RB,6,47,307,6.53,5,7.83,51.17,charlotte
Cartevious Norton,JR,RB,6,52,246,4.73,2,8.67,41.00,charlotte
Terron Kellman,SO,RB,4,32,156,4.88,0,8.00,39.00,charlotte
Henry Rutledge,JR,RB,6,7,56,8.00,0,1.17,9.33,charlotte
"Rod Gainey, Jr.",FR,RB,3,10,34,3.40,0,3.33,11.33,charlotte
CJ Stokes,SO,RB,3,7,33,4.71,1,2.33,11.00,charlotte
Trexler Ivey,JR,QB,5,4,3,0.75,0,0.80,0.60,charlotte
Max Brown,SO,QB,2,10,2,0.20,0,5.00,1.00,charlotte
Xander Lamb,SO,WR,4,1,2,2.00,0,0.25,0.50,charlotte
Jairus Mack,JR,WR,6,1,-4,-4.00,0,0.17,-0.67,charlotte
Deshawn Purdie,FR,QB,4,19,-110,-5.79,1,4.75,-27.50,charlotte
Corey Kiner,SR,RB,5,67,413,6.16,2,13.40,82.60,cincinnati
Evan Pryor,JR,RB,5,23,239,10.39,3,4.60,47.80,cincinnati
Chance Williams,JR,RB,4,15,67,4.47,0,3.75,16.75,cincinnati
Brendan Sorsby,SO,QB,5,35,66,1.89,3,7.00,13.20,cincinnati
Victor Dawson,JR,RB,5,7,63,9.00,0,1.40,12.60,cincinnati
Manny Covey,FR,RB,5,16,58,3.63,0,3.20,11.60,cincinnati
Tony Johnson,JR,WR,5,1,13,13.00,0,0.20,2.60,cincinnati
Barry Jackson Jr.,FR,WR,3,2,11,5.50,0,0.67,3.67,cincinnati
Brady Lichtenberg,JR,QB,2,4,-2,-0.50,0,2.00,-1.00,cincinnati
Phil Mafah,SR,RB,5,68,496,7.29,2,13.60,99.20,clemson
Cade Klubnik,JR,QB,5,28,168,6.00,4,5.60,33.60,clemson
Jay Haynes,FR,RB,5,21,110,5.24,1,4.20,22.00,clemson
Antonio Williams,SO,WR,5,3,48,16.00,0,0.60,9.60,clemson
Christopher Vizzina,FR,QB,4,9,38,4.22,1,2.25,9.50,clemson
David Eziomume,FR,RB,2,7,35,5.00,0,3.50,17.50,clemson
Cole Turner,SO,WR,5,2,30,15.00,1,0.40,6.00,clemson
"Keith Adams, Jr.",SO,RB,5,11,26,2.36,0,2.20,5.20,clemson
Trent Pearman,SO,QB,2,3,16,5.33,0,1.50,8.00,clemson
Troy Stellato,JR,WR,4,1,11,11.00,0,0.25,2.75,clemson
Jarvis Green,FR,RB,1,2,5,2.50,0,2.00,5.00,clemson
"Wise Segars, Jr.",JR,RB,1,1,2,2.00,0,1.00,2.00,clemson
Tristen Rigby,JR,RB,3,1,1,1.00,0,0.33,0.33,clemson
Tyler Brown,SO,WR,4,1,-2,-2.00,0,0.25,-0.50,clemson
Christian Washington,SO,RB,5,60,313,5.22,4,12.00,62.60,coastal_carolina
Ethan Vasko,SO,QB,5,49,220,4.49,2,9.80,44.00,coastal_carolina
Braydon Bennett,SR,RB,3,25,145,5.80,5,8.33,48.33,coastal_carolina
Darren Lloyd,FR,RB,5,17,121,7.12,0,3.40,24.20,coastal_carolina
Ja'Vin Simpkins,SO,RB,2,14,93,6.64,0,7.00,46.50,coastal_carolina
Simeon Price,JR,RB,3,23,62,2.70,0,7.67,20.67,coastal_carolina
Tray Taylor,JR,WR,5,3,28,9.33,0,0.60,5.60,coastal_carolina
Matt Pack Jr.,JR,RB,1,6,16,2.67,0,6.00,16.00,coastal_carolina
Bryson Graves,SO,WR,5,3,8,2.67,0,0.60,1.60,coastal_carolina
Noah Kim,SR,QB,3,3,7,2.33,0,1.00,2.33,coastal_carolina
Mack West,JR,P,5,1,-5,-5.00,0,0.20,-1.00,coastal_carolina
Isaiah Augustave,SO,RB,4,24,117,4.88,0,6.00,29.25,colorado
Micah Welch,FR,RB,4,23,113,4.91,3,5.75,28.25,colorado
Dallan Hayden,SO,RB,3,25,85,3.40,1,8.33,28.33,colorado
Charlie Offerdahl,JR,RB,5,14,46,3.29,0,2.80,9.20,colorado
Shedeur Sanders,SR,QB,5,40,25,0.63,1,8.00,5.00,colorado
Drelon Miller,FR,WR,5,3,11,3.67,0,0.60,2.20,colorado
Ryan Staub,FR,QB,2,3,4,1.33,0,1.50,2.00,colorado
Jimmy Horn Jr.,SR,WR,5,1,3,3.00,0,0.20,0.60,colorado
Travis Hunter,JR,ATH,5,1,0,0.00,0,0.20,0.00,colorado
Avery Morrow,SR,RB,5,54,390,7.22,4,10.80,78.00,colorado_state
Justin Marshall,FR,RB,5,73,323,4.42,2,14.60,64.60,colorado_state
Keegan Holles,SO,RB,3,15,97,6.47,1,5.00,32.33,colorado_state
Damian Henderson II,FR,RB,1,8,38,4.75,0,8.00,38.00,colorado_state
Caleb Goodie,SO,WR,5,2,31,15.50,0,0.40,6.20,colorado_state
Jackson Brousseau,FR,QB,2,1,8,8.00,0,0.50,4.00,colorado_state
Kobe Johnson,SR,RB,5,8,-2,-0.25,0,1.60,-0.40,colorado_state
Paddy Turner,SR,P,5,1,-2,-2.00,0,0.20,-0.40,colorado_state
Brayden Fowler-Nicolosi,SO,QB,5,20,-6,-0.30,1,4.00,-1.20,colorado_state
Durell Robinson,FR,RB,6,55,421,7.65,4,9.17,70.17,connecticut
Cam Edwards,SO,RB,6,64,320,5.00,3,10.67,53.33,connecticut
Mel Brown,JR,RB,6,62,315,5.08,1,10.33,52.50,connecticut
Nick Evers,SO,QB,4,42,172,4.10,2,10.50,43.00,connecticut
Joe Fagnano,SR,QB,6,19,51,2.68,1,3.17,8.50,connecticut
Victor Rosa,JR,RB,2,7,48,6.86,1,3.50,24.00,connecticut
Tucker McDonald,FR,QB,3,3,9,3.00,0,1.00,3.00,connecticut
Daniel Shaban,FR,RB,1,2,6,3.00,0,2.00,6.00,connecticut
Skyler Bell,JR,WR,6,0,4,-,0,-,-,connecticut
Star Thomas,SR,RB,6,113,528,4.67,3,18.83,88.00,duke
Peyton Jones,SO,RB,6,38,164,4.32,2,6.33,27.33,duke
Jaquez Moore,SR,RB,3,14,35,2.50,1,4.67,11.67,duke
Henry Belin IV,SO,QB,2,5,23,4.60,0,2.50,11.50,duke
Al Wooten II,SR,RB,3,2,1,0.50,0,0.67,0.33,duke
Quran Boyd,FR,RB,5,2,0,0.00,0,0.40,0.00,duke
Maalik Murphy,SO,QB,6,9,-54,-6.00,0,1.50,-9.00,duke
Rahjai Harris,SR,RB,6,100,397,3.97,3,16.67,66.17,east_carolina
London Montgomery,FR,RB,4,19,119,6.26,1,4.75,29.75,east_carolina
Javious Bond,SO,RB,4,14,92,6.57,1,3.50,23.00,east_carolina
Marlon Gunn Jr.,JR,RB,6,23,60,2.61,1,3.83,10.00,east_carolina
Jake Garcia,JR,QB,6,40,46,1.15,2,6.67,7.67,east_carolina
Winston Wright Jr.,SR,WR,6,6,44,7.33,0,1.00,7.33,east_carolina
Jhari Patterson,SR,WR,6,1,12,12.00,0,0.17,2.00,east_carolina
Brock Spalding,SO,WR,6,1,0,0.00,0,0.17,0.00,east_carolina
Katin Houser,SO,QB,2,5,-19,-3.80,0,2.50,-9.50,east_carolina
Delbert Mimms III,SR,RB,5,69,314,4.55,5,13.80,62.80,eastern_michigan
Elijah Jackson-Anderson,JR,RB,5,45,146,3.24,2,9.00,29.20,eastern_michigan
Cole Snyder,SR,QB,5,52,109,2.10,2,10.40,21.80,eastern_michigan
Dontae McMillan,SR,RB,2,23,87,3.78,0,11.50,43.50,eastern_michigan
Deion Brown,SO,RB,4,11,75,6.82,1,2.75,18.75,eastern_michigan
Joey Mattord,SO,RB,3,7,15,2.14,0,2.33,5.00,eastern_michigan
Oran Singleton,JR,WR,5,2,10,5.00,0,0.40,2.00,eastern_michigan
Jayvin Norman,FR,RB,1,4,8,2.00,0,4.00,8.00,eastern_michigan
Jeremiah Salem,JR,QB,2,1,5,5.00,0,0.50,2.50,eastern_michigan
Montrell Johnson Jr.,SR,RB,5,58,288,4.97,4,11.60,57.60,florida
Jadan Baugh,FR,RB,5,19,128,6.74,0,3.80,25.60,florida
Treyaun Webb,SO,RB,4,21,93,4.43,1,5.25,23.25,florida
Ja'Kobi Jackson,JR,RB,5,14,93,6.64,3,2.80,18.60,florida
DJ Lagway,FR,QB,5,19,49,2.58,0,3.80,9.80,florida
Graham Mertz,SR,QB,4,13,45,3.46,1,3.25,11.25,florida
Tank Hawkins,FR,WR,3,3,11,3.67,0,1.00,3.67,florida
KD Daniels,FR,RB,2,3,10,3.33,0,1.50,5.00,florida
Aidan Warner,FR,QB,1,1,9,9.00,1,1.00,9.00,florida
Zuberi Mobley,JR,RB,5,55,307,5.58,4,11.00,61.40,florida_atlantic
CJ Campbell Jr.,JR,RB,5,59,292,4.95,5,11.80,58.40,florida_atlantic
Cam Fancher,JR,QB,5,52,219,4.21,1,10.40,43.80,florida_atlantic
Xavier Terrell,FR,RB,1,4,34,8.50,0,4.00,34.00,florida_atlantic
Gemari Sands,FR,RB,5,6,25,4.17,1,1.20,5.00,florida_atlantic
Kaden Shields-Dutton,FR,RB,2,4,19,4.75,0,2.00,9.50,florida_atlantic
Kasen Weisman,FR,QB,3,6,15,2.50,1,2.00,5.00,florida_atlantic
Omari Hayes,SO,WR,5,2,0,0.00,0,0.40,0.00,florida_atlantic
Kejon Owens,JR,RB,6,60,265,4.42,4,10.00,44.17,florida_international
Lexington Joseph,SR,RB,6,43,195,4.53,2,7.17,32.50,florida_international
Shomari Lawrence,JR,RB,4,24,68,2.83,0,6.00,17.00,florida_international
Keyone Jenkins,SO,QB,6,40,61,1.53,2,6.67,10.17,florida_international
Shaborne Demps,FR,RB,2,2,20,10.00,0,1.00,10.00,florida_international
Luby Maurice Jr.,FR,WR,5,1,15,15.00,1,0.20,3.00,florida_international
Dean Patterson,JR,WR,6,3,15,5.00,2,0.50,2.50,florida_international
Amari Jones,SO,QB,3,2,6,3.00,0,0.67,2.00,florida_international
Nazeviah Burris,SR,WR,6,1,-2,-2.00,0,0.17,-0.33,florida_international
C'Quan Jnopierre,SR,WR,5,1,-2,-2.00,0,0.20,-0.40,florida_international
Lawrance Toafili,SR,RB,6,55,230,4.18,2,9.17,38.33,florida_state
Kam Davis,FR,RB,6,24,68,2.83,0,4.00,11.33,florida_state
Roydell Williams,SR,RB,3,20,54,2.70,2,6.67,18.00,florida_state
Brock Glenn,FR,QB,2,5,15,3.00,0,2.50,7.50,florida_state
Jaylin Lucas,JR,RB,2,2,13,6.50,0,1.00,6.50,florida_state
Caziah Holmes,SR,RB,6,4,12,3.00,0,0.67,2.00,florida_state
Samuel Singleton Jr.,FR,RB,3,5,11,2.20,0,1.67,3.67,florida_state
Ja’Khi Douglas,SR,WR,6,2,10,5.00,0,0.33,1.67,florida_state
Malik Benson,SR,WR,6,1,-5,-5.00,0,0.17,-0.83,florida_state
DJ Uiagalelei,SR,QB,5,37,-8,-0.22,0,7.40,-1.60,florida_state
Malik Sherrod,SR,RB,4,60,196,3.27,4,15.00,49.00,fresno_state
Elijah Gilliam,SR,RB,5,48,175,3.65,2,9.60,35.00,fresno_state
Bryson Donelson,FR,RB,4,21,91,4.33,1,5.25,22.75,fresno_state
Raylen Sharpe,JR,WR,5,2,74,37.00,0,0.40,14.80,fresno_state
Johnathan Arceneaux,JR,RB,3,7,40,5.71,0,2.33,13.33,fresno_state
Joshua Wood,SO,QB,5,11,40,3.64,3,2.20,8.00,fresno_state
Mac Dalena,SR,WR,5,3,15,5.00,0,0.60,3.00,fresno_state
Nathan Acevedo,SO,WR,5,1,10,10.00,0,0.20,2.00,fresno_state
Jalen Moss,SO,WR,5,1,6,6.00,0,0.20,1.20,fresno_state
Jayden Mandal,FR,QB,4,1,-7,-7.00,0,0.25,-1.75,fresno_state
Mikey Keene,JR,QB,5,16,-71,-4.44,0,3.20,-14.20,fresno_state
Trevor Etienne,JR,RB,4,52,300,5.77,3,13.00,75.00,georgia
Nate Frazier,FR,RB,4,27,151,5.59,1,6.75,37.75,georgia
Branson Robinson,SO,RB,5,22,61,2.77,2,4.40,12.20,georgia
Dillon Bell,JR,WR,5,4,54,13.50,1,0.80,10.80,georgia
Carson Beck,SR,QB,5,22,49,2.23,0,4.40,9.80,georgia
Chauncey Bowens,FR,RB,2,6,20,3.33,0,3.00,10.00,georgia
Cash Jones,JR,RB,5,4,18,4.50,1,0.80,3.60,georgia
Arian Smith,SR,WR,5,1,7,7.00,0,0.20,1.40,georgia
Gunner Stockton,SO,QB,2,3,2,0.67,0,1.50,1.00,georgia
Jalen White,SR,RB,5,60,235,3.92,7,12.00,47.00,georgia_southern
OJ Arnold,JR,RB,5,29,201,6.93,3,5.80,40.20,georgia_southern
JC French,SO,QB,5,46,82,1.78,1,9.20,16.40,georgia_southern
David Mbadinga,SO,RB,5,18,62,3.44,0,3.60,12.40,georgia_southern
Dexter Williams II,SR,QB,2,3,19,6.33,0,1.50,9.50,georgia_southern
Dalen Cobb,JR,WR,5,4,17,4.25,0,0.80,3.40,georgia_southern
Marcus Sanders Jr.,JR,WR,4,1,13,13.00,0,0.25,3.25,georgia_southern
Derwin Burgess Jr.,SR,WR,5,1,2,2.00,0,0.20,0.40,georgia_southern
DeAndre Buchannon,SO,WR,5,4,1,0.25,0,0.80,0.20,georgia_southern
Freddie Brock,JR,RB,4,49,266,5.43,2,12.25,66.50,georgia_state
Sy'veon Wilkerson,SR,RB,4,23,97,4.22,0,5.75,24.25,georgia_state
Michel Dukes,SR,RB,4,16,77,4.81,0,4.00,19.25,georgia_state
Jordan Ford,SR,RB,4,12,44,3.67,0,3.00,11.00,georgia_state
DJ Riles,SO,WR,4,1,10,10.00,0,0.25,2.50,georgia_state
Christian Veilleux,JR,QB,4,8,1,0.13,1,2.00,0.25,georgia_state
Tailique Williams,SR,WR,4,1,-1,-1.00,0,0.25,-0.25,georgia_state
Jamal Haynes,JR,RB,6,77,366,4.75,5,12.83,61.00,georgia_tech
Haynes King,JR,QB,6,51,246,4.82,4,8.50,41.00,georgia_tech
Chad Alexander,SO,RB,4,26,141,5.42,0,6.50,35.25,georgia_tech
Anthony Carrie,FR,RB,4,13,83,6.38,1,3.25,20.75,georgia_tech
"Eric Singleton, Jr.",SO,WR,6,7,79,11.29,1,1.17,13.17,georgia_tech
Trelain Maddox,FR,RB,2,17,67,3.94,1,8.50,33.50,georgia_tech
Zach Pyron,SO,QB,6,12,54,4.50,4,2.00,9.00,georgia_tech
Brody Rhodes,JR,QB,1,2,17,8.50,0,2.00,17.00,georgia_tech
Malik Rutherford,JR,WR,6,4,15,3.75,0,0.67,2.50,georgia_tech
Daylon Gordon,JR,RB,6,2,5,2.50,0,0.33,0.83,georgia_tech
Avery Boyd,SR,TE,6,1,-2,-2.00,0,0.17,-0.33,georgia_tech
Landon Sims,JR,RB,5,36,148,4.11,1,7.20,29.60,hawai'i
Brayden Schager,SR,QB,5,50,96,1.92,2,10.00,19.20,hawai'i
Cam Barfield,SO,RB,4,14,52,3.71,0,3.50,13.00,hawai'i
David Cordero,JR,RB,5,7,46,6.57,0,1.40,9.20,hawai'i
Christian Vaughn,JR,RB,2,8,42,5.25,0,4.00,21.00,hawai'i
Tylan Hines,SO,WR,5,4,41,10.25,0,0.80,8.20,hawai'i
Lucas Borrow,SR,P,5,1,19,19.00,0,0.20,3.80,hawai'i
Kamalu DeBlake,JR,RB,4,4,18,4.50,0,1.00,4.50,hawai'i
Micah Alejado,FR,QB,1,1,8,8.00,0,1.00,8.00,hawai'i
John-Keawe Sagapolutele,FR,QB,2,1,1,1.00,0,0.50,0.50,hawai'i
Stacy Sneed,JR,RB,6,40,235,5.88,1,6.67,39.17,houston
Re’Shaun Sanford II,FR,RB,6,40,208,5.20,1,6.67,34.67,houston
Zeon Chriss,SO,QB,5,30,176,5.87,1,6.00,35.20,houston
Donovan Smith,SR,QB,6,48,102,2.13,2,8.00,17.00,houston
J'Marion Burnette,FR,RB,3,23,67,2.91,0,7.67,22.33,houston
Parker Jenkins,SO,RB,5,17,34,2.00,0,3.40,6.80,houston
Mekhi Mews,JR,WR,6,2,20,10.00,0,0.33,3.33,houston
DJ Butler,FR,RB,2,3,9,3.00,0,1.50,4.50,houston
Marquis Shoulders,JR,WR,3,1,5,5.00,0,0.33,1.67,houston
Stephon Johnson,JR,WR,6,1,5,5.00,0,0.17,0.83,houston
Ui Ale,SO,QB,1,1,3,3.00,0,1.00,3.00,houston
Sherman Smith,JR,RB,1,1,0,0.00,0,1.00,0.00,houston
Joseph Manjack IV,JR,WR,5,1,-2,-2.00,0,0.20,-0.40,houston
Kaden Feagin,SO,RB,5,67,306,4.57,3,13.40,61.20,illinois
Aidan Laughery,SO,RB,4,19,119,6.26,0,4.75,29.75,illinois
Ca'Lil Valentine,FR,RB,5,20,106,5.30,0,4.00,21.20,illinois
Josh McCray,JR,RB,5,25,103,4.12,1,5.00,20.60,illinois
Luke Altmyer,JR,QB,5,39,30,0.77,0,7.80,6.00,illinois
Jordan Anderson,SO,RB,5,3,1,0.33,0,0.60,0.20,illinois
Pat Bryant,SR,WR,5,1,-1,-1.00,0,0.20,-0.20,illinois
Justice Ellison,SR,RB,6,64,409,6.39,6,10.67,68.17,indiana
Ty Son Lawton,SR,RB,6,68,329,4.84,7,11.33,54.83,indiana
Kaelon Black,JR,RB,6,26,163,6.27,1,4.33,27.17,indiana
Elijah Green,JR,RB,4,17,157,9.24,4,4.25,39.25,indiana
Khobie Martin,FR,RB,2,14,73,5.21,0,7.00,36.50,indiana
Kurtis Rourke,SR,QB,6,21,44,2.10,2,3.50,7.33,indiana
Daniel Weems,SO,RB,1,4,19,4.75,0,4.00,19.00,indiana
Tayven Jackson,SO,QB,3,4,15,3.75,1,1.33,5.00,indiana
Myles Price,SR,WR,6,4,14,3.50,1,0.67,2.33,indiana
Omar Cooper Jr.,SO,WR,6,1,7,7.00,0,0.17,1.17,indiana
Charlie Becker,FR,WR,5,1,3,3.00,1,0.20,0.60,indiana
Alberto Mendoza,FR,QB,1,2,-3,-1.50,0,2.00,-3.00,indiana
Kaleb Johnson,JR,RB,5,97,771,7.95,10,19.40,154.20,iowa
Jaziun Patterson,SO,RB,3,30,144,4.80,1,10.00,48.00,iowa
Kamari Moulton,FR,RB,4,32,130,4.06,0,8.00,32.50,iowa
Brendan Sullivan,JR,QB,4,5,25,5.00,1,1.25,6.25,iowa
Leshon Williams,SR,RB,3,11,21,1.91,0,3.67,7.00,iowa
Max White,JR,RB,5,2,21,10.50,0,0.40,4.20,iowa
Jacob Gill,JR,WR,5,2,15,7.50,0,0.40,3.00,iowa
"Terrell Washington, Jr.",FR,RB,5,1,9,9.00,0,0.20,1.80,iowa
Kaden Wetjen,SR,WR,5,1,6,6.00,0,0.20,1.20,iowa
Hayden Large,SR,FB,5,2,2,1.00,0,0.40,0.40,iowa
Cade McNamara,SR,QB,5,11,-25,-2.27,0,2.20,-5.00,iowa
Jaylon Jackson,SR,RB,5,48,295,6.15,2,9.60,59.00,iowa_state
Abu Sama III,SO,RB,5,48,242,5.04,1,9.60,48.40,iowa_state
Carson Hansen,SO,RB,5,41,211,5.15,2,8.20,42.20,iowa_state
Rocco Becht,SO,QB,5,19,55,2.89,2,3.80,11.00,iowa_state
Connor Moberly,FR,QB,2,4,36,9.00,0,2.00,18.00,iowa_state
Dylan Lee,FR,RB,2,11,35,3.18,1,5.50,17.50,iowa_state
Aiden Flora,FR,RB,1,6,27,4.50,1,6.00,27.00,iowa_state
Jaylin Noel,SR,WR,5,2,9,4.50,0,0.40,1.80,iowa_state
Easton Miller,FR,RB,4,2,7,3.50,0,0.50,1.75,iowa_state
Tyler Huff,SR,QB,5,63,445,7.06,5,12.60,89.00,jacksonville_state
Tre Stewart,SR,RB,5,65,354,5.45,8,13.00,70.80,jacksonville_state
Anwar Lewis,SR,RB,5,34,129,3.79,2,6.80,25.80,jacksonville_state
Mike Franklin,JR,RB,4,8,55,6.88,1,2.00,13.75,jacksonville_state
Logan Smothers,SR,QB,3,11,32,2.91,0,3.67,10.67,jacksonville_state
Michael Pettway,JR,WR,5,2,12,6.00,0,0.40,2.40,jacksonville_state
Samario Rudolph,SR,WR,5,1,10,10.00,0,0.20,2.00,jacksonville_state
Andrew Paul,SO,RB,5,6,9,1.50,0,1.20,1.80,jacksonville_state
Zion Turner,SO,QB,1,1,3,3.00,0,1.00,3.00,jacksonville_state
Cole Fuller,JR,TE,5,1,1,1.00,1,0.20,0.20,jacksonville_state
Demarcus Lacey,JR,WR,5,1,1,1.00,0,0.20,0.20,jacksonville_state
George Pettaway,SO,RB,5,51,298,5.84,2,10.20,59.60,james_madison
Alonza Barnett III,SO,QB,5,56,296,5.29,4,11.20,59.20,james_madison
Tyler Purdy,SR,RB,5,25,119,4.76,2,5.00,23.80,james_madison
Wayne Knight,SO,RB,5,12,86,7.17,0,2.40,17.20,james_madison
Jobi Malary,SR,RB,5,6,53,8.83,1,1.20,10.60,james_madison
Cam Ross,SR,WR,5,2,51,25.50,0,0.40,10.20,james_madison
Ayo Adeyi,SR,RB,2,20,40,2.00,1,10.00,20.00,james_madison
Ke'Marion Baldwin,FR,RB,1,4,13,3.25,0,4.00,13.00,james_madison
JC Evans,FR,QB,1,1,5,5.00,0,1.00,5.00,james_madison
Logan Kyle,JR,TE,5,1,-2,-2.00,0,0.20,-0.40,james_madison
Devin Neal,SR,RB,6,100,584,5.84,5,16.67,97.33,kansas
Daniel Hishaw Jr.,JR,RB,5,48,310,6.46,3,9.60,62.00,kansas
Jalon Daniels,JR,QB,6,38,123,3.24,3,6.33,20.50,kansas
Luke Grimm,SR,WR,6,4,68,17.00,1,0.67,11.33,kansas
Sevion Morrison,JR,RB,5,8,45,5.63,1,1.60,9.00,kansas
Johnny Thompson Jr.,FR,RB,2,5,32,6.40,0,2.50,16.00,kansas
Harry Stewart III,FR,RB,1,7,24,3.43,0,7.00,24.00,kansas
Quentin Skinner,SR,WR,6,3,22,7.33,0,0.50,3.67,kansas
Cole Ballard,FR,QB,1,3,20,6.67,0,3.00,20.00,kansas
Mikey Pauley,SO,QB,1,2,17,8.50,0,2.00,17.00,kansas
Lawrence Arnold,SR,WR,6,1,14,14.00,0,0.17,2.33,kansas
Trevor Wilson,SR,WR,6,1,6,6.00,0,0.17,1.00,kansas
Doug Emilien,JR,WR,5,1,5,5.00,0,0.20,1.00,kansas
Torry Locklin,SR,RB,6,1,5,5.00,0,0.17,0.83,kansas
Jared Casey,SR,TE,6,1,1,1.00,0,0.17,0.17,kansas
DJ Giddens,JR,RB,5,83,604,7.28,2,16.60,120.80,kansas_state
Avery Johnson,SO,QB,5,44,321,7.30,2,8.80,64.20,kansas_state
Dylan Edwards,SO,RB,5,29,201,6.93,2,5.80,40.20,kansas_state
Joe Jackson,FR,RB,5,18,91,5.06,0,3.60,18.20,kansas_state
Jacob Knuth,SO,QB,2,3,18,6.00,0,1.50,9.00,kansas_state
La'James White,JR,RB,4,1,12,12.00,1,0.25,3.00,kansas_state
Jadon Jackson,SR,WR,5,1,9,9.00,0,0.20,1.80,kansas_state
Keagan Johnson,JR,WR,5,1,8,8.00,0,0.20,1.60,kansas_state
Michael Benefield,SR,RB,5,47,194,4.13,1,9.40,38.80,kennesaw_state
Qua Ashley,SO,RB,5,53,121,2.28,0,10.60,24.20,kennesaw_state
Davis Bryson,SO,QB,5,46,95,2.07,0,9.20,19.00,kennesaw_state
Preston Daniels,SR,TE,5,25,66,2.64,2,5.00,13.20,kennesaw_state
Destun Thomas,SO,WR,5,1,14,14.00,0,0.20,2.80,kennesaw_state
DJ Scott,FR,RB,5,2,9,4.50,0,0.40,1.80,kennesaw_state
Tykeem Wallace,JR,WR,5,4,7,1.75,0,0.80,1.40,kennesaw_state
Navelle Dean,FR,WR,5,1,6,6.00,0,0.20,1.20,kennesaw_state
Gabriel Benyard,JR,WR,2,1,5,5.00,0,0.50,2.50,kennesaw_state
Alexander Diggs,SO,RB,2,2,3,1.50,0,1.00,1.50,kennesaw_state
Khalib Johnson,SO,QB,3,3,-10,-3.33,0,1.00,-3.33,kennesaw_state
Ky Thomas,SR,RB,5,46,139,3.02,0,9.20,27.80,kent_state
Ayden Harris,FR,RB,2,24,83,3.46,1,12.00,41.50,kent_state
Curtis Douglas,SO,RB,3,22,73,3.32,0,7.33,24.33,kent_state
JD Sherrod,FR,QB,2,13,67,5.15,0,6.50,33.50,kent_state
Jordan Lowe,SR,RB,3,15,43,2.87,0,5.00,14.33,kent_state
Cade Wolford,FR,RB,2,4,10,2.50,0,2.00,5.00,kent_state
Jahzae Kimbrough,SO,WR,1,2,4,2.00,0,2.00,4.00,kent_state
Tommy Ulatowski,JR,QB,4,12,-1,-0.08,1,3.00,-0.25,kent_state
Marques Hicks,SO,RB,2,3,-5,-1.67,0,1.50,-2.50,kent_state
Devin Kargman,JR,QB,4,11,-31,-2.82,0,2.75,-7.75,kent_state
Demie Sumo-Karngbaye,SR,RB,5,70,321,4.59,3,14.00,64.20,kentucky
Jamarion Wilcox,FR,RB,5,26,156,6.00,0,5.20,31.20,kentucky
Gavin Wimsatt,JR,QB,3,24,95,3.96,1,8.00,31.67,kentucky
Jason Patterson,FR,RB,3,14,73,5.21,0,4.67,24.33,kentucky
Brock Vandagriff,JR,QB,5,51,56,1.10,0,10.20,11.20,kentucky
Barion Brown,JR,WR,5,6,26,4.33,1,1.20,5.20,kentucky
Anthony Brown-Stephens,SO,WR,5,6,19,3.17,0,1.20,3.80,kentucky
Ja'Mori Maclin,JR,WR,5,2,13,6.50,0,0.40,2.60,kentucky
Fred Farrier II,JR,WR,5,1,3,3.00,0,0.20,0.60,kentucky
Josh Kattus,JR,TE,4,0,2,-,1,-,-,kentucky
Quinton Cooley,SR,RB,5,82,545,6.65,6,16.40,109.00,liberty
Billy Lucas,SR,RB,5,64,303,4.73,4,12.80,60.60,liberty
Kaidon Salter,JR,QB,5,52,183,3.52,2,10.40,36.60,liberty
Vaughn Blue,FR,RB,5,12,70,5.83,0,2.40,14.00,liberty
"James Jointer, Jr.",SO,RB,3,3,24,8.00,0,1.00,8.00,liberty
Caden Williams,FR,RB,1,2,9,4.50,0,2.00,9.00,liberty
Darius Copeland,FR,WR,3,1,7,7.00,0,0.33,2.33,liberty
Ryan Burger,SO,QB,1,1,6,6.00,1,1.00,6.00,liberty
Kyle Hanks,SO,RB,1,1,5,5.00,0,1.00,5.00,liberty
Bill Davis,FR,RB,5,53,360,6.79,3,10.60,72.00,louisiana-lafayette
Zylan Perry,SO,RB,5,40,303,7.58,1,8.00,60.60,louisiana-lafayette
Dre’lyn Washington,JR,RB,4,23,131,5.70,2,5.75,32.75,louisiana-lafayette
Ben Wooldridge,SR,QB,5,35,97,2.77,3,7.00,19.40,louisiana-lafayette
Tylon Citizen,FR,RB,2,5,29,5.80,0,2.50,14.50,louisiana-lafayette
Kendrell Williams,JR,RB,3,5,13,2.60,0,1.67,4.33,louisiana-lafayette
Chandler Fields,SR,QB,2,2,11,5.50,0,1.00,5.50,louisiana-lafayette
Lance LeGendre,SR,WR,5,1,10,10.00,0,0.20,2.00,louisiana-lafayette
Ahmad Hardy,FR,RB,5,84,379,4.51,4,16.80,75.80,louisiana-monroe
James Jones,JR,RB,4,33,133,4.03,1,8.25,33.25,louisiana-monroe
Taven Curry,JR,RB,5,24,122,5.08,0,4.80,24.40,louisiana-monroe
Aidan Armenta,FR,QB,5,6,20,3.33,0,1.20,4.00,louisiana-monroe
Ozarrio Smith,JR,RB,2,7,16,2.29,0,3.50,8.00,louisiana-monroe
General Booty,JR,QB,5,11,16,1.45,0,2.20,3.20,louisiana-monroe
Hunter Herring,JR,QB,4,6,14,2.33,1,1.50,3.50,louisiana-monroe
Charlie Norman,SR,RB,5,3,4,1.33,0,0.60,0.80,louisiana-monroe
Bennett Galloway,SO,RB,4,4,3,0.75,0,1.00,0.75,louisiana-monroe
Davon Wells,SR,WR,5,1,-4,-4.00,0,0.20,-0.80,louisiana-monroe
Donerio Davenport,SR,RB,4,31,107,3.45,1,7.75,26.75,louisiana_tech
Marquis Crosby,JR,RB,3,17,65,3.82,0,5.67,21.67,louisiana_tech
Omiri Wiggins,SO,RB,4,19,59,3.11,0,4.75,14.75,louisiana_tech
Fred Robertson,FR,RB,3,14,55,3.93,0,4.67,18.33,louisiana_tech
Jimmy Holiday,SR,WR,4,7,30,4.29,3,1.75,7.50,louisiana_tech
Blake Baker,FR,QB,2,17,11,0.65,1,8.50,5.50,louisiana_tech
Jack Turner,JR,QB,3,11,4,0.36,0,3.67,1.33,louisiana_tech
Marlion Jackson,SO,WR,4,2,3,1.50,0,0.50,0.75,louisiana_tech
Dedrick Latulas,SO,WR,3,1,0,0.00,0,0.33,0.00,louisiana_tech
Hunter Tipton,SO,TE,4,1,0,0.00,0,0.25,0.00,louisiana_tech
Evan Bullock,FR,QB,3,6,-6,-1.00,0,2.00,-2.00,louisiana_tech
Isaac Brown,FR,RB,5,39,362,9.28,1,7.80,72.40,louisville
Keyjuan Brown,FR,RB,5,27,160,5.93,2,5.40,32.00,louisville
Duke Watson,FR,RB,4,13,144,11.08,2,3.25,36.00,louisville
Donald Chaney,JR,RB,5,32,103,3.22,2,6.40,20.60,louisville
Maurice Turner,JR,RB,2,16,87,5.44,1,8.00,43.50,louisville
Tyler Shough,SR,QB,5,20,25,1.25,0,4.00,5.00,louisville
Caullin Lacy,SR,WR,2,3,11,3.67,0,1.50,5.50,louisville
Travis Egan,FR,QB,5,1,9,9.00,0,0.20,1.80,louisville
Duane Martin,SR,TE,5,1,2,2.00,1,0.20,0.40,louisville
Deuce Adams,FR,QB,1,1,1,1.00,0,1.00,1.00,louisville
Pierce Clarkson,FR,QB,1,1,-8,-8.00,0,1.00,-8.00,louisville
Caden Durham,FR,RB,4,29,244,8.41,3,7.25,61.00,lsu
Josh Williams,SR,RB,5,41,166,4.05,3,8.20,33.20,lsu
Kaleb Jackson,SO,RB,5,34,118,3.47,0,6.80,23.60,lsu
"John Emery, Jr.",SR,RB,1,10,61,6.10,0,10.00,61.00,lsu
Zavion Thomas,JR,WR,5,3,43,14.33,0,0.60,8.60,lsu
Rickie Collins,FR,QB,2,4,18,4.50,0,2.00,9.00,lsu
Ju'Juan Johnson,FR,RB,5,5,13,2.60,0,1.00,2.60,lsu
Garrett Nussmeier,JR,QB,5,6,-5,-0.83,2,1.20,-1.00,lsu
A.J. Turner,SO,RB,5,42,443,10.55,2,8.40,88.60,marshall
Braylon Braxton,JR,QB,3,21,167,7.95,2,7.00,55.67,marshall
Stone Earle,SR,QB,5,45,162,3.60,0,9.00,32.40,marshall
Jordan Houston,SR,RB,5,39,160,4.10,0,7.80,32.00,marshall
Ethan Payne,SR,RB,5,19,70,3.68,2,3.80,14.00,marshall
Tychaun Chapman,SO,WR,4,3,9,3.00,0,0.75,2.25,marshall
Moses Gray,FR,RB,1,2,8,4.00,0,2.00,8.00,marshall
Cole Pennington,SO,QB,2,1,4,4.00,0,0.50,2.00,marshall
Chuck Montgomery,JR,WR,5,2,2,1.00,0,0.40,0.40,marshall
Elijah Metcalf,JR,WR,5,2,-3,-1.50,0,0.40,-0.60,marshall
Roman Hemby,JR,RB,5,60,318,5.30,3,12.00,63.60,maryland
Nolan Ray,FR,RB,5,34,173,5.09,2,6.80,34.60,maryland
Colby McDonald,SR,RB,5,27,148,5.48,0,5.40,29.60,maryland
Billy Edwards Jr.,JR,QB,5,32,36,1.13,2,6.40,7.20,maryland
MJ Morris,SO,QB,2,8,33,4.13,1,4.00,16.50,maryland
Tai Felton,SR,WR,5,2,23,11.50,0,0.40,4.60,maryland
DeJuan Williams,FR,RB,1,4,13,3.25,1,4.00,13.00,maryland
Josiah McLaurin,FR,RB,3,2,3,1.50,0,0.67,1.00,maryland
Kaden Prather,SR,WR,5,1,-1,-1.00,0,0.20,-0.20,maryland
Kellan Wyatt,JR,LB,5,1,-1,-1.00,0,0.20,-0.20,maryland
Taisun Phommachanh,SR,QB,6,86,253,2.94,1,14.33,42.17,massachusetts
Jalen John,JR,RB,5,60,210,3.50,1,12.00,42.00,massachusetts
CJ Hester,SO,RB,5,50,208,4.16,2,10.00,41.60,massachusetts
Brandon Campbell,JR,RB,5,25,61,2.44,1,5.00,12.20,massachusetts
Jackson Paradis,SO,RB,4,17,59,3.47,1,4.25,14.75,massachusetts
Cookie Desiderio,FR,RB,1,5,17,3.40,0,5.00,17.00,massachusetts
Da'Marion Alberic,FR,RB,1,1,0,0.00,0,1.00,0.00,massachusetts
Sterling Galban,SR,WR,6,1,-7,-7.00,0,0.17,-1.17,massachusetts
Mario Anderson Jr.,SR,RB,5,76,438,5.76,8,15.20,87.60,memphis
Brandon Thomas,SR,RB,5,26,187,7.19,5,5.20,37.40,memphis
Greg Desrosiers Jr.,JR,RB,3,16,95,5.94,1,5.33,31.67,memphis
Seth Henigan,SR,QB,5,24,60,2.50,0,4.80,12.00,memphis
Sutton Smith,JR,RB,1,3,7,2.33,0,3.00,7.00,memphis
Roc Taylor,SR,WR,5,2,5,2.50,0,0.40,1.00,memphis
Ja'Koby Banks,SO,WR,5,5,5,1.00,0,1.00,1.00,memphis
Demeer Blankumsee,SR,WR,5,1,1,1.00,0,0.20,0.20,memphis
Makari Bodiford,FR,RB,1,3,0,0.00,0,3.00,0.00,memphis
Damien Martinez,JR,RB,6,66,292,4.42,5,11.00,48.67,miami_florida
Jordan Lyle,FR,RB,6,33,239,7.24,3,5.50,39.83,miami_florida
"Mark Fletcher, Jr.",SO,RB,6,37,223,6.03,4,6.17,37.17,miami_florida
Cam Ward,SR,QB,6,28,161,5.75,3,4.67,26.83,miami_florida
Ajay Allen,SO,RB,5,17,143,8.41,1,3.40,28.60,miami_florida
"Chris Johnson, Jr.",FR,RB,6,6,31,5.17,0,1.00,5.17,miami_florida
Reese Poffenbarger,JR,QB,3,5,12,2.40,0,1.67,4.00,miami_florida
Chris Wheatley-Humphrey,FR,RB,1,1,7,7.00,0,1.00,7.00,miami_florida
Jacolby George,SR,WR,6,1,-3,-3.00,0,0.17,-0.50,miami_florida
Keyon Mozee,SR,RB,5,39,214,5.49,1,7.80,42.80,miami_ohio
Jordan Brunson,JR,RB,3,23,84,3.65,0,7.67,28.00,miami_ohio
Dylan Downing,SR,RB,4,17,73,4.29,0,4.25,18.25,miami_ohio
Kevin Davis,SR,RB,5,18,55,3.06,0,3.60,11.00,miami_ohio
Henry Hesson,JR,QB,2,2,13,6.50,0,1.00,6.50,miami_ohio
Alec Bevelhimer,SR,K,5,1,-16,-16.00,0,0.20,-3.20,miami_ohio
Brett Gabbert,SR,QB,5,30,-24,-0.80,0,6.00,-4.80,miami_ohio
Kalel Mullings,SR,RB,6,91,589,6.47,6,15.17,98.17,michigan
Donovan Edwards,SR,RB,6,73,353,4.84,3,12.17,58.83,michigan
Alex Orji,JR,QB,6,35,124,3.54,0,5.83,20.67,michigan
Benjamin Hall,SO,RB,3,6,34,5.67,0,2.00,11.33,michigan
Semaj Morgan,SO,WR,5,3,27,9.00,0,0.60,5.40,michigan
Jack Tuttle,SR,QB,1,5,14,2.80,0,5.00,14.00,michigan
Fredrick Moore,SO,WR,6,2,13,6.50,0,0.33,2.17,michigan
Davis Warren,SR,QB,3,8,0,0.00,0,2.67,0.00,michigan
Kay'ron Lynch-Adams,SR,RB,6,67,338,5.04,2,11.17,56.33,michigan_state
Nate Carter,JR,RB,6,58,245,4.22,1,9.67,40.83,michigan_state
Aidan Chiles,SO,QB,6,45,115,2.56,3,7.50,19.17,michigan_state
Jaron Glover,SO,WR,4,2,20,10.00,0,0.50,5.00,michigan_state
Brandon Tullis,FR,RB,5,5,11,2.20,0,1.00,2.20,michigan_state
Makhi Frazier,FR,RB,4,1,5,5.00,0,0.25,1.25,michigan_state
Nick Marsh,FR,WR,5,2,2,1.00,0,0.40,0.40,michigan_state
Joseph Martinez,SR,RB,5,1,1,1.00,0,0.20,0.20,michigan_state
Tommy Schuster,SR,QB,3,4,-7,-1.75,1,1.33,-2.33,michigan_state
Jaiden Credle,JR,RB,5,49,233,4.76,2,9.80,46.60,middle_tennessee
Terry Wilkins,SR,RB,5,34,114,3.35,1,6.80,22.80,middle_tennessee
Frank Peasant,SR,RB,2,10,49,4.90,2,5.00,24.50,middle_tennessee
Jekail Middlebrook,FR,RB,2,7,12,1.71,0,3.50,6.00,middle_tennessee
Roman Gagliano,FR,QB,2,2,5,2.50,0,1.00,2.50,middle_tennessee
Xavier Williams,SR,S,3,3,4,1.33,0,1.00,1.33,middle_tennessee
Cam'ron Lacy,FR,WR,5,1,1,1.00,0,0.20,0.20,middle_tennessee
Nicholas Vattiato,JR,QB,5,40,-17,-0.43,0,8.00,-3.40,middle_tennessee
Darius Taylor,SO,RB,5,73,402,5.51,5,14.60,80.40,minnesota
Marcus Major,SR,RB,6,49,205,4.18,2,8.17,34.17,minnesota
Jaren Mangham,SR,RB,3,8,59,7.38,0,2.67,19.67,minnesota
Jordan Nubin,JR,RB,6,10,22,2.20,0,1.67,3.67,minnesota
Sieh Bangura,JR,RB,2,3,9,3.00,0,1.50,4.50,minnesota
Drake Lindsey,FR,QB,2,1,6,6.00,0,0.50,3.00,minnesota
Cristian Driver,SO,WR,6,1,5,5.00,0,0.17,0.83,minnesota
Daniel Jackson,SR,WR,6,1,3,3.00,0,0.17,0.50,minnesota
Max Brosmer,SR,QB,6,42,-9,-0.21,4,7.00,-1.50,minnesota
Henry Parrish Jr.,SR,RB,6,91,570,6.26,9,15.17,95.00,mississippi
Matt Jones,JR,RB,6,43,222,5.16,3,7.17,37.00,mississippi
Jaxson Dart,SR,QB,6,44,156,3.55,3,7.33,26.00,mississippi
Domonique Thomas,SR,RB,6,12,90,7.50,1,2.00,15.00,mississippi
Rashad Amos,SR,RB,4,8,73,9.13,0,2.00,18.25,mississippi
Ulysses Bentley IV,SR,RB,6,16,62,3.88,0,2.67,10.33,mississippi
JJ Pegues,SR,DT,6,7,19,2.71,4,1.17,3.17,mississippi
Cayden Lee,SO,WR,6,2,18,9.00,0,0.33,3.00,mississippi
Austin Simmons,FR,QB,5,5,14,2.80,0,1.00,2.80,mississippi
Antwane Wells Jr.,SR,WR,6,1,4,4.00,0,0.17,0.67,mississippi
Johnnie Daniels,JR,RB,5,47,233,4.96,1,9.40,46.60,mississippi_state
Davon Booth,SR,RB,5,54,192,3.56,2,10.80,38.40,mississippi_state
Keyvone Lee,SR,RB,4,29,140,4.83,1,7.25,35.00,mississippi_state
Creed Whittemore,SO,WR,4,1,41,41.00,1,0.25,10.25,mississippi_state
Blake Shapen,SR,QB,4,34,36,1.06,2,8.50,9.00,mississippi_state
Chris Parson,FR,QB,2,5,27,5.40,0,2.50,13.50,mississippi_state
Kevin Coleman Jr.,JR,WR,5,2,18,9.00,0,0.40,3.60,mississippi_state
Xavier Gayten,FR,RB,4,3,16,5.33,0,0.75,4.00,mississippi_state
Mario Craver,FR,WR,5,1,10,10.00,0,0.20,2.00,mississippi_state
Michael Van Buren Jr.,FR,QB,3,17,-19,-1.12,1,5.67,-6.33,mississippi_state
Nate Noel,SR,RB,5,79,471,5.96,2,15.80,94.20,missouri
Marcus Carroll,SR,RB,5,43,190,4.42,2,8.60,38.00,missouri
Brady Cook,SR,QB,5,37,108,2.92,4,7.40,21.60,missouri
Kewan Lacy,FR,RB,2,11,69,6.27,0,5.50,34.50,missouri
Luther Burden III,JR,WR,5,3,22,7.33,1,0.60,4.40,missouri
Jamal Roberts,FR,RB,5,5,18,3.60,2,1.00,3.60,missouri
Tavorus Jones,SO,RB,1,6,16,2.67,0,6.00,16.00,missouri
Drew Pyne,SR,QB,2,1,8,8.00,0,0.50,4.00,missouri
Mookie Cooper,SR,WR,5,1,4,4.00,0,0.20,0.80,missouri
Mekhi Miller,JR,WR,5,1,-4,-4.00,0,0.20,-0.80,missouri
Blake Horvath,JR,QB,5,66,565,8.56,10,13.20,113.00,navy
Alex Tecza,JR,FB,5,41,238,5.80,5,8.20,47.60,navy
Eli Heidenreich,JR,SB,5,20,172,8.60,0,4.00,34.40,navy
Brandon Chatman,JR,SB,5,28,153,5.46,1,5.60,30.60,navy
Daba Fofana,SR,FB,5,28,150,5.36,2,5.60,30.00,navy
Shane Reynolds,JR,FB,4,16,60,3.75,1,4.00,15.00,navy
Nathan Kent,JR,WR,5,2,51,25.50,1,0.40,10.20,navy
Braxton Woodson,SO,QB,4,15,31,2.07,1,3.75,7.75,navy
Amin Hassan,SR,SB,5,9,30,3.33,0,1.80,6.00,navy
Mikey Pearson III,FR,SB,1,2,14,7.00,0,2.00,14.00,navy
Isaiah Bryant,SO,SB,5,4,13,3.25,0,0.80,2.60,navy
Gage Leonard,SO,SB,5,1,3,3.00,0,0.20,0.60,navy
Dante Dowdell,SO,RB,6,74,334,4.51,5,12.33,55.67,nebraska
Emmett Johnson,SO,RB,6,35,207,5.91,1,5.83,34.50,nebraska
Rahmir Johnson,SR,RB,6,36,147,4.08,0,6.00,24.50,nebraska
"Jacory Barney, Jr.",FR,WR,6,7,104,14.86,2,1.17,17.33,nebraska
"Gabe Ervin, Jr.",JR,RB,5,12,37,3.08,2,2.40,7.40,nebraska
Heinrich Haarberg,JR,QB,5,7,33,4.71,0,1.40,6.60,nebraska
Isaiah Neyor,SR,WR,6,1,13,13.00,0,0.17,2.17,nebraska
Janiran Bonner,SO,WR,6,2,11,5.50,1,0.33,1.83,nebraska
"Maurice Mazzccua, Jr.",SR,RB,2,5,8,1.60,0,2.50,4.00,nebraska
Kenneth Williams,FR,RB,1,1,5,5.00,0,1.00,5.00,nebraska
Kwinten Ives,FR,RB,2,3,4,1.33,0,1.50,2.00,nebraska
Jalyn Gramstad,SR,QB,1,1,2,2.00,0,1.00,2.00,nebraska
Mekhi Nelson,FR,RB,1,1,2,2.00,0,1.00,2.00,nebraska
Jaylen Lloyd,SO,WR,6,1,1,1.00,0,0.17,0.17,nebraska
Carter Nelson,FR,WR,6,1,0,0.00,0,0.17,0.00,nebraska
Dylan Raiola,FR,QB,6,19,-78,-4.11,0,3.17,-13.00,nebraska
Savion Red,JR,RB,6,63,456,7.24,3,10.50,76.00,nevada
Brendon Lewis,JR,QB,6,79,362,4.58,3,13.17,60.33,nevada
Patrick Garwo III,SR,RB,6,45,194,4.31,5,7.50,32.33,nevada
Sean Dollars,SR,RB,6,22,67,3.05,0,3.67,11.17,nevada
Caleb Ramseur,JR,RB,6,10,50,5.00,0,1.67,8.33,nevada
Marcus Bellon,JR,WR,6,5,27,5.40,0,0.83,4.50,nevada
Ky Woods,SO,RB,6,3,12,4.00,0,0.50,2.00,nevada
Cortez Braham Jr.,SR,WR,6,1,1,1.00,0,0.17,0.17,nevada
Kitan Crawford,SR,S,6,1,-4,-4.00,0,0.17,-0.67,nevada
Devon Dampier,SO,QB,5,40,332,8.30,6,8.00,66.40,new_mexico
Eli Sanders,JR,RB,5,50,231,4.62,0,10.00,46.20,new_mexico
Javen Jacobs,SO,RB,5,27,200,7.41,2,5.40,40.00,new_mexico
NaQuari Rogers,JR,RB,5,37,174,4.70,4,7.40,34.80,new_mexico
Luke Wysong,JR,WR,5,6,42,7.00,0,1.20,8.40,new_mexico
Sol-Jay Maiava-Peters,JR,RB,4,5,35,7.00,0,1.25,8.75,new_mexico
Isaiah Chavez,SR,QB,4,2,-13,-6.50,0,0.50,-3.25,new_mexico
Seth McGowan,JR,RB,5,58,334,5.76,2,11.60,66.80,new_mexico_state
Mike Washington,JR,RB,5,56,197,3.52,2,11.20,39.40,new_mexico_state
Larenzo McMillan,JR,RB,3,3,91,30.33,1,1.00,30.33,new_mexico_state
Santino Marucci,JR,QB,3,18,74,4.11,1,6.00,24.67,new_mexico_state
Monte Watkins,JR,RB,5,14,52,3.71,0,2.80,10.40,new_mexico_state
TJ Pride,FR,WR,5,4,29,7.25,0,0.80,5.80,new_mexico_state
Parker Awad,SO,QB,3,25,7,0.28,1,8.33,2.33,new_mexico_state
PJ Johnson III,JR,WR,5,2,3,1.50,0,0.40,0.60,new_mexico_state
Deuce Hogan,SR,QB,2,4,-3,-0.75,0,2.00,-1.50,new_mexico_state
Jordan Smith,SR,WR,4,1,-5,-5.00,0,0.25,-1.25,new_mexico_state
Omarion Hampton,JR,RB,6,137,764,5.58,7,22.83,127.33,north_carolina
Davion Gause,FR,RB,6,33,197,5.97,2,5.50,32.83,north_carolina
Charleston French,SO,RB,2,8,78,9.75,1,4.00,39.00,north_carolina
Jacolby Criswell,SR,QB,5,23,54,2.35,0,4.60,10.80,north_carolina
Nate McCollum,SR,WR,5,4,49,12.25,1,0.80,9.80,north_carolina
Conner Harrell,SO,QB,4,15,39,2.60,1,3.75,9.75,north_carolina
Max Johnson,SR,QB,1,6,10,1.67,1,6.00,10.00,north_carolina
Javarius Green,FR,WR,5,1,8,8.00,0,0.20,1.60,north_carolina
Darwin Barlow,SR,RB,1,1,2,2.00,0,1.00,2.00,north_carolina
Caleb Hood,SR,RB,2,4,-3,-0.75,0,2.00,-1.50,north_carolina
Chris Culliver,SO,WR,5,1,-8,-8.00,0,0.20,-1.60,north_carolina
Kendrick Raphael,SO,RB,6,43,251,5.84,3,7.17,41.83,north_carolina_state
Jordan Waters,SR,RB,6,62,246,3.97,2,10.33,41.00,north_carolina_state
Hollywood Smothers,FR,RB,4,22,114,5.18,1,5.50,28.50,north_carolina_state
Grayson McCall,SR,QB,4,19,53,2.79,0,4.75,13.25,north_carolina_state
CJ Bailey,FR,QB,5,27,42,1.56,2,5.40,8.40,north_carolina_state
Kevin KC Concepcion,SO,WR,6,8,15,1.88,0,1.33,2.50,north_carolina_state
"Demarcus Jones, II",SR,RB,6,3,13,4.33,1,0.50,2.17,north_carolina_state
Lex Thomas,FR,QB,1,1,9,9.00,0,1.00,9.00,north_carolina_state
Jonathan Paylor,FR,WR,2,1,3,3.00,0,0.50,1.50,north_carolina_state
Sean Brown,JR,LB,6,1,2,2.00,0,0.17,0.33,north_carolina_state
Damashja Harris,JR,RB,3,22,193,8.77,1,7.33,64.33,north_texas
Shane Porter,JR,RB,5,24,150,6.25,1,4.80,30.00,north_texas
Makenzie McGill II,FR,RB,5,18,136,7.56,4,3.60,27.20,north_texas
Kiefer Sibley,FR,RB,2,14,97,6.93,0,7.00,48.50,north_texas
Juwaun Price,SR,RB,2,14,64,4.57,0,7.00,32.00,north_texas
Zach Evans,SO,RB,2,9,58,6.44,0,4.50,29.00,north_texas
Ikaika Ragsdale,JR,RB,2,22,58,2.64,1,11.00,29.00,north_texas
Chandler Morris,JR,QB,5,21,46,2.19,2,4.20,9.20,north_texas
Drew Mestemaker,FR,QB,3,4,26,6.50,0,1.33,8.67,north_texas
Kyle Koch,FR,WR,3,1,9,9.00,0,0.33,3.00,north_texas
Wyatt Young,FR,WR,5,1,1,1.00,1,0.20,0.20,north_texas
Antario Brown,SR,RB,5,87,401,4.61,2,17.40,80.20,northern_illinois
Gavin Williams,SR,RB,5,60,307,5.12,1,12.00,61.40,northern_illinois
Jaylen Poe,FR,RB,5,22,140,6.36,3,4.40,28.00,northern_illinois
Ethan Hampton,JR,QB,5,27,90,3.33,1,5.40,18.00,northern_illinois
Trayvon Rudolph,SR,WR,4,6,85,14.17,1,1.50,21.25,northern_illinois
Justin Lynch,JR,RB,5,6,42,7.00,0,1.20,8.40,northern_illinois
Josh Holst,FR,QB,2,3,28,9.33,0,1.50,14.00,northern_illinois
Jalen Macon,JR,QB,1,5,27,5.40,1,5.00,27.00,northern_illinois
Dane Pardridge,SO,WR,4,1,15,15.00,0,0.25,3.75,northern_illinois
George Dimopoulos,FR,WR,5,2,11,5.50,0,0.40,2.20,northern_illinois
Brock Lampe,SR,FB,5,3,8,2.67,1,0.60,1.60,northern_illinois
Grayson Barnes,SR,TE,5,1,2,2.00,0,0.20,0.40,northern_illinois
Cam Porter,SR,RB,4,50,249,4.98,4,12.50,62.25,northwestern
Joseph Himon II,SO,RB,5,23,127,5.52,1,4.60,25.40,northwestern
Jack Lausch,SO,QB,3,29,117,4.03,0,9.67,39.00,northwestern
Mike Wright,SR,QB,3,18,84,4.67,1,6.00,28.00,northwestern
Caleb Komolafe,FR,RB,5,27,51,1.89,0,5.40,10.20,northwestern
A.J. Henning,SR,WR,5,2,8,4.00,0,0.40,1.60,northwestern
Marshall Lang,SR,TE,5,1,3,3.00,0,0.20,0.60,northwestern
Riley Leonard,SR,QB,5,59,374,6.34,7,11.80,74.80,notre_dame
Jeremiyah Love,SO,RB,5,57,373,6.54,5,11.40,74.60,notre_dame
Jadarian Price,SO,RB,5,29,211,7.28,2,5.80,42.20,notre_dame
Aneyas Williams,FR,RB,4,6,36,6.00,0,1.50,9.00,notre_dame
Devyn Ford,SR,RB,5,8,30,3.75,0,1.60,6.00,notre_dame
Kedren Young,FR,RB,1,4,25,6.25,0,4.00,25.00,notre_dame
Kenny Minchey,FR,QB,1,2,12,6.00,1,2.00,12.00,notre_dame
Steve Angeli,SO,QB,3,4,12,3.00,0,1.33,4.00,notre_dame
Jayden Thomas,JR,WR,5,1,2,2.00,0,0.20,0.40,notre_dame
Anthony Tyus III,SR,RB,5,87,500,5.75,4,17.40,100.00,ohio
Parker Navarro,SR,QB,4,44,212,4.82,3,11.00,53.00,ohio
Rickey Hunt Jr.,FR,RB,5,40,152,3.80,1,8.00,30.40,ohio
Nick Poulos,JR,QB,2,13,62,4.77,0,6.50,31.00,ohio
Duncan Brune,FR,RB,5,7,33,4.71,0,1.40,6.60,ohio
Eamonn Dennis,SR,WR,3,1,10,10.00,0,0.33,3.33,ohio
Quinshon Judkins,JR,RB,5,60,468,7.80,5,12.00,93.60,ohio_state
TreVeyon Henderson,SR,RB,5,42,337,8.02,4,8.40,67.40,ohio_state
James Peoples,FR,RB,5,35,153,4.37,2,7.00,30.60,ohio_state
Will Howard,SR,QB,5,24,64,2.67,4,4.80,12.80,ohio_state
Sam Williams-Dixon,FR,RB,2,4,44,11.00,0,2.00,22.00,ohio_state
Jeremiah Smith,FR,WR,5,2,33,16.50,1,0.40,6.60,ohio_state
Devin Brown,JR,QB,5,5,10,2.00,0,1.00,2.00,ohio_state
Julian Sayin,FR,QB,2,1,5,5.00,0,0.50,2.50,ohio_state
Mason Maggs,JR,QB,1,1,3,3.00,0,1.00,3.00,ohio_state
Jovantae Barnes,JR,RB,5,57,199,3.49,2,11.40,39.80,oklahoma
Jackson Arnold,SO,QB,4,41,138,3.37,2,10.25,34.50,oklahoma
Taylor Tatum,FR,RB,4,18,116,6.44,2,4.50,29.00,oklahoma
Michael Hawkins Jr.,FR,QB,3,28,101,3.61,1,9.33,33.67,oklahoma
Sam Franklin,JR,RB,5,5,42,8.40,0,1.00,8.40,oklahoma
Gavin Sawchuk,SO,RB,5,18,33,1.83,0,3.60,6.60,oklahoma
Deion Burks,JR,WR,4,5,32,6.40,0,1.25,8.00,oklahoma
Ollie Gordon II,JR,RB,6,101,384,3.80,4,16.83,64.00,oklahoma_state
Trent Howland,JR,RB,4,17,83,4.88,1,4.25,20.75,oklahoma_state
Sesi Vailahi,FR,RB,6,25,41,1.64,1,4.17,6.83,oklahoma_state
Brennan Presley,SR,WR,6,4,40,10.00,1,0.67,6.67,oklahoma_state
Garret Rangel,SO,QB,3,4,14,3.50,0,1.33,4.67,oklahoma_state
Alan Bowman,SR,QB,6,13,-4,-0.31,0,2.17,-0.67,oklahoma_state
Aaron Young,SR,RB,5,77,301,3.91,2,15.40,60.20,old_dominion
Bryce Duke,JR,RB,5,27,169,6.26,0,5.40,33.80,old_dominion
Colton Joseph,FR,QB,3,24,134,5.58,2,8.00,44.67,old_dominion
Devin Roche,FR,RB,4,15,90,6.00,1,3.75,22.50,old_dominion
Quinn Henicle,FR,QB,1,13,64,4.92,1,13.00,64.00,old_dominion
Grant Wilson,JR,QB,3,28,47,1.68,1,9.33,15.67,old_dominion
Tariq Sims,JR,RB,2,2,26,13.00,1,1.00,13.00,old_dominion
Demariyon Houston,SR,WR,5,1,4,4.00,0,0.20,0.80,old_dominion
Jordan James,JR,RB,5,88,552,6.27,5,17.60,110.40,oregon
Noah Whittington,JR,RB,5,42,165,3.93,1,8.40,33.00,oregon
Dillon Gabriel,SR,QB,5,24,71,2.96,3,4.80,14.20,oregon
Traeshon Holden,SR,WR,5,1,21,21.00,0,0.20,4.20,oregon
Jayden Limar,SO,RB,5,7,13,1.86,0,1.40,2.60,oregon
Dante Moore,SO,QB,2,1,6,6.00,0,0.50,3.00,oregon
Kenyon Sadiq,SO,TE,5,2,5,2.50,0,0.40,1.00,oregon
Jay Harris,JR,RB,1,3,3,1.00,0,3.00,3.00,oregon
Anthony Hankerson,JR,RB,5,101,485,4.80,9,20.20,97.00,oregon_state
Jam Griffin,SR,RB,5,73,450,6.16,4,14.60,90.00,oregon_state
Gevani McCoy,JR,QB,5,29,213,7.34,3,5.80,42.60,oregon_state
Salahadin Allah,FR,RB,5,20,91,4.55,0,4.00,18.20,oregon_state
Zachary Card,FR,WR,5,5,60,12.00,1,1.00,12.00,oregon_state
Gabarri Johnson,FR,QB,3,5,34,6.80,0,1.67,11.33,oregon_state
Trent Walker,JR,WR,5,3,9,3.00,0,0.60,1.80,oregon_state
Jake Reichle,SO,RB,5,3,9,3.00,0,0.60,1.80,oregon_state
Nicholas Singleton,JR,RB,4,53,408,7.70,3,13.25,102.00,penn_state
Kaytron Allen,JR,RB,5,74,367,4.96,2,14.80,73.40,penn_state
Beau Pribula,SO,QB,5,15,105,7.00,1,3.00,21.00,penn_state
Drew Allar,JR,QB,5,26,89,3.42,3,5.20,17.80,penn_state
Cam Wallace,FR,RB,3,18,63,3.50,1,6.00,21.00,penn_state
Tyler Warren,SR,TE,5,4,34,8.50,1,0.80,6.80,penn_state
"Quinton Martin, Jr.",FR,RB,2,8,25,3.13,0,4.00,12.50,penn_state
Liam Clifford,JR,WR,5,1,12,12.00,0,0.20,2.40,penn_state
Desmond Reid,JR,RB,4,62,374,6.03,1,15.50,93.50,pittsburgh
Eli Holstein,FR,QB,5,48,265,5.52,3,9.60,53.00,pittsburgh
Daniel Carter,SR,RB,5,12,139,11.58,2,2.40,27.80,pittsburgh
Che Nwabuko,SO,RB,2,3,65,21.67,1,1.50,32.50,pittsburgh
Derrick Davis Jr.,JR,RB,5,16,44,2.75,2,3.20,8.80,pittsburgh
Nate Yarnell,JR,QB,3,5,22,4.40,0,1.67,7.33,pittsburgh
Rodney Hammond Jr.,SR,RB,1,4,9,2.25,0,4.00,9.00,pittsburgh
Kenny Johnson,SO,WR,5,2,-4,-2.00,0,0.40,-0.80,pittsburgh
Devin Mockobee,JR,RB,5,60,362,6.03,1,12.00,72.40,purdue
Reggie Love III,SR,RB,5,41,210,5.12,2,8.20,42.00,purdue
Elijah Jackson,FR,RB,5,5,96,19.20,1,1.00,19.20,purdue
Jaheim Merriweather,FR,RB,4,5,47,9.40,1,1.25,11.75,purdue
Ryan Browne,FR,QB,2,5,0,0.00,0,2.50,0.00,purdue
Hudson Card,SR,QB,5,24,-10,-0.42,0,4.80,-2.00,purdue
Dean Connors,SR,RB,5,55,369,6.71,5,11.00,73.80,rice
Taji Atkins,FR,RB,5,24,158,6.58,2,4.80,31.60,rice
Quinton Jackson,SO,RB,5,13,89,6.85,0,2.60,17.80,rice
Kobie Campbell,SR,WR,5,1,40,40.00,0,0.20,8.00,rice
Coleman Bennett,SR,RB,4,2,28,14.00,1,0.50,7.00,rice
Christian Francisco,JR,RB,5,4,14,3.50,0,0.80,2.80,rice
Drew Devillier,FR,QB,2,3,13,4.33,0,1.50,6.50,rice
E.J. Warner,JR,QB,5,11,13,1.18,0,2.20,2.60,rice
Chase Jenkins,FR,WR,1,1,2,2.00,0,1.00,2.00,rice
Matt Sykes,SR,WR,5,2,-4,-2.00,0,0.40,-0.80,rice
Alex Bacchetta,SO,P,5,1,-19,-19.00,0,0.20,-3.80,rice
Kyle Monangai,SR,RB,5,116,667,5.75,6,23.20,133.40,rutgers
Samuel Brown V,JR,RB,4,36,184,5.11,3,9.00,46.00,rutgers
Antwan Raymond,FR,RB,2,23,126,5.48,2,11.50,63.00,rutgers
Athan Kaliakmanis,SR,QB,5,29,55,1.90,0,5.80,11.00,rutgers
Ajani Sheppard,SO,QB,2,1,4,4.00,0,0.50,2.00,rutgers
Timmy Ward,SR,DB,4,1,0,0.00,0,0.25,0.00,rutgers
Hunter Watson,JR,QB,6,84,370,4.40,4,14.00,61.67,sam_houston_state
DJ McKinney,FR,RB,6,57,348,6.11,2,9.50,58.00,sam_houston_state
Jay Ducker,SR,RB,6,66,348,5.27,5,11.00,58.00,sam_houston_state
John Gentry,JR,RB,5,26,75,2.88,1,5.20,15.00,sam_houston_state
Jase Bauer,JR,QB,3,17,70,4.12,0,5.67,23.33,sam_houston_state
Ife Adeyi,SR,WR,6,7,69,9.86,1,1.17,11.50,sam_houston_state
Noah Smith,SR,WR,6,8,67,8.38,0,1.33,11.17,sam_houston_state
Zach Hrbacek,JR,RB,6,9,26,2.89,0,1.50,4.33,sam_houston_state
Qua'Vez Humphreys,JR,WR,6,1,10,10.00,0,0.17,1.67,sam_houston_state
Malik Phillips,SR,WR,3,1,4,4.00,0,0.33,1.33,sam_houston_state
Michael Phoenix II,JR,WR,5,1,4,4.00,0,0.20,0.80,sam_houston_state
Lonnie Adkism,FR,WR,4,1,-3,-3.00,0,0.25,-0.75,sam_houston_state
Marquez Cooper,SR,RB,5,126,583,4.63,5,25.20,116.60,san_diego_state
Jaylon Armstead,SR,RB,3,13,42,3.23,0,4.33,14.00,san_diego_state
Lucky Sutton,SO,RB,2,4,18,4.50,0,2.00,9.00,san_diego_state
Danny O'Neil,FR,QB,4,23,16,0.70,0,5.75,4.00,san_diego_state
Javance Tupou’ata-Johnson,FR,QB,2,9,5,0.56,0,4.50,2.50,san_diego_state
Cam Davis,JR,RB,1,1,4,4.00,0,1.00,4.00,san_diego_state
Jordan Napier,FR,WR,5,1,-5,-5.00,0,0.20,-1.00,san_diego_state
Ja’Shaun Poke,SR,WR,5,2,-10,-5.00,0,0.40,-2.00,san_diego_state
Floyd Chalk IV,JR,RB,5,61,273,4.48,6,12.20,54.60,san_jose_state
Jabari Bates,SO,RB,5,34,165,4.85,0,6.80,33.00,san_jose_state
Lamar Radcliffe,FR,RB,3,6,21,3.50,0,2.00,7.00,san_jose_state
Jordan Pollard,JR,LB,5,1,9,9.00,0,0.20,1.80,san_jose_state
Walker Eget,JR,QB,4,1,-4,-4.00,0,0.25,-1.00,san_jose_state
Jacob Stewart,JR,TE,5,1,-9,-9.00,0,0.20,-1.80,san_jose_state
Emmett Brown,SO,QB,5,23,-22,-0.96,1,4.60,-4.40,san_jose_state
Brashard Smith,SR,RB,6,83,561,6.76,7,13.83,93.50,smu
Kevin Jennings,SO,QB,6,44,262,5.95,2,7.33,43.67,smu
LJ Johnson Jr.,JR,RB,5,24,117,4.88,2,4.80,23.40,smu
Roderick Daniels Jr.,SR,WR,6,29,100,3.45,2,4.83,16.67,smu
Derrick McFall,FR,WR,3,22,95,4.32,1,7.33,31.67,smu
Keldric Luster,FR,QB,3,10,57,5.70,0,3.33,19.00,smu
Jaylan Knighton,SR,RB,2,12,43,3.58,0,6.00,21.50,smu
Preston Stone,JR,QB,4,10,26,2.60,0,2.50,6.50,smu
Zane Minors,JR,RB,1,2,10,5.00,0,2.00,10.00,smu
Zach Hernandez,FR,RB,1,2,6,3.00,0,2.00,6.00,smu
Carter Campbell,SR,WR,3,1,6,6.00,0,0.33,2.00,smu
Jake Bailey,SR,WR,6,1,-3,-3.00,0,0.17,-0.50,smu
Fluff Bothwell,FR,RB,6,55,406,7.38,6,9.17,67.67,south_alabama
Kentrel Bullock,JR,RB,6,52,325,6.25,3,8.67,54.17,south_alabama
Gio Lopez,FR,QB,5,41,256,6.24,2,8.20,51.20,south_alabama
PJ Martin,FR,RB,6,11,88,8.00,1,1.83,14.67,south_alabama
Bishop Davenport,SO,QB,6,14,55,3.93,0,2.33,9.17,south_alabama
Braylon McReynolds,SO,RB,3,11,40,3.64,0,3.67,13.33,south_alabama
Iverson Celestine,JR,RB,6,6,21,3.50,1,1.00,3.50,south_alabama
Jarvis Durr,FR,RB,1,5,16,3.20,1,5.00,16.00,south_alabama
Dorian Smith,FR,RB,1,1,9,9.00,0,1.00,9.00,south_alabama
Anthony Eager,FR,WR,6,1,9,9.00,0,0.17,1.50,south_alabama
Raheim Sanders,SR,RB,5,65,315,4.85,4,13.00,63.00,south_carolina
LaNorris Sellers,FR,QB,4,55,200,3.64,3,13.75,50.00,south_carolina
Robby Ashford,SR,QB,4,34,172,5.06,1,8.50,43.00,south_carolina
Oscar Adaway III,SR,RB,5,29,81,2.79,2,5.80,16.20,south_carolina
Juju McDowell,SR,RB,5,15,60,4.00,0,3.00,12.00,south_carolina
Jawarn Howell,SO,RB,2,9,52,5.78,1,4.50,26.00,south_carolina
Jared Brown,JR,WR,4,2,27,13.50,0,0.50,6.75,south_carolina
Matthew Fuller,FR,RB,2,8,25,3.13,0,4.00,12.50,south_carolina
Bradley Dunn,SR,RB,1,2,10,5.00,0,2.00,10.00,south_carolina
Nyck Harbor,SO,WR,5,1,1,1.00,0,0.20,0.20,south_carolina
Maurice Brown II,SO,TE,5,1,0,0.00,0,0.20,0.00,south_carolina
Byrum Brown,JR,QB,5,68,269,3.96,3,13.60,53.80,south_florida
Kelley Joiner,SR,RB,5,38,248,6.53,4,7.60,49.60,south_florida
Nay'Quan Wright,SR,RB,5,46,237,5.15,2,9.20,47.40,south_florida
Ta'Ron Keith,SR,RB,5,28,116,4.14,3,5.60,23.20,south_florida
Yasias Young,SR,RB,5,8,34,4.25,0,1.60,6.80,south_florida
John Cannon,SR,K,5,1,17,17.00,0,0.20,3.40,south_florida
Joshua Porter,FR,WR,5,1,5,5.00,0,0.20,1.00,south_florida
Alvon Isaac,FR,RB,1,1,2,2.00,0,1.00,2.00,south_florida
Michael Brown-Stephens,SR,WR,5,1,0,0.00,0,0.20,0.00,south_florida
Bryce Archie,JR,QB,4,7,-30,-4.29,0,1.75,-7.50,south_florida
Rodrigues Dreke Clark,SR,RB,5,56,228,4.07,1,11.20,45.60,southern_mississippi
Kenyon Clay,SO,RB,5,22,141,6.41,3,4.40,28.20,southern_mississippi
Ethan Crawford,SO,QB,3,14,43,3.07,1,4.67,14.33,southern_mississippi
JQ Gray,FR,RB,5,3,19,6.33,0,0.60,3.80,southern_mississippi
Dannis Jackson,SR,WR,3,1,8,8.00,0,0.33,2.67,southern_mississippi
Tiaquelin Ti Mims,JR,WR,5,2,3,1.50,0,0.40,0.60,southern_mississippi
Chandler Pittman,SR,RB,5,1,1,1.00,0,0.20,0.20,southern_mississippi
Larry Simmons,SO,WR,5,1,-6,-6.00,0,0.20,-1.20,southern_mississippi
John White,FR,QB,2,8,-20,-2.50,1,4.00,-10.00,southern_mississippi
Tate Rodemaker,JR,QB,5,12,-49,-4.08,0,2.40,-9.80,southern_mississippi
Ashton Daniels,JR,QB,4,50,250,5.00,0,12.50,62.50,stanford
Micah Ford,FR,RB,5,47,230,4.89,0,9.40,46.00,stanford
"Chris Davis, Jr.",FR,RB,4,26,188,7.23,0,6.50,47.00,stanford
Sedrick Irvin,SO,RB,5,16,73,4.56,0,3.20,14.60,stanford
Justin Lamson,JR,QB,5,37,41,1.11,2,7.40,8.20,stanford
Tristan Sinclair,SR,ILB,5,1,6,6.00,0,0.20,1.20,stanford
Ismael Cisse,FR,WR,5,4,2,0.50,0,0.80,0.40,stanford
Tiger Bachmeier,SO,WR,5,1,-1,-1.00,0,0.20,-0.20,stanford
Emmett Mosley V,FR,WR,2,3,-3,-1.00,0,1.50,-1.50,stanford
LeQuint Allen,JR,RB,5,73,358,4.90,3,14.60,71.60,syracuse
Yasin Willis,FR,RB,5,20,109,5.45,1,4.00,21.80,syracuse
Will Nixon,JR,RB,3,19,76,4.00,0,6.33,25.33,syracuse
Jaden Hart,FR,RB,1,1,11,11.00,0,1.00,11.00,syracuse
Zeed Haynes,FR,WR,2,1,11,11.00,0,0.50,5.50,syracuse
Kyle McCord,SR,QB,5,22,6,0.27,1,4.40,1.20,syracuse
Tyler Chandler,FR,RB,1,1,1,1.00,0,1.00,1.00,syracuse
Ja'Meer Thomas,FR,WR,1,1,1,1.00,0,1.00,1.00,syracuse
Trebor Pena,JR,WR,5,5,1,0.20,1,1.00,0.20,syracuse
Michael Johnson Jr.,SR,QB,1,4,-8,-2.00,0,4.00,-8.00,syracuse
Jack Stonehouse,JR,P,5,1,-13,-13.00,0,0.20,-2.60,syracuse
Cam Cook,SO,RB,6,87,336,3.86,6,14.50,56.00,tcu
Jeremy Payne,FR,RB,6,26,120,4.62,1,4.33,20.00,tcu
Dominique Johnson,JR,RB,6,14,53,3.79,1,2.33,8.83,tcu
Trey Sanders,SR,RB,4,9,35,3.89,0,2.25,8.75,tcu
JoJo Earle,SR,WR,4,3,30,10.00,0,0.75,7.50,tcu
Hauss Hejny,FR,QB,2,5,14,2.80,0,2.50,7.00,tcu
Savion Williams,SR,WR,6,3,12,4.00,0,0.50,2.00,tcu
Ken Seals,JR,QB,3,2,10,5.00,0,0.67,3.33,tcu
Jack Bech,SR,WR,6,0,7,-,0,-,-,tcu
Jordyn Bailey,FR,WR,5,1,6,6.00,0,0.20,1.20,tcu
Chase Curtis,SR,TE,4,1,3,3.00,0,0.25,0.75,tcu
Nate Palmer,FR,RB,1,1,-5,-5.00,0,1.00,-5.00,tcu
Josh Hoover,SO,QB,6,18,-20,-1.11,2,3.00,-3.33,tcu
Antwain Littleton,JR,RB,6,51,168,3.29,0,8.50,28.00,temple
Terrez Worthy,JR,RB,6,19,151,7.95,0,3.17,25.17,temple
E.J. Wilson,SR,RB,4,16,59,3.69,0,4.00,14.75,temple
Joquez Smith,SO,RB,6,19,50,2.63,0,3.17,8.33,temple
Evan Simon,JR,QB,3,37,35,0.95,1,12.33,11.67,temple
Forrest Brock,JR,QB,3,28,28,1.00,1,9.33,9.33,temple
Kajiya Hollawayne,JR,WR,5,1,16,16.00,0,0.20,3.20,temple
Dante Wright,SR,WR,6,4,14,3.50,0,0.67,2.33,temple
Ashton Allen,SR,WR,6,2,11,5.50,0,0.33,1.83,temple
Tyler Douglas,FR,QB,1,6,10,1.67,0,6.00,10.00,temple
John Adams,JR,WR,6,3,9,3.00,0,0.50,1.50,temple
Tyrei Washington,JR,RB,4,3,2,0.67,0,0.75,0.50,temple
Dylan Sampson,JR,RB,5,91,587,6.45,12,18.20,117.40,tennessee
DeSean Bishop,FR,RB,5,41,306,7.46,3,8.20,61.20,tennessee
Nico Iamaleava,FR,QB,5,36,134,3.72,1,7.20,26.80,tennessee
Peyton Lewis,FR,RB,5,17,118,6.94,0,3.40,23.60,tennessee
Khalifa Keith,SO,RB,3,17,61,3.59,1,5.67,20.33,tennessee
Cameron Seldon,SO,RB,3,7,47,6.71,0,2.33,15.67,tennessee
Hunter Barnes,SO,RB,2,7,38,5.43,0,3.50,19.00,tennessee
Jake Merklinger,FR,QB,2,7,22,3.14,0,3.50,11.00,tennessee
Gaston Moore,SR,QB,3,1,15,15.00,0,0.33,5.00,tennessee
Patrick Wilk,JR,RB,2,3,12,4.00,0,1.50,6.00,tennessee
Bru McCoy,SR,WR,5,1,9,9.00,0,0.20,1.80,tennessee
Navy Shuler,SR,QB,1,1,6,6.00,0,1.00,6.00,tennessee
Squirrel White,JR,WR,5,1,-7,-7.00,0,0.20,-1.40,tennessee
Jaydon Blue,JR,RB,4,51,239,4.69,4,12.75,59.75,texas
Jerrick Gibson,FR,RB,5,46,226,4.91,3,9.20,45.20,texas
Quintrevion Wisner,SO,RB,4,32,160,5.00,1,8.00,40.00,texas
Colin Page,JR,RB,3,16,92,5.75,0,5.33,30.67,texas
Arch Manning,FR,QB,4,13,82,6.31,3,3.25,20.50,texas
Ryan Wingo,FR,WR,5,1,55,55.00,0,0.20,11.00,texas
Isaiah Bond,JR,WR,5,2,51,25.50,1,0.40,10.20,texas
Velton Gardner,SR,RB,2,8,26,3.25,0,4.00,13.00,texas
Ryan Niblett,FR,WR,4,7,18,2.57,1,1.75,4.50,texas
Reid Watkins,FR,RB,1,4,15,3.75,0,4.00,15.00,texas
Trey Owens,FR,QB,2,1,3,3.00,0,0.50,1.50,texas
Quinn Ewers,JR,QB,3,6,1,0.17,0,2.00,0.33,texas
Silas Bolden,SR,WR,5,1,-8,-8.00,0,0.20,-1.60,texas
Le'Veon Moss,JR,RB,6,88,609,6.92,6,14.67,101.50,texas_a&m
Amari Daniels,JR,RB,6,57,245,4.30,4,9.50,40.83,texas_a&m
Marcel Reed,FR,QB,5,43,226,5.26,2,8.60,45.20,texas_a&m
Conner Weigman,SO,QB,3,16,98,6.13,0,5.33,32.67,texas_a&m
EJ Smith,SR,RB,5,21,80,3.81,0,4.20,16.00,texas_a&m
Terry Bussey,FR,DB,6,6,79,13.17,1,1.00,13.17,texas_a&m
AJ DiNota,JR,RB,6,6,29,4.83,0,1.00,4.83,texas_a&m
Noah Thomas,JR,WR,6,3,20,6.67,0,0.50,3.33,texas_a&m
Jahdae Walker,SR,WR,6,2,10,5.00,0,0.33,1.67,texas_a&m
Jabre Barber,SR,WR,5,3,3,1.00,0,0.60,0.60,texas_a&m
Ismail Mahdi,JR,RB,5,80,343,4.29,2,16.00,68.60,texas_state
Jordan McCloud,SR,QB,5,28,173,6.18,3,5.60,34.60,texas_state
Lincoln Pare,JR,RB,5,29,165,5.69,3,5.80,33.00,texas_state
Torrance Burgess Jr.,JR,RB,4,19,112,5.89,0,4.75,28.00,texas_state
Deion Hankins,SR,RB,5,17,37,2.18,1,3.40,7.40,texas_state
Jaylen Jenkins,JR,RB,1,1,11,11.00,0,1.00,11.00,texas_state
RJ Martinez,JR,QB,2,3,8,2.67,0,1.50,4.00,texas_state
Joey Hobert,SR,WR,5,3,6,2.00,0,0.60,1.20,texas_state
Tahj Brooks,SR,RB,5,124,679,5.48,7,24.80,135.80,texas_tech
Cameron Dickey,FR,RB,6,21,129,6.14,1,3.50,21.50,texas_tech
Cameran Brown,SO,QB,6,8,83,10.38,0,1.33,13.83,texas_tech
Cam'Ron Valdez,JR,RB,2,9,40,4.44,0,4.50,20.00,texas_tech
J'Koby Williams,FR,RB,3,6,34,5.67,1,2.00,11.33,texas_tech
Jalin Conyers,SR,TE,6,5,28,5.60,1,0.83,4.67,texas_tech
Drae McCray,SR,WR,6,1,13,13.00,0,0.17,2.17,texas_tech
Will Hammond,FR,QB,1,2,11,5.50,0,2.00,11.00,texas_tech
Behren Morton,JR,QB,6,18,9,0.50,1,3.00,1.50,texas_tech
Adam Hill,FR,RB,1,1,1,1.00,0,1.00,1.00,texas_tech
Connor Walendzak,SO,RB,5,42,175,4.17,1,8.40,35.00,toledo
Willie Shaw III,JR,RB,4,38,148,3.89,3,9.50,37.00,toledo
Tucker Gleason,JR,QB,5,44,144,3.27,2,8.80,28.80,toledo
Jacquez Stuart,SR,RB,5,37,109,2.95,2,7.40,21.80,toledo
Sevaughn Clark,SR,RB,3,13,41,3.15,0,4.33,13.67,toledo
Dane Nauman,FR,RB,1,4,12,3.00,0,4.00,12.00,toledo
Terrell Crosby Jr.,SO,WR,4,1,2,2.00,0,0.25,0.50,toledo
Zy'marion Lang,FR,WR,3,1,1,1.00,0,0.33,0.33,toledo
Jerjuan Newton,SR,WR,5,1,1,1.00,0,0.20,0.20,toledo
Damien Taylor,JR,RB,6,68,399,5.87,2,11.33,66.50,troy
Gerald Green,SR,RB,6,47,201,4.28,1,7.83,33.50,troy
Tucker Kilcrease,SO,QB,5,34,118,3.47,0,6.80,23.60,troy
Goose Crowder,JR,QB,4,18,52,2.89,1,4.50,13.00,troy
Jordan Lovett,FR,RB,2,10,30,3.00,0,5.00,15.00,troy
Mojo Dortch,SO,WR,4,3,30,10.00,0,0.75,7.50,troy
Devonte Ross,JR,WR,6,5,11,2.20,0,0.83,1.83,troy
Jarris Williams,JR,RB,1,2,7,3.50,0,2.00,7.00,troy
Tae Meadows,SO,RB,2,1,-1,-1.00,0,0.50,-0.50,troy
Peyton Higgins,JR,WR,6,1,-3,-3.00,0,0.17,-0.50,troy
Matthew Caldwell,JR,QB,4,8,-27,-3.38,1,2.00,-6.75,troy
Makhi Hughes,SO,RB,6,109,604,5.54,7,18.17,100.67,tulane
Arnold Barnes III,SO,RB,6,38,181,4.76,3,6.33,30.17,tulane
Jamauri McClure,FR,RB,2,15,112,7.47,1,7.50,56.00,tulane
Shaadie Clayton-Johnson,SR,RB,5,18,105,5.83,0,3.60,21.00,tulane
Ty Thompson,JR,QB,6,22,104,4.73,4,3.67,17.33,tulane
Trey Cornist,SO,RB,4,14,98,7.00,1,3.50,24.50,tulane
Darian Mensah,FR,QB,6,24,40,1.67,0,4.00,6.67,tulane
Yulkeith Brown,SR,WR,6,5,24,4.80,0,0.83,4.00,tulane
Dontae Fleming,SR,WR,6,1,19,19.00,0,0.17,3.17,tulane
Mario Williams,JR,WR,6,2,12,6.00,0,0.33,2.00,tulane
Anthony Watkins,SR,RB,6,54,248,4.59,3,9.00,41.33,tulsa
Bill Jackson,JR,RB,5,40,234,5.85,0,8.00,46.80,tulsa
Lloyd Avant,FR,RB,6,48,177,3.69,0,8.00,29.50,tulsa
Viron Ellison Jr.,FR,RB,6,16,113,7.06,0,2.67,18.83,tulsa
Cooper Legas,SR,QB,5,25,99,3.96,1,5.00,19.80,tulsa
Cardell Williams,SO,QB,5,11,68,6.18,2,2.20,13.60,tulsa
Cam Crooks,FR,RB,2,2,47,23.50,0,1.00,23.50,tulsa
Tim Carpenter,FR,QB,1,4,30,7.50,0,4.00,30.00,tulsa
Braylin Presley,JR,WR,6,1,19,19.00,1,0.17,3.17,tulsa
Kirk Francis,FR,QB,6,17,19,1.12,0,2.83,3.17,tulsa
Jacob Emmers,FR,WR,3,1,15,15.00,0,0.33,5.00,tulsa
Kamdyn Benjamin,SR,WR,6,2,13,6.50,0,0.33,2.17,tulsa
Stephen Kittleman,JR,QB,6,2,11,5.50,1,0.33,1.83,tulsa
Corey Smith,FR,WR,6,1,2,2.00,0,0.17,0.33,tulsa
Lee Beebe Jr.,SO,RB,5,65,346,5.32,3,13.00,69.20,uab
Isaiah Jacobs,SR,RB,4,41,162,3.95,0,10.25,40.50,uab
Jacob Zeno,SR,QB,4,37,97,2.62,0,9.25,24.25,uab
Armoni Goodwin,JR,RB,3,13,65,5.00,0,4.33,21.67,uab
Lee Witherspoon,SR,RB,5,13,64,4.92,0,2.60,12.80,uab
Solomon Beebe,FR,RB,3,10,47,4.70,1,3.33,15.67,uab
Brandon Hawkins Jr.,JR,WR,4,1,14,14.00,0,0.25,3.50,uab
Terrell McDonald,SR,TE,5,1,2,2.00,0,0.20,0.40,uab
Brandon Buckhaulter,JR,WR,3,1,1,1.00,0,0.33,0.33,uab
Amare Thomas,SO,WR,5,2,0,0.00,0,0.40,0.00,uab
Jalen Kitna,JR,QB,1,4,-18,-4.50,0,4.00,-18.00,uab
RJ Harvey,SR,RB,5,91,600,6.59,9,18.20,120.00,ucf
Peny Boone,SR,RB,5,34,208,6.12,2,6.80,41.60,ucf
KJ Jefferson,SR,QB,5,61,193,3.16,2,12.20,38.60,ucf
Myles Montgomery,JR,RB,3,20,141,7.05,2,6.67,47.00,ucf
Jacurri Brown,SO,QB,2,9,92,10.22,0,4.50,46.00,ucf
Xavier Townsend,JR,WR,4,12,88,7.33,0,3.00,22.00,ucf
Johnny Richardson,SR,RB,5,18,87,4.83,0,3.60,17.40,ucf
Dylan Rizk,FR,QB,1,1,3,3.00,0,1.00,3.00,ucf
Kam Ingram,JR,RB,3,2,1,0.50,0,0.67,0.33,ucf
Ja'Varrius Johnson,SR,WR,4,1,-1,-1.00,0,0.25,-0.25,ucf
T.J. Harden,JR,RB,5,48,151,3.15,1,9.60,30.20,ucla
Keegan Jones,SR,RB,5,15,93,6.20,0,3.00,18.60,ucla
Jalen Berger,SR,RB,4,17,79,4.65,0,4.25,19.75,ucla
Carter Shaw,FR,WR,5,2,9,4.50,0,0.40,1.80,ucla
Anthony Frias II,JR,RB,4,2,4,2.00,0,0.50,1.00,ucla
Titus Mokiao-Atimalala,JR,WR,2,1,2,2.00,0,0.50,1.00,ucla
Ethan Garbers,SR,QB,4,27,-1,-0.04,0,6.75,-0.25,ucla
Justyn Martin,SO,QB,3,8,-9,-1.13,0,2.67,-3.00,ucla
Hajj-Malik Williams,SR,QB,4,34,260,7.65,2,8.50,65.00,unlv
Matthew Sluka,SR,QB,3,39,253,6.49,1,13.00,84.33,unlv
Kylin James,SR,RB,5,25,174,6.96,1,5.00,34.80,unlv
Jai'Den Thomas,SO,RB,5,31,159,5.13,2,6.20,31.80,unlv
Greg Burrell,FR,RB,5,30,150,5.00,1,6.00,30.00,unlv
Michael Allen,JR,RB,3,19,108,5.68,0,6.33,36.00,unlv
Devin Green,FR,RB,4,15,86,5.73,1,3.75,21.50,unlv
Jacob De Jesus,SR,WR,5,9,22,2.44,0,1.80,4.40,unlv
DeAngelo Irvin Jr.,SO,WR,4,4,18,4.50,0,1.00,4.50,unlv
Timothy Conerly,SR,WR,2,2,15,7.50,1,1.00,7.50,unlv
Cameron Friel,SR,QB,2,5,9,1.80,2,2.50,4.50,unlv
Casey Cain,JR,WR,5,1,7,7.00,0,0.20,1.40,unlv
Christian Moore,SR,TE,4,1,3,3.00,0,0.25,0.75,unlv
Ricky White III,SR,WR,5,1,1,1.00,0,0.20,0.20,unlv
Woody Marks,SR,RB,5,81,468,5.78,4,16.20,93.60,usc
Quinten Joyner,FR,RB,5,27,212,7.85,2,5.40,42.40,usc
Bryan Jackson,FR,RB,4,12,48,4.00,0,3.00,12.00,usc
A'Marion Peterson,FR,RB,3,3,18,6.00,1,1.00,6.00,usc
Zachariah Branch,SO,WR,5,2,17,8.50,0,0.40,3.40,usc
Jayden Maiava,SO,QB,2,2,14,7.00,1,1.00,7.00,usc
Miller Moss,JR,QB,5,15,-20,-1.33,1,3.00,-4.00,usc
Micah Bernard,SR,RB,5,82,547,6.67,1,16.40,109.40,utah
Mike Mitchell,FR,RB,5,37,127,3.43,1,7.40,25.40,utah
Dijon Stanley,SO,RB,5,16,62,3.88,0,3.20,12.40,utah
Isaac Wilson,FR,QB,5,29,52,1.79,0,5.80,10.40,utah
Cameron Rising,SR,QB,2,6,46,7.67,0,3.00,23.00,utah
Charlie Vincent,SR,RB,5,11,39,3.55,0,2.20,7.80,utah
Hunter Andrews,FR,RB,4,2,17,8.50,0,0.50,4.25,utah
Jaylon Glover,JR,RB,1,4,15,3.75,0,4.00,15.00,utah
Brandon Rose,SO,QB,1,1,8,8.00,0,1.00,8.00,utah
Brant Kuithe,SR,TE,5,2,6,3.00,1,0.40,1.20,utah
Omar Shah,FR,RB,5,1,0,0.00,0,0.20,0.00,utah
Rahsul Faison,SR,RB,5,93,504,5.42,2,18.60,100.80,utah_state
Herschel Turner,FR,RB,5,20,133,6.65,1,4.00,26.60,utah_state
Bryson Barnes,JR,QB,3,21,116,5.52,2,7.00,38.67,utah_state
Robert Briggs Jr.,JR,RB,1,9,88,9.78,0,9.00,88.00,utah_state
Spencer Petras,SR,QB,3,10,10,1.00,0,3.33,3.33,utah_state
Jalen Royals,SR,WR,5,1,3,3.00,0,0.20,0.60,utah_state
Jacob Conover,JR,QB,1,3,-4,-1.33,0,3.00,-4.00,utah_state
Jevon Jackson,JR,RB,5,59,233,3.95,0,11.80,46.60,utep
Skyler Locklear,SO,QB,4,38,87,2.29,1,9.50,21.75,utep
Ezell Jolly,FR,RB,2,17,76,4.47,1,8.50,38.00,utep
Kam Thomas,JR,MB,5,8,25,3.13,0,1.60,5.00,utep
Corey Wren,SR,MB,5,10,24,2.40,0,2.00,4.80,utep
Cade McConnell,JR,QB,5,13,-1,-0.08,0,2.60,-0.20,utep
Jaden Smith,SR,WR,4,1,-1,-1.00,0,0.25,-0.25,utep
Shay Smith,FR,QB,2,3,-5,-1.67,0,1.50,-2.50,utep
"Brandon High, Jr.",FR,RB,5,28,203,7.25,2,5.60,40.60,utsa
"Robert Henry, Jr.",SR,RB,5,40,194,4.85,1,8.00,38.80,utsa
Kevorian Barnes,JR,RB,5,39,143,3.67,1,7.80,28.60,utsa
Bryson Donnell,SO,RB,4,15,77,5.13,0,3.75,19.25,utsa
Rocko Griffin,JR,RB,4,17,44,2.59,0,4.25,11.00,utsa
Eddie Lee Marburger,JR,QB,4,8,29,3.63,0,2.00,7.25,utsa
Will Henderson III,FR,RB,3,7,9,1.29,0,2.33,3.00,utsa
Owen McCown,SO,QB,5,30,9,0.30,1,6.00,1.80,utsa
Devin McCuin,SO,WR,5,1,7,7.00,0,0.20,1.40,utsa
Oscar Cardenas,SR,TE,5,1,0,0.00,0,0.20,0.00,utsa
Diego Pavia,SR,QB,5,91,335,3.68,2,18.20,67.00,vanderbilt
Sedrick Alexander,SO,RB,5,72,281,3.90,5,14.40,56.20,vanderbilt
AJ Newberry,SO,RB,5,23,129,5.61,3,4.60,25.80,vanderbilt
Nate Johnson,JR,QB,4,3,76,25.33,1,0.75,19.00,vanderbilt
Chase Gillespie,JR,RB,3,7,18,2.57,0,2.33,6.00,vanderbilt
Moni Jones,SR,RB,5,5,10,2.00,0,1.00,2.00,vanderbilt
Tristen Brown,FR,WR,3,1,1,1.00,0,0.33,0.33,vanderbilt
Junior Sherrill,SO,WR,5,4,0,0.00,0,0.80,0.00,vanderbilt
Eli Stowers,SR,TE,5,1,0,0.00,0,0.20,0.00,vanderbilt
Landon Wells,JR,WR,1,1,-2,-2.00,0,1.00,-2.00,vanderbilt
Xavier Brown,JR,RB,5,38,315,8.29,0,7.60,63.00,virginia
Kobe Pace,SR,RB,5,61,293,4.80,2,12.20,58.60,virginia
Anthony Colandrea,SO,QB,5,49,158,3.22,2,9.80,31.60,virginia
Jack Griese,JR,RB,4,15,55,3.67,0,3.75,13.75,virginia
Noah Vaughn,SO,RB,2,11,36,3.27,0,5.50,18.00,virginia
Tony Muskett,SR,QB,3,2,23,11.50,0,0.67,7.67,virginia
Donté Hawthorne,SO,RB,2,1,12,12.00,0,0.50,6.00,virginia
Grady Brosterhous,JR,QB,4,7,11,1.57,3,1.75,2.75,virginia
Chris Tyree,SR,WR,4,1,8,8.00,0,0.25,2.00,virginia
Kameron Courtney,FR,WR,4,2,-6,-3.00,0,0.50,-1.50,virginia
Bhayshul Tuten,SR,RB,6,107,605,5.65,9,17.83,100.83,virginia_tech
Kyron Drones,JR,QB,6,69,278,4.03,3,11.50,46.33,virginia_tech
Malachi Thomas,JR,RB,6,23,81,3.52,0,3.83,13.50,virginia_tech
Jaylin Lane,SR,WR,6,4,46,11.50,1,0.67,7.67,virginia_tech
P.J. Prioleau,JR,RB,6,7,29,4.14,0,1.17,4.83,virginia_tech
Collin Schlee,SR,QB,4,6,24,4.00,0,1.50,6.00,virginia_tech
Jeremiah Coney,FR,RB,5,7,22,3.14,0,1.40,4.40,virginia_tech
"William ""Pop"" Watson III",FR,QB,1,3,6,2.00,0,3.00,6.00,virginia_tech
Takye Heath,FR,WR,5,1,6,6.00,0,0.20,1.20,virginia_tech
Demond Claiborne,JR,RB,5,81,471,5.81,6,16.20,94.20,wake_forest
Tate Carney,SO,RB,5,39,151,3.87,4,7.80,30.20,wake_forest
Hank Bachmeier,SR,QB,5,34,95,2.79,0,6.80,19.00,wake_forest
Ty Clark III,FR,RB,5,10,48,4.80,0,2.00,9.60,wake_forest
Michael Kern,SR,QB,2,2,5,2.50,0,1.00,2.50,wake_forest
Jaydn Girard,SO,WR,2,1,3,3.00,0,0.50,1.50,wake_forest
Deuce Alexander,FR,WR,5,1,3,3.00,0,0.20,0.60,wake_forest
Jonah Coleman,JR,RB,6,90,601,6.68,5,15.00,100.17,washington
Cameron Davis,SR,RB,6,36,173,4.81,0,6.00,28.83,washington
Adam Mohammed,FR,RB,6,16,115,7.19,0,2.67,19.17,washington
Demond Williams Jr.,FR,QB,6,19,110,5.79,0,3.17,18.33,washington
Sam Adams II,JR,RB,6,6,17,2.83,0,1.00,2.83,washington
Giles Jackson,SR,WR,6,2,10,5.00,0,0.33,1.67,washington
Jeremiah Hunter,SR,WR,6,1,4,4.00,0,0.17,0.67,washington
Daniyel Ngata,SR,RB,6,2,0,0.00,0,0.33,0.00,washington
Will Rogers,SR,QB,6,22,-31,-1.41,0,3.67,-5.17,washington
John Mateer,SO,QB,5,77,453,5.88,5,15.40,90.60,washington_state
Wayshawn Parker,FR,RB,5,62,325,5.24,2,12.40,65.00,washington_state
Leo Pulalasi,FR,RB,5,19,97,5.11,1,3.80,19.40,washington_state
Djouvensky Schlenbaker,SO,RB,3,16,49,3.06,3,5.33,16.33,washington_state
Dylan Paine,JR,RB,5,9,40,4.44,2,1.80,8.00,washington_state
Kris Hutson,SR,WR,5,2,22,11.00,0,0.40,4.40,washington_state
Dean Janikowski,SR,K,5,1,5,5.00,0,0.20,1.00,washington_state
Kyle Williams,SR,WR,5,2,2,1.00,0,0.40,0.40,washington_state
CJ Donaldson Jr.,JR,RB,5,71,361,5.08,5,14.20,72.20,west_virginia
Jahiem White,SO,RB,5,56,352,6.29,4,11.20,70.40,west_virginia
Garrett Greene,SR,QB,5,55,295,5.36,3,11.00,59.00,west_virginia
Nicco Marchiol,SO,QB,4,11,63,5.73,1,2.75,15.75,west_virginia
Jaylen Anderson,JR,RB,5,6,33,5.50,0,1.20,6.60,west_virginia
Oliver Straw,JR,P,5,1,12,12.00,0,0.20,2.40,west_virginia
Rodney Gallagher III,SO,WR,5,4,12,3.00,0,0.80,2.40,west_virginia
Ric'Darious Farmer,FR,WR,4,2,6,3.00,0,0.50,1.50,west_virginia
Traylon Ray,SO,WR,5,1,2,2.00,0,0.20,0.40,west_virginia
Diore Hubbard,FR,RB,1,1,1,1.00,0,1.00,1.00,west_virginia
Elijah Young,SR,RB,5,63,218,3.46,2,12.60,43.60,western_kentucky
L.T. Sanders,JR,RB,4,15,83,5.53,1,3.75,20.75,western_kentucky
George Hart III,JR,RB,5,12,61,5.08,0,2.40,12.20,western_kentucky
Caden Veltkamp,SO,QB,4,31,42,1.35,3,7.75,10.50,western_kentucky
Jalen Hampton,JR,RB,3,7,36,5.14,0,2.33,12.00,western_kentucky
TJ Finley,JR,QB,3,11,20,1.82,0,3.67,6.67,western_kentucky
Easton Messer,SO,WR,5,5,16,3.20,0,1.00,3.20,western_kentucky
Kisean Johnson,SR,WR,5,3,14,4.67,0,0.60,2.80,western_kentucky
Michael Mathison,SR,WR,4,3,12,4.00,0,0.75,3.00,western_kentucky
Bryce Childress,SR,WR,4,1,0,0.00,0,0.25,0.00,western_kentucky
K.D. Hutchinson,SO,WR,5,1,0,0.00,0,0.20,0.00,western_kentucky
Jaden Nixon,JR,RB,5,68,484,7.12,6,13.60,96.80,western_michigan
Zahir Abdus-Salaam,SR,RB,5,53,225,4.25,2,10.60,45.00,western_michigan
Jalen Buckley,SO,RB,2,27,112,4.15,2,13.50,56.00,western_michigan
Jamal Hailey,SO,RB,5,3,52,17.33,1,0.60,10.40,western_michigan
Broc Lowry,FR,QB,3,7,41,5.86,0,2.33,13.67,western_michigan
Keshawn King,SR,RB,2,9,27,3.00,0,4.50,13.50,western_michigan
Palmer Domschke,JR,K,1,1,26,26.00,0,1.00,26.00,western_michigan
Jordin Parker,SR,WR,3,1,5,5.00,0,0.33,1.67,western_michigan
Malique Dieudonne,JR,WR,5,1,0,0.00,0,0.20,0.00,western_michigan
Hayden Wolff,SR,QB,5,13,-40,-3.08,0,2.60,-8.00,western_michigan
Tawee Walker,SR,RB,4,57,241,4.23,6,14.25,60.25,wisconsin
Chez Mellusi,SR,RB,4,56,232,4.14,3,14.00,58.00,wisconsin
Cade Yacamelli,SO,RB,5,26,192,7.38,1,5.20,38.40,wisconsin
Darrion Dupree,FR,RB,4,23,85,3.70,0,5.75,21.25,wisconsin
Dilin Jones,FR,RB,2,11,79,7.18,0,5.50,39.50,wisconsin
Tyler Van Dyke,SR,QB,3,15,26,1.73,1,5.00,8.67,wisconsin
Gideon Ituka,FR,RB,1,2,4,2.00,0,2.00,4.00,wisconsin
Jackson Acker,JR,RB,5,1,4,4.00,0,0.20,0.80,wisconsin
Mabrey Mettauer,FR,QB,1,1,2,2.00,0,1.00,2.00,wisconsin
Braedyn Locke,SO,QB,4,2,-15,-7.50,0,0.50,-3.75,wisconsin
Sam Scott,JR,RB,5,40,180,4.50,1,8.00,36.00,wyoming
DJ Jones,SR,RB,4,57,162,2.84,0,14.25,40.50,wyoming
Evan Svoboda,JR,QB,5,51,131,2.57,4,10.20,26.20,wyoming
Jamari Ferrell,SR,RB,5,16,29,1.81,0,3.20,5.80,wyoming
Justin Stevenson,FR,WR,5,1,16,16.00,0,0.20,3.20,wyoming
Dawaiian McNeely,SR,RB,2,2,12,6.00,0,1.00,6.00,wyoming
Tyler King,SO,WR,5,3,6,2.00,1,0.60,1.20,wyoming
Will Pelissier,SR,WR,5,1,3,3.00,0,0.20,0.60,wyoming
Devin Boddie Jr.,SR,WR,4,1,2,2.00,0,0.25,0.50,wyoming
Kaden Anderson,FR,QB,4,2,1,0.50,0,0.50,0.25,wyoming
