name,yr,pos,g,rush_yards,pass_yards,plays,total_yards,yards/play,yards/g,team_name
Nate Romine,SR,QB,9,279,1206,203,1485,7.32,165.0,air_force
Arion Worthman,SO,QB,8,674,546,169,1220,7.22,152.5,air_force
Jacobi Owens,SR,RB,13,859,0,142,859,6.05,66.1,air_force
Timothy McVey,JR,RB,13,708,0,83,708,8.53,54.5,air_force
D.J. Johnson,SR,RB,12,622,0,150,622,4.15,51.8,air_force
Shayne Davern,SR,RB,12,475,0,116,475,4.09,39.6,air_force
Tyler Williams,JR,WR,13,270,0,50,270,5.40,20.8,air_force
Ronald Cleveland,SO,WR,13,160,0,22,160,7.27,12.3,air_force
Parker Wilson,SO,RB,10,97,0,16,97,6.06,9.7,air_force
Jacob Stafford,JR,FB,2,14,0,4,14,3.50,7.0,air_force
Jalen Robinette,SR,WR,13,0,0,1,0,0.00,0.0,air_force
Thomas Woodson,JR,QB,8,34,2079,284,2113,7.44,264.1,akron
Tra'Von Chapman,JR,QB,10,195,700,165,895,5.42,89.5,akron
"Van Edwards, Jr.",SO,RB,11,492,0,100,492,4.92,44.7,akron
Manny Morgan,JR,RB,11,417,14,82,431,5.26,39.2,akron
Tyrell Goodman,SR,WR,10,40,270,63,310,4.92,31.0,akron
"Denzel Jones, Jr.",SR,RB,12,193,0,41,193,4.71,16.1,akron
Warren Ball,SR,RB,2,181,0,25,181,7.24,90.5,akron
Mykel Traylor-Bennett,JR,TE,9,46,0,10,46,4.60,5.1,akron
"JoJo Natson, Jr.",SR,WR,12,6,0,4,6,1.50,0.5,akron
Nick Gasser,SO,PK,12,-16,0,1,-16,-16.00,-1.3,akron
Jalen Hurts,FR,QB,15,954,2780,573,3734,6.52,248.9,alabama
Damien Harris,SO,RB,15,1037,0,146,1037,7.10,69.1,alabama
Bo Scarbrough,SO,RB,13,812,0,125,812,6.50,62.5,alabama
Josh Jacobs,FR,RB,15,567,0,85,567,6.67,37.8,alabama
Blake Barnett,FR,QB,3,-17,219,26,202,7.77,67.3,alabama
B.J. Emmons,FR,RB,7,173,0,35,173,4.94,24.7,alabama
Cooper Bateman,JR,QB,15,-11,119,17,108,6.35,7.2,alabama
ArDarius Stewart,JR,WR,12,68,36,10,104,10.40,8.7,alabama
Derrick Gore,SO,RB,11,93,0,18,93,5.17,8.5,alabama
Calvin Ridley,SO,WR,15,21,0,5,21,4.20,1.4,alabama
Ronnie Clark,SO,RB,1,14,0,4,14,3.50,14.0,alabama
Avery Reid,SO,RB,1,4,0,2,4,2.00,4.0,alabama
Robert Foster,JR,WR,10,-5,0,1,-5,-5.00,-0.5,alabama
Taylor Lamb,JR,QB,13,505,2281,414,2786,6.73,214.3,appalachian_state
Jalin Moore,SO,RB,13,1402,0,237,1402,5.92,107.8,appalachian_state
Marcus Cox,SR,RB,9,1015,0,158,1015,6.42,112.8,appalachian_state
Darrynton Evans,FR,ATH,12,217,0,48,217,4.52,18.1,appalachian_state
J.P. Caruso,SO,QB,9,46,46,18,92,5.11,10.2,appalachian_state
Deltron Hopkins,SO,WR,10,69,0,7,69,9.86,6.9,appalachian_state
Josh Boyd,SO,RB,1,42,0,7,42,6.00,42.0,appalachian_state
Bentlee Critcher,SR,P,13,29,0,3,29,9.67,2.2,appalachian_state
Jaylan Barbour,SO,WR,11,20,0,2,20,10.00,1.8,appalachian_state
Jake Easter,FR,QB,1,2,0,1,2,2.00,2.0,appalachian_state
Mykel Golden,SR,WR,1,-2,0,1,-2,-2.00,-2.0,appalachian_state
Ike Lewis,JR,WR,9,-9,0,4,-9,-2.25,-1.0,appalachian_state
Brandon Dawkins,SO,QB,10,944,1345,312,2289,7.34,228.9,arizona
Khalil Tate,FR,QB,7,237,243,94,480,5.11,68.6,arizona
Samajie Grant,SR,WR,12,461,0,74,461,6.23,38.4,arizona
Anu Solomon,JR,QB,5,-52,465,89,413,4.64,82.6,arizona
Zach Green,JR,RB,11,373,0,77,373,4.84,33.9,arizona
Nick Wilson,JR,RB,5,320,0,55,320,5.82,64.0,arizona
J.J. Taylor,FR,RB,4,261,0,38,261,6.87,65.3,arizona
Tyrell Johnson,JR,WR,7,144,0,28,144,5.14,20.6,arizona
Matt Morin,SR,TE,11,31,84,14,115,8.21,10.5,arizona
Shun Brown,SO,WR,12,62,0,2,62,31.00,5.2,arizona
Branden Leon,FR,RB,12,38,0,8,38,4.75,3.2,arizona
Orlando Bradford,SO,RB,2,16,0,5,16,3.20,8.0,arizona
Trevor Wood,SO,TE,12,3,0,1,3,3.00,0.3,arizona
Zach Werlinger,SO,QB,2,-4,0,7,-4,-0.57,-2.0,arizona
Manny Wilkins,SO,QB,10,246,2329,439,2575,5.87,257.5,arizona_state
Demario Richard,JR,RB,11,593,2,156,595,3.81,54.1,arizona_state
Kalen Ballage,JR,RB,12,536,30,130,566,4.35,47.2,arizona_state
Dillon Sterling-Cole,FR,QB,6,10,388,70,398,5.69,66.3,arizona_state
Brady White,FR,QB,4,3,259,52,262,5.04,65.5,arizona_state
Nick Ralston,FR,RB,12,139,0,32,139,4.34,11.6,arizona_state
N'Keal Harry,FR,WR,12,69,46,5,115,23.00,9.6,arizona_state
Jack Smith,FR,WR,5,0,40,1,40,40.00,8.0,arizona_state
Jalen Harvey,SO,WR,11,0,17,2,17,8.50,1.5,arizona_state
Matt Haack,SR,P,12,7,0,1,7,7.00,0.6,arizona_state
Frederick Gammage,SR,WR,12,0,0,1,0,0.00,0.0,arizona_state
Tim White,SR,WR,12,-4,0,5,-4,-0.80,-0.3,arizona_state
Austin Allen,JR,QB,13,-126,3430,466,3304,7.09,254.2,arkansas
Rawleigh Williams III,SO,RB,13,1360,1,246,1361,5.53,104.7,arkansas
Devwah Whaley,FR,RB,13,602,0,110,602,5.47,46.3,arkansas
Kody Walker,SR,RB,8,109,0,33,109,3.30,13.6,arkansas
T.J. Hammonds,FR,RB,8,88,0,15,88,5.87,11.0,arkansas
Jared Cornelius,JR,WR,11,53,0,13,53,4.08,4.8,arkansas
Cody Hollister,SR,WR,12,48,0,2,48,24.00,4.0,arkansas
Dominique Reed,SR,WR,13,26,0,5,26,5.20,2.0,arkansas
Damon Mitchell,JR,RB,12,18,0,7,18,2.57,1.5,arkansas
Deon Stewart,FR,WR,12,9,0,2,9,4.50,0.8,arkansas
Drew Morgan,SR,WR,13,8,0,4,8,2.00,0.6,arkansas
Keon Hatcher,SR,WR,12,7,0,4,7,1.75,0.6,arkansas
Connor McPherson,JR,RB,1,4,0,2,4,2.00,4.0,arkansas
Ty Storey,FR,QB,3,-17,3,6,-14,-2.33,-4.7,arkansas
Justice Hansen,SO,QB,13,131,2719,419,2850,6.80,219.2,arkansas_state
Warren Wand,SO,RB,13,879,0,201,879,4.37,67.6,arkansas_state
Chad Voytik,SR,QB,11,164,363,136,527,3.88,47.9,arkansas_state
Johnston White,JR,RB,12,472,0,105,472,4.50,39.3,arkansas_state
Daryl Rollins-Davis,SO,RB,11,104,0,23,104,4.52,9.5,arkansas_state
Cam Echols-Luper,JR,WR,13,8,66,10,74,7.40,5.7,arkansas_state
Armond Weh-Weh,JR,RB,2,29,0,5,29,5.80,14.5,arkansas_state
Logan Moragne,SO,RB,13,22,0,9,22,2.44,1.7,arkansas_state
Darveon Brown,FR,WR,9,7,0,1,7,7.00,0.8,arkansas_state
Jamal Jones,FR,RB,2,-1,0,3,-1,-0.33,-0.5,arkansas_state
Christian Booker,JR,WR,9,-3,0,1,-3,-3.00,-0.3,arkansas_state
Sterling Stowers,JR,WR,13,-20,0,1,-20,-20.00,-1.5,arkansas_state
Ahmad Bradshaw,JR,QB,12,826,703,276,1529,5.54,127.4,army
Andy Davidson,SO,RB,13,961,0,190,961,5.06,73.9,army
Darnell Woolfolk,SO,RB,11,600,0,109,600,5.50,54.5,army
Chris Carter,SO,QB,9,263,176,66,439,6.65,48.8,army
Jordan Asberry,SO,RB,13,421,0,57,421,7.39,32.4,army
Kell Walker,FR,RB,13,378,0,60,378,6.30,29.1,army
Tyler Campbell,SO,RB,12,326,0,34,326,9.59,27.2,army
Cole Macek,SO,RB,8,254,0,35,254,7.26,31.8,army
Malik McGue,FR,QB,11,128,76,26,204,7.85,18.5,army
Joe Walker,SR,RB,12,88,12,7,100,14.29,8.3,army
Elijah St. Hilaire,SR,RB,12,70,0,11,70,6.36,5.8,army
John Trainor,JR,RB,11,53,0,11,53,4.82,4.8,army
Christian Drake,SO,RB,8,34,0,7,34,4.86,4.3,army
Kevin Hicks,FR,RB,1,17,0,3,17,5.67,17.0,army
Connor Slomka,FR,RB,1,10,0,2,10,5.00,10.0,army
Ryan Velez,FR,RB,1,8,0,1,8,8.00,8.0,army
PaulAndrew Rhoden,SR,RB,5,7,0,3,7,2.33,1.4,army
J.D. Mote,SO,P,6,7,0,0,7,-,1.2,army
Glen Coates,FR,WR,11,5,0,1,5,5.00,0.5,army
Nick Schrage,SO,K,8,-10,0,1,-10,-10.00,-1.3,army
Sean White,SO,QB,11,163,1679,263,1842,7.00,167.5,auburn
Kamryn Pettway,SO,RB,10,1224,0,209,1224,5.86,122.4,auburn
Kerryon Johnson,SO,RB,12,895,11,185,906,4.90,75.5,auburn
John Franklin III,JR,QB,13,430,204,72,634,8.81,48.8,auburn
Jeremy Johnson,SR,QB,5,33,312,62,345,5.56,69.0,auburn
Kam Martin,FR,RB,10,320,0,44,320,7.27,32.0,auburn
Stanton Truitt,SO,RB,11,187,0,31,187,6.03,17.0,auburn
Eli Stove,FR,WR,12,131,0,11,131,11.91,10.9,auburn
Malik Miller,FR,RB,3,69,0,16,69,4.31,23.0,auburn
Damian Lewis,SR,RB,2,28,0,8,28,3.50,14.0,auburn
Cedric Chambers,SO,RB,1,20,0,4,20,5.00,20.0,auburn
Daniel Carlson,JR,K,13,20,0,1,20,20.00,1.5,auburn
Chandler Cox,SO,FB,12,15,-3,9,12,1.33,1.0,auburn
Tyler Queen,FR,QB,2,11,0,1,11,11.00,5.5,auburn
Johnathan Ford,SR,DB,12,6,0,2,6,3.00,0.5,auburn
Ryan Davis,SO,WR,13,5,0,3,5,1.67,0.4,auburn
Jason Smith,JR,WR,10,0,0,1,0,0.00,0.0,auburn
Riley Neal,SO,QB,11,540,2541,521,3081,5.91,280.1,ball_state
James Gilbert,SO,RB,12,1332,0,251,1332,5.31,111.0,ball_state
Darian Green,JR,RB,8,311,0,57,311,5.46,38.9,ball_state
Jack Milas,JR,QB,12,69,199,42,268,6.38,22.3,ball_state
Teddy Williamson,SR,RB,11,181,0,40,181,4.53,16.5,ball_state
Malik Dunner,FR,RB,10,152,0,24,152,6.33,15.2,ball_state
KeVonn Mabon,SR,WR,12,64,0,12,64,5.33,5.3,ball_state
Corey Lacanaria,JR,WR,11,0,10,2,10,5.00,0.9,ball_state
Seth Russell,SR,QB,9,506,2126,372,2632,7.08,292.4,baylor
Zach Smith,FR,QB,10,-26,1526,221,1500,6.79,150.0,baylor
Terence Williams,SO,RB,12,1048,0,186,1048,5.63,87.3,baylor
Shock Linwood,SR,RB,11,751,0,138,751,5.44,68.3,baylor
JaMycal Hasty,FR,RB,12,623,0,119,623,5.24,51.9,baylor
Wyatt Schrepfer,JR,RB,6,111,0,32,111,3.47,18.5,baylor
Blake Lynch,FR,WR,11,80,0,13,80,6.15,7.3,baylor
Ishmael Zamora,SO,WR,10,27,0,6,27,4.50,2.7,baylor
Preston Heard,FR,QB,3,23,0,5,23,4.60,7.7,baylor
Chris Platt,SO,WR,13,8,0,1,8,8.00,0.6,baylor
Lynx Hawthorne,SR,WR,11,7,0,5,7,1.40,0.6,baylor
Dwyer Bucey,FR,RB,2,4,0,3,4,1.33,2.0,baylor
Tony Nicholson,FR,WR,13,3,0,1,3,3.00,0.2,baylor
Jared Atkinson,FR,WR,9,1,0,1,1,1.00,0.1,baylor
Zack Bennema,FR,QB,1,0,0,1,0,0.00,0.0,baylor
Brett Rypien,SO,QB,13,-16,3646,442,3630,8.21,279.2,boise_state
Jeremy McNichols,JR,RB,13,1709,0,314,1709,5.44,131.5,boise_state
Alexander Mattison,FR,RB,13,328,0,67,328,4.90,25.2,boise_state
Thomas Sperbeck,SR,WR,13,53,92,14,145,10.36,11.2,boise_state
Cedrick Wilson,JR,WR,13,7,84,5,91,18.20,7.0,boise_state
Devan Demas,SR,RB,8,57,0,15,57,3.80,7.1,boise_state
Thomas Stuart,JR,QB,3,2,50,6,52,8.67,17.3,boise_state
Cory Young,SO,RB,5,48,0,10,48,4.80,9.6,boise_state
Ryan Wolpin,JR,RB,13,39,0,13,39,3.00,3.0,boise_state
Akilian Butler,SO,WR,10,33,0,3,33,11.00,3.3,boise_state
Sean Wale,SR,P,13,29,0,1,29,29.00,2.2,boise_state
Ben Weaver,SR,WLB,13,0,6,1,6,6.00,0.5,boise_state
Chaz Anderson,SR,WR,13,-7,0,2,-7,-3.50,-0.5,boise_state
Patrick Towles,SR,QB,13,294,1730,388,2024,5.22,155.7,boston_college
Jon Hilliman,SO,RB,12,542,0,184,542,2.95,45.2,boston_college
Davon Jones,FR,RB,13,361,14,93,375,4.03,28.8,boston_college
Myles Willis,SR,RB,13,301,0,49,301,6.14,23.2,boston_college
Jeff Smith,SO,WR,13,199,25,37,224,6.05,17.2,boston_college
Richard Wilson,SO,RB,7,136,0,40,136,3.40,19.4,boston_college
Darius Wade,SO,QB,9,6,100,26,106,4.08,11.8,boston_college
Tyler Rouse,SR,RB,13,87,0,24,87,3.63,6.7,boston_college
Michael Walker,SO,WR,13,41,0,8,41,5.13,3.2,boston_college
Thadd Smith,JR,WR,13,4,0,2,4,2.00,0.3,boston_college
James Morgan,FR,QB,12,-72,2082,371,2010,5.42,167.5,bowling_green
Fred Coppet,SR,RB,12,1030,0,204,1030,5.05,85.8,bowling_green
Josh Cleveland,JR,RB,11,649,0,102,649,6.36,59.0,bowling_green
James Knapke,SR,QB,6,-39,636,133,597,4.49,99.5,bowling_green
Donovan Wilson,JR,RB,12,503,0,110,503,4.57,41.9,bowling_green
Terence Stephens Jr.,FR,RB,9,41,0,13,41,3.15,4.6,bowling_green
Joseph Davidson,JR,P,12,24,0,2,24,12.00,2.0,bowling_green
Ronnie Moore,SR,WR,12,21,-5,10,16,1.60,1.3,bowling_green
Marquis Zimmerman,FR,WR,10,8,0,1,8,8.00,0.8,bowling_green
Deric Phouthavong,SO,WR,12,6,0,1,6,6.00,0.5,bowling_green
Leonard Skattebo,JR,FB,12,4,0,2,4,2.00,0.3,bowling_green
Tyree Jackson,FR,QB,10,399,1772,410,2171,5.30,217.1,buffalo
Jordan Johnson,SR,RB,12,1040,6,201,1046,5.20,87.2,buffalo
Grant Rohach,SR,QB,9,44,628,119,672,5.65,74.7,buffalo
Johnathan Hawkins,SO,RB,12,338,0,74,338,4.57,28.2,buffalo
Emmanuel Reed,FR,RB,2,33,0,7,33,4.71,16.5,buffalo
Jamarl Eiland,JR,WR,12,4,0,1,4,4.00,0.3,buffalo
Malcolm Robinson,SR,WR,12,0,0,1,0,0.00,0.0,buffalo
Drew Anderson,SO,QB,1,0,0,1,0,0.00,0.0,buffalo
Taysom Hill,SR,QB,12,599,2323,508,2922,5.75,243.5,byu
Jamaal Williams,SR,RB,10,1375,0,234,1375,5.88,137.5,byu
Squally Canada,SO,RB,12,315,0,74,315,4.26,26.3,byu
Tanner Mangum,SO,QB,7,22,241,42,263,6.26,37.6,byu
KJ Hall,FR,RB,4,184,0,35,184,5.26,46.0,byu
Harvey Langi,SR,LB,13,79,0,20,79,3.95,6.1,byu
Algernon Brown,SR,RB,13,43,0,16,43,2.69,3.3,byu
Tanner Balderree,JR,TE,13,11,0,0,11,-,0.8,byu
Colby Hansen,JR,RB,3,10,0,4,10,2.50,3.3,byu
Mitchell Juergens,SR,WR,13,0,9,1,9,9.00,0.7,byu
Micah Hannemann,JR,DB,13,4,0,1,4,4.00,0.3,byu
Colby Pearson,SR,WR,13,3,0,1,3,3.00,0.2,byu
Brayden El-Bakri,SO,RB,13,2,0,2,2,1.00,0.2,byu
Aleva Hifo,FR,WR,13,0,0,2,0,0.00,0.0,byu
Jonny Linehan,SR,P,13,-3,0,1,-3,-3.00,-0.2,byu
Davis Webb,SR,QB,12,-110,4295,653,4185,6.41,348.8,california
Khalfani Muhammad,SR,RB,11,827,0,152,827,5.44,75.2,california
Tre Watson,JR,RB,12,709,0,143,709,4.96,59.1,california
Vic Enwere,JR,RB,6,336,0,61,336,5.51,56.0,california
Patrick Laird,SO,RB,12,59,0,8,59,7.38,4.9,california
Billy McCrary III,SO,RB,11,39,0,6,39,6.50,3.5,california
Dylan Klumph,SO,P,12,0,11,1,11,11.00,0.9,california
Melquise Stovall,FR,WR,10,10,0,3,10,3.33,1.0,california
Malik McMorris,SO,TE,12,4,0,2,4,2.00,0.3,california
Ross Bowers,FR,QB,1,2,0,1,2,2.00,2.0,california
Bug Rivera,SR,WR,12,-4,0,2,-4,-2.00,-0.3,california
Cooper Rush,SR,QB,13,-21,3540,533,3519,6.60,270.7,central_michigan
Devon Spalding,JR,RB,11,758,0,138,758,5.49,68.9,central_michigan
Jahray Hayes,SR,RB,13,486,0,144,486,3.38,37.4,central_michigan
Jonathan Ward,FR,RB,8,200,31,38,231,6.08,28.9,central_michigan
Mark Chapman,JR,WR,13,71,0,6,71,11.83,5.5,central_michigan
Matt Krause,FR,RB,7,20,0,4,20,5.00,2.9,central_michigan
Jack Sheldon,SO,P,12,0,18,1,18,18.00,1.5,central_michigan
Corey Willis,JR,WR,13,4,0,2,4,2.00,0.3,central_michigan
Jay Roberson,JR,RB,3,1,0,3,1,0.33,0.3,central_michigan
Jesse Kroll,SR,WR,4,0,0,2,0,0.00,0.0,central_michigan
Brandon Childress,FR,WR,11,0,0,1,0,0.00,0.0,central_michigan
Jake Johnson,FR,QB,1,-3,0,1,-3,-3.00,-3.0,central_michigan
Hasaan Klugh,SO,QB,11,426,1356,313,1782,5.69,162.0,charlotte
Kalif Phillips,SR,RB,11,907,0,189,907,4.80,82.5,charlotte
Kevin Olsen,JR,QB,6,-59,842,191,783,4.10,130.5,charlotte
Robert Washington,FR,RB,12,489,0,97,489,5.04,40.8,charlotte
Matt Johnson,SR,RB,11,145,112,45,257,5.71,23.4,charlotte
Ben LeMay,FR,RB,10,175,0,34,175,5.15,17.5,charlotte
Austin Duke,SR,WR,12,40,0,11,40,3.64,3.3,charlotte
Lee McNeill,SR,QB,11,6,3,7,9,1.29,0.8,charlotte
Bradan Smith,SR,RB,3,4,0,3,4,1.33,1.3,charlotte
Chris Montgomery,JR,WR,12,2,0,4,2,0.50,0.2,charlotte
Arthur Hart,JR,P,11,1,0,1,1,1.00,0.1,charlotte
Hayden Moore,SO,QB,7,45,1744,308,1789,5.81,255.6,cincinnati
Gunner Kiel,SR,QB,7,-4,804,134,800,5.97,114.3,cincinnati
Tion Green,SR,RB,12,743,0,159,743,4.67,61.9,cincinnati
Ross Trail,FR,QB,4,14,494,89,508,5.71,127.0,cincinnati
Mike Boone,JR,RB,9,388,0,105,388,3.70,43.1,cincinnati
Kahlil Lewis,SO,WR,12,107,0,9,107,11.89,8.9,cincinnati
Deionte Buckley,SR,RB,11,97,0,19,97,5.11,8.8,cincinnati
Tyler Cogswell,JR,TE,12,0,29,1,29,29.00,2.4,cincinnati
Chad Banschbach,JR,RB,10,27,0,9,27,3.00,2.7,cincinnati
Avery Johnson,SO,WR,10,10,0,2,10,5.00,1.0,cincinnati
Taylor Boose,FR,RB,4,9,0,2,9,4.50,2.3,cincinnati
Jerron Rollins,FR,WR,11,3,0,1,3,3.00,0.3,cincinnati
Devin Gray,JR,WR,12,-2,0,3,-2,-0.67,-0.2,cincinnati
Josiah Deguara,FR,TE,11,-2,0,1,-2,-2.00,-0.2,cincinnati
Deshaun Watson,JR,QB,15,629,4593,744,5222,7.02,348.1,clemson
Wayne Gallman,JR,RB,15,1133,0,232,1133,4.88,75.5,clemson
Nick Schuessler,SR,QB,6,31,334,42,365,8.69,60.8,clemson
Tavien Feaster,FR,RB,12,221,0,37,221,5.97,18.4,clemson
C.J. Fuller,SO,RB,15,211,0,47,211,4.49,14.1,clemson
Adam Choice,SO,RB,11,158,0,45,158,3.51,14.4,clemson
Tyshon Dye,JR,RB,7,109,0,21,109,5.19,15.6,clemson
Kelly Bryant,SO,QB,4,22,48,21,70,3.33,17.5,clemson
Ray-Ray McCloud,SO,WR,14,28,0,5,28,5.60,2.0,clemson
Tucker Israel,FR,QB,2,2,25,5,27,5.40,13.5,clemson
Artavis Scott,JR,WR,15,11,0,6,11,1.83,0.7,clemson
Christian Wilkins,SO,DL,15,10,0,1,10,10.00,0.7,clemson
James Barnes,FR,QB,1,0,9,1,9,9.00,9.0,clemson
Sefo Liufau,SR,QB,12,494,2366,484,2860,5.91,238.3,colorado
Steven Montez,FR,QB,11,231,1078,192,1309,6.82,119.0,colorado
Phillip Lindsay,JR,TB,14,1252,0,244,1252,5.13,89.4,colorado
Kyle Evans,SO,TB,14,346,0,84,346,4.12,24.7,colorado
Donovan Lee,JR,TB,11,97,0,28,97,3.46,8.8,colorado
Bryce Bobo,JR,WR,13,0,67,1,67,67.00,5.2,colorado
Jordan Gehrke,SR,QB,4,23,38,8,61,7.63,15.3,colorado
Beau Bisharat,FR,TB,14,45,0,15,45,3.00,3.2,colorado
Troy Lewis,SO,TB,1,33,0,9,33,3.67,33.0,colorado
Michael Adkins II,JR,TB,3,30,0,10,30,3.00,10.0,colorado
Jay MacIntyre,SO,WR,14,12,14,6,26,4.33,1.9,colorado
Shay Fields,JR,WR,14,12,0,1,12,12.00,0.9,colorado
Anthony Julmisse,FR,WR,14,10,0,1,10,10.00,0.7,colorado
Devin Ross,JR,WR,14,10,0,3,10,3.33,0.7,colorado
Nick Stevens,JR,QB,10,53,1936,216,1989,9.21,198.9,colorado_state
Collin Hill,FR,QB,6,49,1096,155,1145,7.39,190.8,colorado_state
Dalyn Dawkins,JR,RB,12,919,0,161,919,5.71,76.6,colorado_state
Izzy Matthews,SO,RB,13,734,0,153,734,4.80,56.5,colorado_state
"Marvin Kinsey, Jr.",FR,RB,12,546,0,93,546,5.87,45.5,colorado_state
Detrich Clark,JR,WR,13,247,6,37,253,6.84,19.5,colorado_state
Faton Bauta,SR,QB,10,124,114,48,238,4.96,23.8,colorado_state
Anthony Hawkins,FR,WR,13,81,0,11,81,7.36,6.2,colorado_state
Bryce Peters,JR,RB,11,43,0,11,43,3.91,3.9,colorado_state
Hayden Hunt,SR,P,12,6,29,2,35,17.50,2.9,colorado_state
Robert Ruiz,SR,WR,13,15,0,1,15,15.00,1.2,colorado_state
Michael Gallup,JR,WR,13,15,0,4,15,3.75,1.2,colorado_state
Olabisi Johnson,SO,WR,13,13,0,1,13,13.00,1.0,colorado_state
J.C. Robles,FR,QB,2,0,0,1,0,0.00,0.0,colorado_state
Bryant Shirreffs,JR,QB,9,326,2010,427,2336,5.47,259.6,connecticut
Arkeel Newsome,JR,RB,12,715,0,147,715,4.86,59.6,connecticut
Donovan Williams,FR,QB,3,52,300,107,352,3.29,117.3,connecticut
Ron Johnson,JR,RB,12,242,0,73,242,3.32,20.2,connecticut
"Noel Thomas, Jr.",SR,WR,12,60,11,14,71,5.07,5.9,connecticut
Garrett Anderson,SR,QB,9,-4,69,21,65,3.10,7.2,connecticut
Tyler Davis,FR,,12,0,42,3,42,14.00,3.5,connecticut
Jason Thompson,SO,RB,12,20,0,3,20,6.67,1.7,connecticut
Daniel Jones,FR,QB,12,486,2836,571,3322,5.82,276.8,duke
Shaun Wilson,JR,RB,12,623,0,151,623,4.13,51.9,duke
Jela Duncan,SR,RB,7,450,0,88,450,5.11,64.3,duke
Joseph Ajeigbe,JR,RB,12,161,0,42,161,3.83,13.4,duke
Parker Boehme,JR,QB,5,64,41,21,105,5.00,21.0,duke
Zach Boden,SR,RB,11,37,0,12,37,3.08,3.4,duke
Nicodem Pierre,SO,RB,5,22,0,7,22,3.14,4.4,duke
Quay Mann,JR,RB,12,13,0,7,13,1.86,1.1,duke
Quentin Harris,FR,QB,1,9,0,6,9,1.50,9.0,duke
Griffin Carter,SO,RB,1,4,0,1,4,4.00,4.0,duke
Johnathan Lloyd,SO,WR,12,3,0,1,3,3.00,0.3,duke
T.J. Rahming,SO,WR,12,-1,0,1,-1,-1.00,-0.1,duke
Austin Parker,FR,P,7,-12,0,3,-12,-4.00,-1.7,duke
Philip Nelson,SR,QB,10,57,2621,411,2678,6.52,267.8,east_carolina
Gardner Minshew,SO,QB,7,-36,1347,222,1311,5.91,187.3,east_carolina
James Summers,SR,WR,12,869,46,164,915,5.58,76.3,east_carolina
Anthony Scott,JR,RB,8,384,0,79,384,4.86,48.0,east_carolina
Devin Anderson,SO,RB,11,258,0,57,258,4.53,23.5,east_carolina
Zay Jones,SR,WR,12,24,2,5,26,5.20,2.2,east_carolina
Shawn Furlow,SO,RB,12,23,0,5,23,4.60,1.9,east_carolina
Deondre Farrier,FR,WR,11,17,0,1,17,17.00,1.5,east_carolina
Quay Johnson,JR,WR,12,9,0,4,9,2.25,0.8,east_carolina
Hussein Howe,FR,RB,12,7,0,3,7,2.33,0.6,east_carolina
Messiah Rice,SO,OL,10,1,0,0,1,-,0.1,east_carolina
Worth Gregory,SR,P,12,-15,0,1,-15,-15.00,-1.3,east_carolina
Brogan Roback,JR,QB,10,223,2694,435,2917,6.71,291.7,eastern_michigan
Todd Porter,JR,QB,5,173,1064,183,1237,6.76,247.4,eastern_michigan
Ian Eriksen,SO,RB,11,771,0,184,771,4.19,70.1,eastern_michigan
Breck Turner,FR,RB,10,417,0,77,417,5.42,41.7,eastern_michigan
Blake Banham,SO,RB,9,294,0,61,294,4.82,32.7,eastern_michigan
Shaq Vann,SO,RB,2,166,0,21,166,7.90,83.0,eastern_michigan
Isaac Holder,FR,WR,13,-4,64,3,60,20.00,4.6,eastern_michigan
James Pensyl,FR,QB,1,0,27,2,27,13.50,27.0,eastern_michigan
Sergio Bailey II,JR,WR,13,22,0,3,22,7.33,1.7,eastern_michigan
Alec Hullibarger,SO,RB,13,16,0,3,16,5.33,1.2,eastern_michigan
Willie Parker,FR,RB,5,12,0,10,12,1.20,2.4,eastern_michigan
Eddie Daugherty,SO,WR,13,12,0,2,12,6.00,0.9,eastern_michigan
Mathew Sexton,FR,WR,8,9,0,1,9,9.00,1.1,eastern_michigan
Antoine Porter,JR,WR,12,0,0,1,0,0.00,0.0,eastern_michigan
Austin Appleby,SR,QB,9,-45,1447,250,1402,5.61,155.8,florida
Luke Del Rio,SO,QB,6,-43,1358,217,1315,6.06,219.2,florida
Jordan Scarlett,SO,RB,13,889,0,179,889,4.97,68.4,florida
Lamical Perine,FR,RB,13,421,0,91,421,4.63,32.4,florida
Mark Thompson,JR,RB,12,299,0,68,299,4.40,24.9,florida
Jordan Cronkrite,SO,RB,11,145,0,31,145,4.68,13.2,florida
Antonio Callaway,SO,WR,12,32,0,5,32,6.40,2.7,florida
Brandon Powell,JR,WR,13,6,0,7,6,0.86,0.5,florida
Mark Herndon,SR,RB,8,3,0,2,3,1.50,0.4,florida
Josh Hammond,FR,WR,13,1,0,1,1,1.00,0.1,florida
Johnny Townsend,JR,P,13,-11,0,1,-11,-11.00,-0.8,florida
Jason Driskel,SO,QB,12,242,2415,407,2657,6.53,221.4,florida_atlantic
Devin Singletary,FR,RB,12,1016,0,151,1016,6.73,84.7,florida_atlantic
"Gregory Howell, Jr.",JR,RB,12,833,0,168,833,4.96,69.4,florida_atlantic
"Kerrith Whyte, Jr.",FR,RB,11,145,0,43,145,3.37,13.2,florida_atlantic
Daniel Parr,FR,QB,9,13,106,46,119,2.59,13.2,florida_atlantic
Henry Bussey III,JR,WR,12,17,0,3,17,5.67,1.4,florida_atlantic
Jay Warren,SR,RB,10,16,0,7,16,2.29,1.6,florida_atlantic
Marcus Clark,JR,RB,6,6,0,3,6,2.00,1.0,florida_atlantic
Kamrin Solomon,JR,WR,11,0,0,1,0,0.00,0.0,florida_atlantic
Alex McGough,JR,QB,9,117,1891,331,2008,6.07,223.1,florida_international
Alex Gardner,JR,RB,12,930,0,181,930,5.14,77.5,florida_international
Maurice Alexander,FR,QB,8,109,613,142,722,5.08,90.3,florida_international
Anthony Jones,SO,RB,12,562,0,116,562,4.84,46.8,florida_international
Christian Alexander,FR,QB,4,31,216,46,247,5.37,61.8,florida_international
Tony Gaiter IV,FR,WR,9,24,0,2,24,12.00,2.7,florida_international
Shawndarrius Phillips,FR,RB,4,12,0,8,12,1.50,3.0,florida_international
Jonnu Smith,SR,TE,11,5,0,1,5,5.00,0.5,florida_international
Thomas Owens,JR,WR,12,1,0,1,1,1.00,0.1,florida_international
Austin Maloney,FR,WR,12,-6,0,1,-6,-6.00,-0.5,florida_international
Deondre Francois,FR,QB,13,196,3350,508,3546,6.98,272.8,florida_state
Dalvin Cook,JR,RB,13,1765,0,288,1765,6.13,135.8,florida_state
Jacques Patrick,SO,RB,13,350,0,61,350,5.74,26.9,florida_state
Freddie Stevenson,SR,FB,12,90,0,13,90,6.92,7.5,florida_state
Kermit Whitfield,SR,WR,13,79,0,8,79,9.88,6.1,florida_state
Ryan Green,JR,RB,10,75,0,11,75,6.82,7.5,florida_state
Sean Maguire,SR,QB,5,-10,64,13,54,4.15,10.8,florida_state
Amir Rasul,FR,RB,7,46,0,6,46,7.67,6.6,florida_state
Johnathan Vickers,JR,RB,4,44,0,5,44,8.80,11.0,florida_state
J.J. Cosentino,SO,QB,2,3,19,12,22,1.83,11.0,florida_state
Jesus Wilson,SR,WR,8,6,0,1,6,6.00,0.8,florida_state
Steven Williams,SR,RB,1,5,0,1,5,5.00,5.0,florida_state
Colton Plante,SO,FB,2,2,0,1,2,2.00,1.0,florida_state
Omari Albert,SR,RB,1,1,0,1,1,1.00,1.0,florida_state
Chason Virgil,FR,QB,10,122,2021,399,2143,5.37,214.3,fresno_state
Dontel James,JR,RB,11,697,0,208,697,3.35,63.4,fresno_state
Zach Kline,SR,QB,7,134,523,127,657,5.17,93.9,fresno_state
Josh Hokit,FR,LB,12,130,0,27,130,4.81,10.8,fresno_state
Treyvon Green,FR,RB,11,108,13,26,121,4.65,11.0,fresno_state
Jamire Jordan,SO,WR,12,83,0,17,83,4.88,6.9,fresno_state
Dejonte O'Neal,SO,RB,4,57,0,16,57,3.56,14.3,fresno_state
Bryson Oglesby,FR,RB,2,39,0,9,39,4.33,19.5,fresno_state
KeeSean Johnson,SO,WR,12,13,0,3,13,4.33,1.1,fresno_state
Justin Rice,FR,RB,6,8,0,8,8,1.00,1.3,fresno_state
Trent Soechting,SO,LB,12,3,0,1,3,3.00,0.3,fresno_state
Christian Cronk,SO,OL,12,1,0,1,1,1.00,0.1,fresno_state
Blake Cusick,FR,P,12,0,0,2,0,0.00,0.0,fresno_state
Justin Allen,SO,WR,11,-1,0,1,-1,-1.00,-0.1,fresno_state
Jacob Eason,FR,QB,13,-45,2430,403,2385,5.92,183.5,georgia
Nick Chubb,JR,TB,13,1130,0,224,1130,5.04,86.9,georgia
Sony Michel,JR,TB,12,840,0,152,840,5.53,70.0,georgia
Brian Herrien,FR,RB,12,363,0,63,363,5.76,30.3,georgia
Isaiah McKenzie,JR,WR,13,134,0,19,134,7.05,10.3,georgia
Greyson Lambert,SR,QB,3,-9,56,16,47,2.94,15.7,georgia
Riley Ridley,FR,WR,11,41,0,3,41,13.67,3.7,georgia
Brendan Douglas,SR,TB,13,32,0,5,32,6.40,2.5,georgia
Elijah Holyfield,FR,RB,5,29,0,6,29,4.83,5.8,georgia
Marshall Long,FR,P,9,0,29,1,29,29.00,3.2,georgia
Terry Godwin,SO,WR,13,14,0,6,14,2.33,1.1,georgia
Brice Ramsey,JR,QB,7,11,0,1,11,11.00,1.6,georgia
Reggie Davis,SR,FL,12,-4,0,1,-4,-4.00,-0.3,georgia
Kevin Ellison,SR,QB,11,678,871,245,1549,6.32,140.8,georgia_southern
Favian Upshaw,SR,QB,8,341,614,153,955,6.24,119.4,georgia_southern
Matt Breida,SR,RB,12,646,0,168,646,3.85,53.8,georgia_southern
Wesley Fields,SO,RB,10,492,0,94,492,5.23,49.2,georgia_southern
Seth Shuman,FR,QB,5,39,357,80,396,4.95,79.2,georgia_southern
L.A. Ramsby,JR,RB,11,343,0,84,343,4.08,31.2,georgia_southern
Demarcus Godfrey,JR,RB,9,124,0,14,124,8.86,13.8,georgia_southern
Troy Stewart,SO,RB,1,34,0,7,34,4.86,34.0,georgia_southern
Matt Flynn,JR,P,12,0,26,1,26,26.00,2.2,georgia_southern
Montay Crockett,SR,WR,12,25,0,2,25,12.50,2.1,georgia_southern
LaBaron Anthony,SO,QB,2,10,0,8,10,1.25,5.0,georgia_southern
Myles Campbell,JR,WR,12,8,0,2,8,4.00,0.7,georgia_southern
Conner Manning,JR,QB,10,-3,2684,400,2681,6.70,268.1,georgia_state
Aaron Winchester,FR,QB,6,204,271,94,475,5.05,79.2,georgia_state
Kyler Neal,JR,RB,9,314,0,75,314,4.19,34.9,georgia_state
Glenn Smith,JR,RB,12,150,0,42,150,3.57,12.5,georgia_state
Darius Stubbs,FR,RB,11,144,0,39,144,3.69,13.1,georgia_state
Kendrick Dorn,JR,RB,9,110,0,31,110,3.55,12.2,georgia_state
Tra Barnett,FR,RB,9,107,0,22,107,4.86,11.9,georgia_state
Demarcus Kirk,FR,RB,10,104,0,36,104,2.89,10.4,georgia_state
Todd Boyd,JR,WR,9,7,0,2,7,3.50,0.8,georgia_state
Jaquez Parks,SO,QB,11,6,0,1,6,6.00,0.5,georgia_state
Emiere Scaife,SO,QB,3,-2,0,2,-2,-1.00,-0.7,georgia_state
Justin Thomas,SR,QB,12,604,1559,285,2163,7.59,180.3,georgia_tech
Dedrick Mills,FR,BB,9,771,0,153,771,5.04,85.7,georgia_tech
Marcus Marshall,SO,BB,11,624,0,96,624,6.50,56.7,georgia_tech
Clinton Lynch,SO,AB,13,415,0,37,415,11.22,31.9,georgia_tech
Matthew Jordan,SO,QB,9,243,111,74,354,4.78,39.3,georgia_tech
Qua Searcy,SO,AB,13,273,0,46,273,5.93,21.0,georgia_tech
J.J. Green,JR,AB,11,154,0,25,154,6.16,14.0,georgia_tech
Isiah Willis,SR,AB,13,80,0,11,80,7.27,6.2,georgia_tech
Lynn Griffin,SR,AB,8,56,0,13,56,4.31,7.0,georgia_tech
Marcus Allen,SR,BB,9,47,0,10,47,4.70,5.2,georgia_tech
Ricky Jeune,JR,WR,13,40,0,1,40,40.00,3.1,georgia_tech
TaQuon Marshall,SO,QB,2,14,9,8,23,2.88,11.5,georgia_tech
Chase Alford,SR,LB,13,21,0,1,21,21.00,1.6,georgia_tech
Austin McClellan,SR,AB,11,14,0,2,14,7.00,1.3,georgia_tech
Nathan Cottrell,FR,AB,11,6,0,1,6,6.00,0.5,georgia_tech
Trey Klock,SO,OL,10,0,0,1,0,0.00,0.0,georgia_tech
Quaide Weimerskirch,FR,BB,7,0,0,1,0,0.00,0.0,georgia_tech
Brad Stewart,SO,WR,13,-4,0,1,-4,-4.00,-0.3,georgia_tech
Dru Brown,SO,QB,13,306,2488,423,2794,6.61,214.9,hawai'i
Diocemy Saint Juste,JR,RB,12,1006,0,165,1006,6.10,83.8,hawai'i
Ikaika Woolsey,SR,QB,13,22,644,110,666,6.05,51.2,hawai'i
Paul Harris,SR,RB,14,568,0,81,568,7.01,40.6,hawai'i
Steven Lakalaka,SR,RB,14,416,0,102,416,4.08,29.7,hawai'i
Aaron Zwahlen,FR,QB,1,0,32,12,32,2.67,32.0,hawai'i
Makoa Camanse-Stevens,SR,WR,14,0,21,1,21,21.00,1.5,hawai'i
Ben Scruton,FR,DB,10,14,0,1,14,14.00,1.4,hawai'i
Dylan Collie,SO,WR,14,9,0,1,9,9.00,0.6,hawai'i
John Ursua,FR,WR,14,8,0,4,8,2.00,0.6,hawai'i
Kaiwi Chung,SO,TE,9,1,0,1,1,1.00,0.1,hawai'i
Keelan Ewaliko,JR,WR,12,0,0,1,0,0.00,0.0,hawai'i
Greg Ward Jr.,SR,QB,12,518,3557,666,4075,6.12,339.6,houston
Duke Catalon,SO,RB,9,528,0,145,528,3.64,58.7,houston
Kyle Postma,JR,QB,10,136,210,62,346,5.58,34.6,houston
Dillon Birden,JR,RB,12,289,0,62,289,4.66,24.1,houston
Mulbah Car,FR,RB,9,206,0,49,206,4.20,22.9,houston
Kevrin Justice,FR,RB,11,149,0,34,149,4.38,13.5,houston
D'Eriq King,FR,QB,10,56,20,18,76,4.22,7.6,houston
Linell Bonner,JR,WR,12,6,50,7,56,8.00,4.7,houston
Josh Burrell,FR,RB,7,51,0,12,51,4.25,7.3,houston
Dane Roy,FR,P,13,11,15,2,26,13.00,2.0,houston
Kaliq Kokuma,SO,RB,5,15,0,4,15,3.75,3.0,houston
Brandon Wilson,SR,CB,10,6,0,4,6,1.50,0.6,houston
Blake Hirsch,SO,RB,2,3,0,1,3,3.00,1.5,houston
Keith Corbin,FR,WR,7,1,0,1,1,1.00,0.1,houston
Matt Linehan,JR,QB,13,167,3184,503,3351,6.66,257.8,idaho
Isaiah Saunders,SO,RB,13,731,0,159,731,4.60,56.2,idaho
Aaron Duckworth,JR,RB,13,672,0,144,672,4.67,51.7,idaho
Denzal Brantley,FR,RB,12,227,0,49,227,4.63,18.9,idaho
Mason Petrino,FR,QB,7,91,23,29,114,3.93,16.3,idaho
Gunnar Amos,FR,QB,8,22,33,16,55,3.44,6.9,idaho
Tueni Lupeamanu,SR,DL,13,11,0,7,11,1.57,0.8,idaho
Callen Hightower,SR,WR,10,7,0,4,7,1.75,0.7,idaho
Doug Coman,JR,RB,11,3,0,4,3,0.75,0.3,idaho
David Ungerer,SO,WR,11,-2,0,1,-2,-2.00,-0.2,idaho
Wes Lunt,SR,QB,8,-65,1376,252,1311,5.20,163.9,illinois
Kendrick Foster,JR,RB,12,720,0,126,720,5.71,60.0,illinois
Reggie Corbin,FR,RB,12,523,0,86,523,6.08,43.6,illinois
Chayce Crouch,SO,QB,4,176,249,61,425,6.97,106.3,illinois
"Jeff George, Jr.",FR,QB,5,-50,470,104,420,4.04,84.0,illinois
Ke'Shawn Vaughn,SO,RB,11,301,0,60,301,5.02,27.4,illinois
Tre Nation,FR,RB,3,59,0,11,59,5.36,19.7,illinois
Joe Spencer,SR,OL,11,17,0,0,17,-,1.5,illinois
Justin Hardee,SR,WR,12,12,0,1,12,12.00,1.0,illinois
Malik Turner,JR,WR,11,5,0,2,5,2.50,0.5,illinois
Nathan Echard,JR,RB,12,0,0,2,0,0.00,0.0,illinois
Richard Lagow,JR,QB,13,-188,3362,479,3174,6.63,244.2,indiana
Devine Redding,JR,RB,13,1122,0,253,1122,4.43,86.3,indiana
Zander Diamont,JR,QB,8,244,192,54,436,8.07,54.5,indiana
Tyler Natee,FR,RB,10,237,0,62,237,3.82,23.7,indiana
Mike Majette,SO,RB,8,180,0,39,180,4.62,22.5,indiana
Devonte Williams,FR,RB,11,167,0,48,167,3.48,15.2,indiana
Ricky Brookins,SO,WR,13,82,0,20,82,4.10,6.3,indiana
Cole Gest,FR,RB,3,47,0,10,47,4.70,15.7,indiana
Alex Rodriguez,SO,RB,12,41,0,10,41,4.10,3.4,indiana
Mitchell Paige,SR,WR,13,36,5,7,41,5.86,3.2,indiana
Camion Patrick,JR,WR,9,10,0,4,10,2.50,1.1,indiana
Ricky Jones,SR,WR,13,5,0,1,5,5.00,0.4,indiana
Nick Westbrook,SO,WR,13,3,0,1,3,3.00,0.2,indiana
C.J. Beathard,SR,QB,13,-13,1929,384,1916,4.99,147.4,iowa
Akrum Wadley,JR,RB,13,1081,0,168,1081,6.43,83.2,iowa
"LeShun Daniels, Jr.",SR,RB,13,1058,0,213,1058,4.97,81.4,iowa
Jerminic Smith,SO,WR,13,63,0,3,63,21.00,4.8,iowa
Nathan Stanley,FR,QB,5,0,62,9,62,6.89,12.4,iowa
Toks Akinribade,FR,RB,6,33,0,16,33,2.06,5.5,iowa
Matt VandeBerg,SR,WR,4,25,0,1,25,25.00,6.3,iowa
"Derrick Mitchell, Jr.",JR,RB,5,12,0,2,12,6.00,2.4,iowa
Jay Scheel,SO,WR,12,4,0,1,4,4.00,0.3,iowa
Brady Ross,FR,FB,13,2,0,1,2,2.00,0.2,iowa
Drake Kulick,JR,FB,12,1,0,1,1,1.00,0.1,iowa
Riley McCarron,SR,WR,13,-3,0,2,-3,-1.50,-0.2,iowa
Ron Coluzzi,SR,P,13,-5,0,1,-5,-5.00,-0.4,iowa
Jacob Park,SO,QB,10,59,1791,262,1850,7.06,185.0,iowa_state
Joel Lanning,JR,QB,12,518,1290,290,1808,6.23,150.7,iowa_state
David Montgomery,FR,RB,12,563,0,109,563,5.17,46.9,iowa_state
Mike Warren,SO,RB,11,559,0,134,559,4.17,50.8,iowa_state
Kene Nwangwu,FR,RB,12,133,0,27,133,4.93,11.1,iowa_state
Mitchell Harger,SR,RB,11,109,0,18,109,6.06,9.9,iowa_state
Deshaunte Jones,FR,WR,12,31,10,5,41,8.20,3.4,iowa_state
Kyle Kempt,JR,QB,2,7,15,3,22,7.33,11.0,iowa_state
Trever Ryen,JR,WR,12,8,0,1,8,8.00,0.7,iowa_state
Montell Cozart,JR,QB,8,91,1075,219,1166,5.32,145.8,kansas
Carter Stanley,FR,QB,9,124,959,188,1083,5.76,120.3,kansas
Ryan Willis,SO,QB,7,-8,811,155,803,5.18,114.7,kansas
Ke'aun Kinner,SR,RB,12,738,0,140,738,5.27,61.5,kansas
Taylor Martin,SO,RB,10,324,0,91,324,3.56,32.4,kansas
Khalil Herbert,FR,RB,8,189,0,44,189,4.30,23.6,kansas
Steven Sims Jr.,SO,WR,12,-9,40,3,31,10.33,2.6,kansas
Denzell Evans,JR,RB,12,29,0,17,29,1.71,2.4,kansas
Maciah Long,FR,TE,10,1,0,2,1,0.50,0.1,kansas
LaQuvionte Gonzalez,JR,WR,12,-9,0,3,-9,-3.00,-0.8,kansas
Jesse Ertz,JR,QB,13,1012,1755,447,2767,6.19,212.8,kansas_state
Charles Jones,SR,RB,13,596,0,115,596,5.18,45.8,kansas_state
Justin Silmon,SO,RB,12,464,0,86,464,5.40,38.7,kansas_state
Alex Barnes,FR,RB,11,442,0,56,442,7.89,40.2,kansas_state
Joe Hubener,SR,QB,6,20,275,60,295,4.92,49.2,kansas_state
Dalvin Warmack,SO,RB,11,211,0,41,211,5.15,19.2,kansas_state
Alex Delton,FR,QB,4,116,11,30,127,4.23,31.8,kansas_state
Winston Dimel,SO,FB,13,92,0,30,92,3.07,7.1,kansas_state
Dominique Heath,SO,WR,13,54,0,2,54,27.00,4.2,kansas_state
Byron Pringle,SO,WR,13,12,0,3,12,4.00,0.9,kansas_state
Cameron Morgan,SR,DB,2,11,0,1,11,11.00,5.5,kansas_state
Mitch Lochbihler,JR,P,12,0,0,1,0,0.00,0.0,kansas_state
Nick Holley,JR,QB,11,920,868,341,1788,5.24,162.5,kent_state
George Bollas,SO,QB,8,109,402,81,511,6.31,63.9,kent_state
Justin Rankin,FR,RB,11,511,0,108,511,4.73,46.5,kent_state
Mylik Mitchell,FR,QB,4,87,363,117,450,3.85,112.5,kent_state
Will Matthews,FR,RB,9,138,0,31,138,4.45,15.3,kent_state
Kavious Price,FR,WR,10,128,0,21,128,6.10,12.8,kent_state
Justin Agner,FR,QB,2,7,64,27,71,2.63,35.5,kent_state
Raekwon James,SO,RB,12,59,0,8,59,7.38,4.9,kent_state
Myles Washington,SO,RB,11,51,0,22,51,2.32,4.6,kent_state
Colin Reardon,SR,WR,10,2,3,4,5,1.25,0.5,kent_state
Ernest Calhoun,SR,WR,12,3,0,1,3,3.00,0.3,kent_state
Stephen Johnson,JR,QB,12,327,2037,362,2364,6.53,197.0,kentucky
Stanley Boom Williams,JR,RB,13,1170,0,171,1170,6.84,90.0,kentucky
"Benjamin Snell, Jr.",FR,RB,13,1091,16,190,1107,5.83,85.2,kentucky
Jojo Kemp,SR,RB,10,349,14,71,363,5.11,36.3,kentucky
Drew Barker,SO,QB,3,-23,334,50,311,6.22,103.7,kentucky
Sihiem King,SO,RB,13,81,0,11,81,7.36,6.2,kentucky
Luke Wright,SO,QB,2,0,28,4,28,7.00,14.0,kentucky
Jeff Badet,JR,WR,13,25,0,1,25,25.00,1.9,kentucky
Mikel Horton,JR,RB,3,12,0,3,12,4.00,4.0,kentucky
Ryan Timmons,SR,WR,13,11,0,1,11,11.00,0.8,kentucky
Dorian Baker,JR,WR,10,3,0,1,3,3.00,0.3,kentucky
Tristan Yeomans,SO,LS,12,0,-10,1,-10,-10.00,-0.8,kentucky
Anthony Jennings,SR,QB,13,341,2178,467,2519,5.39,193.8,louisiana-lafayette
Elijah McGuire,SR,RB,13,1127,0,232,1127,4.86,86.7,louisiana-lafayette
Darius Hoggins,JR,RB,13,281,0,51,281,5.51,21.6,louisiana-lafayette
Jordan Wright,FR,RB,12,192,0,62,192,3.10,16.0,louisiana-lafayette
Jalen Nixon,SR,QB,7,77,84,30,161,5.37,23.0,louisiana-lafayette
Dion Ray,FR,QB,6,119,0,28,119,4.25,19.8,louisiana-lafayette
Raymond Calais,FR,RB,9,117,0,23,117,5.09,13.0,louisiana-lafayette
Al Riles,SR,WR,13,46,48,12,94,7.83,7.2,louisiana-lafayette
Jordan Davis,SO,QB,8,37,7,10,44,4.40,5.5,louisiana-lafayette
Steven Coutts,SO,P,13,13,0,1,13,13.00,1.0,louisiana-lafayette
Gary Haynes,SO,WR,8,6,0,2,6,3.00,0.8,louisiana-lafayette
Gabe Fuselier,JR,WR,11,4,0,1,4,4.00,0.4,louisiana-lafayette
Tracy Walker,JR,DB,13,3,0,1,3,3.00,0.2,louisiana-lafayette
Garrett Smith,SO,QB,8,308,1237,239,1545,6.46,193.1,louisiana-monroe
Caleb Evans,FR,QB,7,163,834,195,997,5.11,142.4,louisiana-monroe
Ben Luckett,SO,RB,11,450,0,120,450,3.75,40.9,louisiana-monroe
Thomas Koufie,SO,RB,12,427,0,81,427,5.27,35.6,louisiana-monroe
Will Collins,FR,QB,6,105,233,79,338,4.28,56.3,louisiana-monroe
Duke Carter IV,FR,RB,11,281,0,85,281,3.31,25.5,louisiana-monroe
Austin Vaughn,FR,RB,12,268,0,48,268,5.58,22.3,louisiana-monroe
Marcus Green,SO,WR,12,119,0,14,119,8.50,9.9,louisiana-monroe
Markis McCray,SO,WR,12,29,0,3,29,9.67,2.4,louisiana-monroe
"Nathan Meadors, Jr.",SR,RB,3,14,0,4,14,3.50,4.7,louisiana-monroe
Ajalen Holley,SR,WR,12,7,0,3,7,2.33,0.6,louisiana-monroe
Korian Reynaud,FR,S,2,3,0,3,3,1.00,1.5,louisiana-monroe
Ryan Higgins,SR,QB,13,277,4617,584,4894,8.38,376.5,louisiana_tech
Jarred Craft,JR,RB,14,1074,0,191,1074,5.62,76.7,louisiana_tech
Boston Scott,JR,RB,14,515,0,70,515,7.36,36.8,louisiana_tech
J'mar Smith,FR,QB,8,62,412,60,474,7.90,59.3,louisiana_tech
Carlos Henderson,JR,WR,13,133,0,14,133,9.50,10.2,louisiana_tech
Price Wilson,SO,QB,4,0,58,6,58,9.67,14.5,louisiana_tech
Kam McKnight,SO,WR,14,32,0,15,32,2.13,2.3,louisiana_tech
Rhashid Bonnette,FR,WR,13,27,0,4,27,6.75,2.1,louisiana_tech
Dee Fleming,FR,RB,4,10,0,4,10,2.50,2.5,louisiana_tech
Bobby Holly,FR,RB,14,0,0,4,0,0.00,0.0,louisiana_tech
Lamar Jackson,SO,QB,13,1571,3543,669,5114,7.64,393.4,louisville
Brandon Radcliff,SR,RB,13,903,0,138,903,6.54,69.5,louisville
Jeremy Smith,JR,RB,13,382,0,57,382,6.70,29.4,louisville
Kyle Bolin,JR,QB,6,-17,234,29,217,7.48,36.2,louisville
Malik Williams,JR,RB,12,145,0,19,145,7.63,12.1,louisville
Malin Jones,SR,RB,11,66,0,15,66,4.40,6.0,louisville
Traveon Samuel,SO,WR,13,54,0,8,54,6.75,4.2,louisville
Trey Smith,FR,RB,6,28,0,11,28,2.55,4.7,louisville
L.J. Scott,JR,RB,4,15,0,3,15,5.00,3.8,louisville
Reggie Bonnafon,JR,WR,13,7,0,5,7,1.40,0.5,louisville
Seth Dawkins,FR,WR,12,4,0,1,4,4.00,0.3,louisville
Ethan Horton,JR,QB,1,1,0,1,1,1.00,1.0,louisville
Lamar Atkins,SR,FB,13,0,0,1,0,0.00,0.0,louisville
Danny Etling,JR,QB,11,46,2123,310,2169,7.00,197.2,lsu
Derrius Guice,SO,RB,12,1387,0,183,1387,7.58,115.6,lsu
Leonard Fournette,JR,RB,7,843,0,130,843,6.48,120.4,lsu
Darrel Williams,JR,RB,11,233,0,52,233,4.48,21.2,lsu
Nick Brossette,SO,RB,12,145,0,15,145,9.67,12.1,lsu
Brandon Harris,JR,QB,4,-15,139,29,124,4.28,31.0,lsu
D.J. Chark,JR,WR,12,122,0,12,122,10.17,10.2,lsu
Justin McMillan,FR,QB,1,3,19,2,22,11.00,22.0,lsu
J.D. Moore,JR,FB,12,17,0,7,17,2.43,1.4,lsu
Bry'Kiethon Mouton,SO,FB,4,15,0,5,15,3.00,3.8,lsu
Lanard Fournette,FR,RB,3,13,0,5,13,2.60,4.3,lsu
Malachi Dupre,JR,WR,12,0,0,1,0,0.00,0.0,lsu
Josh Growden,FR,P,12,0,0,1,0,0.00,0.0,lsu
Travin Dural,SR,WR,11,-2,0,1,-2,-2.00,-0.2,lsu
Chase Litton,SO,QB,10,-133,2612,405,2479,6.12,247.9,marshall
Keion Davis,SO,RB,9,469,0,113,469,4.15,52.1,marshall
Anthony Anderson,SO,RB,11,339,0,86,339,3.94,30.8,marshall
Tony Pittman,JR,RB,12,331,0,63,331,5.25,27.6,marshall
Garet Morrell,FR,QB,5,14,290,85,304,3.58,60.8,marshall
Hyleck Foster,JR,RB,11,291,0,68,291,4.28,26.5,marshall
Ryan Yurachek,JR,TE,11,9,0,1,9,9.00,0.8,marshall
Delvin Weems,FR,RB,1,8,0,2,8,4.00,8.0,marshall
Kaare Vedvik,JR,P,12,-3,0,3,-3,-1.00,-0.3,marshall
Emanuel Byrd,SR,TE,11,-3,0,1,-3,-3.00,-0.3,marshall
Perry Hills,SR,QB,11,93,1464,288,1557,5.41,141.5,maryland
Ty Johnson,SO,RB,13,1004,0,110,1004,9.13,77.2,maryland
Lorenzo Harrison III,FR,RB,9,633,0,88,633,7.19,70.3,maryland
Tyrrell Pigrome,FR,QB,11,254,322,133,576,4.33,52.4,maryland
Caleb Rowe,SR,QB,12,-13,296,46,283,6.15,23.6,maryland
Kenneth Goins Jr.,SR,RB,13,241,0,41,241,5.88,18.5,maryland
Max Bortenschlager,FR,QB,2,-27,209,45,182,4.04,91.0,maryland
Trey Edmunds,SR,RB,5,158,0,26,158,6.08,31.6,maryland
Jake Funk,FR,RB,13,136,0,29,136,4.69,10.5,maryland
D.J. Moore,SO,WR,13,55,21,13,76,5.85,5.8,maryland
Teldrick Morgan,SR,WR,13,34,0,6,34,5.67,2.6,maryland
Wes Brown,SR,RB,8,25,0,33,25,0.76,3.1,maryland
William Likely III,SR,DB,6,15,0,2,15,7.50,2.5,maryland
Levern Jacobs,SR,WR,13,10,0,1,10,10.00,0.8,maryland
Wade Lees,FR,P,13,0,5,1,5,5.00,0.4,maryland
DJ Turner,FR,WR,8,4,0,1,4,4.00,0.5,maryland
Andrew Stefanelli,SR,RB,13,1,0,1,1,1.00,0.1,maryland
Andrew Ford,SO,QB,11,-96,2665,410,2569,6.27,233.5,massachusetts
Marquis Young,SO,RB,12,898,0,198,898,4.54,74.8,massachusetts
Ross Comis,SO,QB,4,-22,370,91,348,3.82,87.0,massachusetts
Sekai Lindsay,SO,RB,12,156,0,33,156,4.73,13.0,massachusetts
Andy Isabella,SO,WR,12,100,0,12,100,8.33,8.3,massachusetts
Bilal Ally,FR,RB,9,97,0,17,97,5.71,10.8,massachusetts
John Robinson-Woodgett,SR,FB,11,68,0,19,68,3.58,6.2,massachusetts
Randall West,FR,QB,2,0,45,5,45,9.00,22.5,massachusetts
Sadiq Palmer,FR,WR,10,17,0,2,17,8.50,1.7,massachusetts
Malik Lee,JR,FB,11,0,0,2,0,0.00,0.0,massachusetts
Bernard Davis,SR,WR,12,0,0,2,0,0.00,0.0,massachusetts
Andrew Libby,JR,FB,12,0,0,1,0,0.00,0.0,massachusetts
Riley Ferguson,JR,QB,13,-70,3698,514,3628,7.06,279.1,memphis
Doroland Dorceus,JR,RB,13,810,0,132,810,6.14,62.3,memphis
"Patrick Taylor, Jr.",FR,RB,13,546,0,93,546,5.87,42.0,memphis
Darrell Henderson,FR,RB,13,482,0,87,482,5.54,37.1,memphis
Jason Stewart,SR,QB,5,77,229,57,306,5.37,61.2,memphis
Tony Pollard,FR,WR,13,159,0,31,159,5.13,12.2,memphis
Anthony Miller,JR,WR,13,69,0,12,69,5.75,5.3,memphis
Phil Mayhue,JR,WR,13,0,18,1,18,18.00,1.4,memphis
Sam Craft,SR,RB,4,16,0,16,16,1.00,4.0,memphis
Spencer Smith,JR,P,13,0,12,1,12,12.00,0.9,memphis
Tearris Wallace,SR,RB,3,10,0,7,10,1.43,3.3,memphis
Jae'Lon Oglesby,SO,WR,5,5,0,2,5,2.50,1.0,memphis
Deandre Jordan,SR,DB,13,2,0,2,2,1.00,0.2,memphis
Brad Kaaya,JR,QB,13,-136,3532,458,3396,7.41,261.2,miami_florida
Mark Walton,SO,RB,13,1117,0,209,1117,5.34,85.9,miami_florida
Joseph Yearby,JR,RB,13,608,0,102,608,5.96,46.8,miami_florida
Gus Edwards,JR,RB,11,290,0,59,290,4.92,26.4,miami_florida
Malik Rosier,SO,QB,6,65,32,6,97,16.17,16.2,miami_florida
Travis Homer,FR,RB,12,44,0,7,44,6.29,3.7,miami_florida
Ahmmon Richards,FR,WR,13,8,0,2,8,4.00,0.6,miami_florida
Marquez Williams,SR,FB,13,1,0,1,1,1.00,0.1,miami_florida
Gus Ragland,SO,QB,7,202,1537,263,1739,6.61,248.4,miami_ohio
Billy Bahl,SO,QB,7,4,1154,165,1158,7.02,165.4,miami_ohio
Alonzo Smith,SO,RB,13,709,0,163,709,4.35,54.5,miami_ohio
Kenny Young,SO,RB,13,557,0,88,557,6.33,42.8,miami_ohio
Maurice Thomas,SO,RB,11,258,0,37,258,6.97,23.5,miami_ohio
Noah Wezensky,FR,QB,2,-54,307,63,253,4.02,126.5,miami_ohio
Spencer McInnis,SR,RB,11,143,0,45,143,3.18,13.0,miami_ohio
Grant Niemiec,JR,RB,12,2,0,1,2,2.00,0.2,miami_ohio
Rokeem Williams,SR,WR,11,0,0,1,0,0.00,0.0,miami_ohio
Jared Murphy,JR,WR,13,-1,0,2,-1,-0.50,-0.1,miami_ohio
Justin Martin,SO,P,11,-12,0,1,-12,-12.00,-1.1,miami_ohio
Wilton Speight,JR,QB,12,-60,2538,366,2478,6.77,206.5,michigan
De'Veon Smith,SR,RB,13,846,0,181,846,4.67,65.1,michigan
Chris Evans,FR,RB,13,614,0,88,614,6.98,47.2,michigan
Karan Higdon,SO,RB,12,425,0,72,425,5.90,35.4,michigan
Ty Isaac,SR,RB,12,417,0,74,417,5.64,34.8,michigan
John O'Korn,SR,QB,8,31,173,46,204,4.43,25.5,michigan
Jabrill Peppers,JR,LB,12,167,0,27,167,6.19,13.9,michigan
Eddie McDoom,FR,WR,13,160,0,16,160,10.00,12.3,michigan
Shane Morris,SR,QB,6,19,45,8,64,8.00,10.7,michigan
Jehu Chesson,SR,WR,13,63,0,12,63,5.25,4.8,michigan
Khalid Hill,SR,FB,13,39,0,25,39,1.56,3.0,michigan
Bobby Henderson,SR,FB,12,37,0,5,37,7.40,3.1,michigan
Kingston Davis,FR,RB,3,17,0,2,17,8.50,5.7,michigan
Kekoa Crawford,FR,WR,13,15,0,3,15,5.00,1.2,michigan
Henry Poggi,SR,FB,13,4,0,1,4,4.00,0.3,michigan
Michael Hirsch,JR,FB,3,2,0,1,2,2.00,0.7,michigan
Tru Wilson,FR,S,1,1,0,1,1,1.00,1.0,michigan
Joe Beneducci,JR,FB,2,1,0,1,1,1.00,0.5,michigan
Joe Hewlett,JR,RB,3,-1,0,2,-1,-0.50,-0.3,michigan
Ben Gedeon,SR,LB,13,-2,0,1,-2,-2.00,-0.2,michigan
Kenny Allen,SR,K,13,-11,0,1,-11,-11.00,-0.8,michigan
Tyler O'Connor,SR,QB,11,70,1970,325,2040,6.28,185.5,michigan_state
LJ Scott,SO,RB,12,994,0,184,994,5.40,82.8,michigan_state
Brian Lewerke,FR,QB,4,149,381,78,530,6.79,132.5,michigan_state
Gerald Holmes,JR,RB,12,431,0,91,431,4.74,35.9,michigan_state
Damion Terry,JR,QB,7,85,253,72,338,4.69,48.3,michigan_state
R.J. Shelton,SR,WR,12,121,59,21,180,8.57,15.0,michigan_state
Madre London,SO,RB,11,120,0,28,120,4.29,10.9,michigan_state
Donnie Corley,FR,WR,12,44,0,8,44,5.50,3.7,michigan_state
Chris Frey,JR,LB,12,25,0,1,25,25.00,2.1,michigan_state
Delton Williams,SR,RB,12,21,0,7,21,3.00,1.8,michigan_state
Nick Tompkins,SR,RB,1,16,0,3,16,5.33,16.0,michigan_state
Felton Davis III,SO,WR,12,14,0,1,14,14.00,1.2,michigan_state
Monty Madaris,SR,WR,11,12,0,1,12,12.00,1.1,michigan_state
Prescott Line,SR,FB,11,12,0,5,12,2.40,1.1,michigan_state
Colar Kuhns,SO,QB,1,0,5,1,5,5.00,5.0,michigan_state
Michael Geiger,SR,K,12,4,0,1,4,4.00,0.3,michigan_state
Darrell Stewart Jr.,FR,WR,10,3,0,2,3,1.50,0.3,michigan_state
Trishton Jackson,FR,WR,9,-1,0,1,-1,-1.00,-0.1,michigan_state
Brent Stockstill,SO,QB,10,240,3233,459,3473,7.57,347.3,middle_tennessee
I'Tavius Mathers,SR,RB,13,1561,34,233,1595,6.85,122.7,middle_tennessee
John Urzua,FR,QB,5,-48,816,139,768,5.53,153.6,middle_tennessee
Richie James,SO,WR,13,339,80,45,419,9.31,32.2,middle_tennessee
Terelle West,FR,RB,11,168,0,40,168,4.20,15.3,middle_tennessee
Dennis Andrews,SR,WR,13,60,73,14,133,9.50,10.2,middle_tennessee
Ty Lee,FR,WR,13,107,0,6,107,17.83,8.2,middle_tennessee
Ruben Garnett,FR,RB,13,53,0,22,53,2.41,4.1,middle_tennessee
Desmond Anderson,SO,WR,10,29,0,1,29,29.00,2.9,middle_tennessee
J'Vonte Herrod,SO,RB,2,25,0,7,25,3.57,12.5,middle_tennessee
Mitch Leidner,SR,QB,12,366,2169,418,2535,6.06,211.3,minnesota
Rodney Smith,SO,RB,13,1158,0,240,1158,4.83,89.1,minnesota
Shannon Brooks,SO,RB,10,650,0,138,650,4.71,65.0,minnesota
Kobe McCrary,JR,RB,12,242,0,39,242,6.21,20.2,minnesota
Conor Rhoda,JR,QB,3,-11,88,23,77,3.35,25.7,minnesota
Carlton Djam,SO,RB,1,33,0,7,33,4.71,33.0,minnesota
Rashad Still,SO,WR,10,8,0,1,8,8.00,0.8,minnesota
Drew Wolitarsky,SR,WR,13,6,0,3,6,2.00,0.5,minnesota
Chad Kelly,SR,QB,9,332,2758,409,3090,7.56,343.3,mississippi
Shea Patterson,FR,QB,3,169,880,173,1049,6.06,349.7,mississippi
Akeem Judd,SR,RB,12,826,0,164,826,5.04,68.8,mississippi
Eugene Brazley,JR,RB,12,261,0,61,261,4.28,21.8,mississippi
Jason Pellerin,FR,QB,9,90,104,51,194,3.80,21.6,mississippi
D'Vaughn Pennamon,FR,RB,9,58,0,20,58,2.90,6.4,mississippi
Van Jefferson,FR,WR,12,40,0,5,40,8.00,3.3,mississippi
Markell Pack,JR,WR,12,-4,37,2,33,16.50,2.8,mississippi
D.K. Buford,SO,RB,10,29,0,10,29,2.90,2.9,mississippi
Will Gleeson,JR,P,12,14,0,1,14,14.00,1.2,mississippi
Eric Swinney,FR,RB,2,6,0,1,6,6.00,3.0,mississippi
DaMarkus Lodge,SO,WR,11,-5,0,1,-5,-5.00,-0.5,mississippi
Nick Fitzgerald,SO,QB,13,1375,2423,556,3798,6.83,292.2,mississippi_state
Aeris Williams,SO,RB,13,720,0,137,720,5.26,55.4,mississippi_state
Damian Williams,JR,QB,5,99,272,66,371,5.62,74.2,mississippi_state
Ashton Shumpert,SR,RB,13,257,0,55,257,4.67,19.8,mississippi_state
Brandon Holloway,SR,RB,9,226,0,50,226,4.52,25.1,mississippi_state
Malik Dear,SO,WR,12,124,0,17,124,7.29,10.3,mississippi_state
Keith Mixon,FR,WR,13,106,0,25,106,4.24,8.2,mississippi_state
Fred Ross,SR,WR,13,39,26,4,65,16.25,5.0,mississippi_state
Nick Gibson,FR,RB,3,57,0,9,57,6.33,19.0,mississippi_state
Dontavian Lee,SO,RB,13,27,0,7,27,3.86,2.1,mississippi_state
Nick Tiano,FR,QB,5,0,5,1,5,5.00,1.0,mississippi_state
Logan Cooke,JR,P,10,-2,0,1,-2,-2.00,-0.2,mississippi_state
Drew Lock,SO,QB,12,123,3399,486,3522,7.25,293.5,missouri
Damarea Crockett,FR,RB,11,1062,0,153,1062,6.94,96.5,missouri
Ish Witter,JR,RB,12,750,0,162,750,4.63,62.5,missouri
Marvin Zanders,SO,QB,8,198,114,47,312,6.64,39.0,missouri
Nate Strong,SO,RB,7,137,0,32,137,4.28,19.6,missouri
Johnathon Johnson,FR,WR,12,114,0,4,114,28.50,9.5,missouri
Alex Ross,SR,RB,10,71,0,24,71,2.96,7.1,missouri
Ryan Williams,FR,RB,1,51,0,9,51,5.67,51.0,missouri
Dimetrios Mason,FR,WR,12,29,0,2,29,14.50,2.4,missouri
Josh Augusta,SR,DL,12,15,0,10,15,1.50,1.3,missouri
Anthony Sherrils,JR,DB,12,14,0,1,14,14.00,1.2,missouri
Corey Fatony,SO,P,12,0,11,1,11,11.00,0.9,missouri
Eric Laurent,SR,WR,12,-10,21,2,11,5.50,0.9,missouri
Richaud Floyd,FR,WR,9,5,0,1,5,5.00,0.6,missouri
Will Worth,SR,QB,12,1198,1397,381,2595,6.81,216.3,navy
Zach Abey,SO,QB,5,384,352,105,736,7.01,147.2,navy
Chris High,JR,FB,11,546,0,85,546,6.42,49.6,navy
Dishan Romine,SR,SB,14,463,0,48,463,9.65,33.1,navy
Shawn White,SR,FB,14,450,0,79,450,5.70,32.1,navy
Toneo Gulley,SR,SB,12,427,0,43,427,9.93,35.6,navy
Darryl Bonner,JR,SB,11,227,0,29,227,7.83,20.6,navy
Calvin Cass Jr.,SR,SB,13,169,0,31,169,5.45,13.0,navy
Tago Smith,SR,QB,1,97,45,11,142,12.91,142.0,navy
Myles Swain,SR,FB,7,121,0,22,121,5.50,17.3,navy
Malcolm Perry,FR,QB,3,73,0,9,73,8.11,24.3,navy
Tre Walker,SO,SB,13,71,0,14,71,5.07,5.5,navy
Jahmaal Daniel,JR,SB,4,59,0,5,59,11.80,14.8,navy
Josh Brown,JR,SB,8,33,0,4,33,8.25,4.1,navy
Anthony Gargiulo,SO,FB,3,29,0,9,29,3.22,9.7,navy
Jamir Tillman,SR,WR,14,14,0,2,14,7.00,1.0,navy
Kendrick Mouton,SR,SB,6,11,0,2,11,5.50,1.8,navy
Joshua Walker,JR,SB,4,5,0,3,5,1.67,1.3,navy
Tommy Armstrong Jr.,SR,QB,11,512,2180,407,2692,6.61,244.7,nebraska
Terrell Newby,SR,RB,13,879,0,190,879,4.63,67.6,nebraska
Ryker Fyfe,SR,QB,8,-28,558,115,530,4.61,66.3,nebraska
Devine Ozigbo,SO,RB,10,412,0,97,412,4.25,41.2,nebraska
Tre Bryant,FR,RB,12,172,0,43,172,4.00,14.3,nebraska
Mikale Wilbon,SO,RB,10,89,0,15,89,5.93,8.9,nebraska
Alonzo Moore,SR,WR,11,58,0,4,58,14.50,5.3,nebraska
Brandon Reilly,SR,WR,10,46,0,8,46,5.75,4.6,nebraska
Cethan Carter,SR,TE,10,34,0,3,34,11.33,3.4,nebraska
De'Mornay Pierson-El,JR,WR,13,34,0,14,34,2.43,2.6,nebraska
Jordan Westerkamp,SR,WR,10,18,0,3,18,6.00,1.8,nebraska
Zack Darlington,SO,WR,12,0,14,6,14,2.33,1.2,nebraska
Caleb Lightbourn,FR,P,12,4,0,1,4,4.00,0.3,nebraska
Luke McNitt,JR,FB,13,4,0,2,4,2.00,0.3,nebraska
Stanley Morgan Jr.,SO,WR,13,0,0,1,0,0.00,0.0,nebraska
Ty Gangi,SO,QB,10,217,1301,221,1518,6.87,151.8,nevada
James Butler,JR,RB,12,1336,0,260,1336,5.14,111.3,nevada
Tyler Stewart,SR,QB,8,95,1161,227,1256,5.53,157.0,nevada
Jaxson Kincaide,FR,RB,12,334,0,78,334,4.28,27.8,nevada
Andrew Celis,SO,WR,12,9,36,5,45,9.00,3.8,nevada
Ahki Muhammad,SO,WR,10,39,0,6,39,6.50,3.9,nevada
Akeel Lynch,SR,RB,4,29,0,8,29,3.63,7.3,nevada
Blake Wright,SO,RB,10,26,0,7,26,3.71,2.6,nevada
Kelton Moore,FR,RB,11,10,0,2,10,5.00,0.9,nevada
Asauni Rufus,SO,DB,12,4,0,4,4,1.00,0.3,nevada
Lamar Jordan,JR,QB,12,739,681,189,1420,7.51,118.3,new_mexico
Teriyon Gipson,SR,RB,11,1269,0,145,1269,8.75,115.4,new_mexico
Tyrone Owens,SO,RB,12,1097,0,137,1097,8.01,91.4,new_mexico
Austin Apodaca,SR,QB,10,181,654,129,835,6.47,83.5,new_mexico
Richard McQuarley,JR,RB,13,656,0,143,656,4.59,50.5,new_mexico
Daryl Chestnut,JR,RB,13,255,0,57,255,4.47,19.6,new_mexico
Diquon Woodhouse,SO,RB,12,232,0,27,232,8.59,19.3,new_mexico
JaJuan Lawson,SO,QB,4,67,54,17,121,7.12,30.3,new_mexico
Javohn Jones,FR,RB,4,37,0,6,37,6.17,9.3,new_mexico
Dameon Gamblin,SR,WR,13,20,0,6,20,3.33,1.5,new_mexico
Q' Drennan,FR,WR,13,10,0,1,10,10.00,0.8,new_mexico
Emmanuel Harris,JR,WR,13,1,0,1,1,1.00,0.1,new_mexico
Tyler Rogers,SR,QB,11,333,2603,528,2936,5.56,266.9,new_mexico_state
Larry Rose III,JR,RB,9,865,0,159,865,5.44,96.1,new_mexico_state
Xavier Hall,SR,RB,12,396,0,80,396,4.95,33.0,new_mexico_state
Conner Cramer,JR,QB,8,184,188,61,372,6.10,46.5,new_mexico_state
Jason Huntley,FR,RB,11,167,0,40,167,4.18,15.2,new_mexico_state
Nick Jeanty,SO,QB,4,-1,108,20,107,5.35,26.8,new_mexico_state
Gamar Girdy,FR,WR,12,64,0,10,64,6.40,5.3,new_mexico_state
Tyrian Taylor,SR,WR,12,5,31,2,36,18.00,3.0,new_mexico_state
Royce Caldwell,SO,WR,7,35,0,7,35,5.00,5.0,new_mexico_state
Johnathan Boone,SO,WR,12,0,9,1,9,9.00,0.8,new_mexico_state
Tre Wilcoxen,JR,LB,7,-1,0,1,-1,-1.00,-0.1,new_mexico_state
King Burke,JR,RB,4,-1,0,1,-1,-1.00,-0.3,new_mexico_state
Mitch Trubisky,JR,QB,13,308,3748,540,4056,7.51,312.0,north_carolina
Elijah Hood,JR,TB,11,858,0,145,858,5.92,78.0,north_carolina
T.J. Logan,SR,TB,13,650,0,120,650,5.42,50.0,north_carolina
Nathan Elliott,FR,QB,4,2,55,10,57,5.70,14.3,north_carolina
Khris Francis,SR,TB,13,49,0,15,49,3.27,3.8,north_carolina
Jordon Brown,FR,RB,5,45,0,20,45,2.25,9.0,north_carolina
Ryan Switzer,SR,WR,13,14,0,4,14,3.50,1.1,north_carolina
Austin Proehl,JR,WR,13,0,8,1,8,8.00,0.6,north_carolina
Anthony Ratliff-Williams,FR,WR,13,-10,0,2,-10,-5.00,-0.8,north_carolina
Tom Sheldon,FR,P,13,-18,0,1,-18,-18.00,-1.4,north_carolina
Ryan Finley,SO,QB,13,94,3055,476,3149,6.62,242.2,north_carolina_state
Matthew Dayes,SR,RB,13,1166,0,249,1166,4.68,89.7,north_carolina_state
Jalan McClendon,SO,QB,10,145,176,65,321,4.94,32.1,north_carolina_state
Jaylen Samuels,JR,TE,13,189,59,34,248,7.29,19.1,north_carolina_state
Reggie Gallaspy II,SO,RB,12,234,0,49,234,4.78,19.5,north_carolina_state
Dakwa Nichols,JR,RB,11,98,0,19,98,5.16,8.9,north_carolina_state
Gavin Locklear,JR,WR,11,0,66,3,66,22.00,6.0,north_carolina_state
Johnny Frasier,FR,RB,5,64,0,18,64,3.56,12.8,north_carolina_state
Nyheim Hines,SO,RB,12,44,0,13,44,3.38,3.7,north_carolina_state
Jakobi Meyers,FR,QB,13,6,27,4,33,8.25,2.5,north_carolina_state
Brady Bodine,SO,RB,12,14,0,3,14,4.67,1.2,north_carolina_state
Stephen Louis,SO,WR,13,3,0,1,3,3.00,0.2,north_carolina_state
Maurice Trowell,SO,WR,11,2,0,1,2,2.00,0.2,north_carolina_state
A.J. Cole III,SO,P,13,1,0,1,1,1.00,0.1,north_carolina_state
Mason Fine,FR,QB,10,118,1572,355,1690,4.76,169.0,north_texas
Alec Morris,SR,QB,6,-12,1126,202,1114,5.51,185.7,north_texas
Jeffery Wilson,JR,RB,11,936,0,169,936,5.54,85.1,north_texas
Willy Ivery,JR,RB,11,489,0,90,489,5.43,44.5,north_texas
Andrew Tucker,JR,RB,11,153,0,20,153,7.65,13.9,north_texas
Anthony Wyche,SO,RB,7,67,0,21,67,3.19,9.6,north_texas
Eric Keena,SR,P,13,27,10,3,37,12.33,2.8,north_texas
Sam Rice,SR,OL,13,3,0,1,3,3.00,0.2,north_texas
Quinn Shanbour,JR,QB,1,0,0,2,0,0.00,0.0,north_texas
Tyler Wilson,FR,WR,12,-5,0,3,-5,-1.67,-0.4,north_texas
Anthony Maddie,SR,QB,7,558,1213,257,1771,6.89,253.0,northern_illinois
Joel Bouagnon,SR,TB,12,885,0,182,885,4.86,73.8,northern_illinois
Ryan Graham,SO,QB,9,187,680,171,867,5.07,96.3,northern_illinois
Jordan Huff,JR,TB,12,703,0,111,703,6.33,58.6,northern_illinois
Daniel Santacaterina,FR,QB,3,107,361,64,468,7.31,156.0,northern_illinois
Drew Hare,SR,QB,3,-19,425,75,406,5.41,135.3,northern_illinois
Kenny Golladay,SR,WR,12,192,0,20,192,9.60,16.0,northern_illinois
Aregeros Turner,SR,WR,12,167,0,25,167,6.68,13.9,northern_illinois
Tommy Mister,SO,TB,12,49,0,9,49,5.44,4.1,northern_illinois
Christian Blake,JR,WR,12,31,9,11,40,3.64,3.3,northern_illinois
D.J. Brown,SO,WR,12,31,0,6,31,5.17,2.6,northern_illinois
Ezra Saffold,JR,WR,10,18,0,4,18,4.50,1.8,northern_illinois
Clayton Glasper,SR,WR,12,7,0,2,7,3.50,0.6,northern_illinois
Spencer Tears,FR,WR,10,0,0,1,0,0.00,0.0,northern_illinois
Christian Hagan,JR,K,12,-9,0,1,-9,-9.00,-0.8,northern_illinois
Clayton Thorson,SO,QB,13,98,3182,575,3280,5.70,252.3,northwestern
Justin Jackson,JR,RB,13,1524,0,298,1524,5.11,117.2,northwestern
John Moten IV,FR,RB,13,340,0,57,340,5.96,26.2,northwestern
Solomon Vault,JR,WR,13,26,0,11,26,2.36,2.0,northwestern
Auston Anderson,SO,RB,4,22,0,7,22,3.14,5.5,northwestern
Warren Long,SR,RB,1,9,0,1,9,9.00,9.0,northwestern
Matt Alviti,JR,QB,4,3,2,5,5,1.00,1.3,northwestern
Jack Mitchell,SR,K,13,0,2,1,2,2.00,0.2,northwestern
Matt Micucci,SR,PK,11,0,0,1,0,0.00,0.0,northwestern
Andrew Scanlan,SR,WR,13,0,0,1,0,0.00,0.0,northwestern
Corey Acker,JR,RB,8,-2,0,4,-2,-0.50,-0.3,northwestern
Tom Hruby,SR,LB,1,-2,0,3,-2,-0.67,-2.0,northwestern
Jelani Roberts,SO,WR,9,-4,0,3,-4,-1.33,-0.4,northwestern
DeShone Kizer,JR,QB,12,472,2925,490,3397,6.93,283.1,notre_dame
Josh Adams,SO,RB,12,933,0,158,933,5.91,77.8,notre_dame
Tarean Folston,SR,RB,10,334,0,77,334,4.34,33.4,notre_dame
Dexter Williams,SO,RB,12,200,0,39,200,5.13,16.7,notre_dame
Malik Zaire,SR,QB,8,34,122,43,156,3.63,19.5,notre_dame
C.J. Sanders,SO,WR,12,22,0,4,22,5.50,1.8,notre_dame
Chase Claypool,FR,WR,12,9,0,1,9,9.00,0.8,notre_dame
Josh Anderson,SR,RB,2,4,0,1,4,4.00,2.0,notre_dame
Chris Finke,SO,WR,10,0,4,2,4,2.00,0.4,notre_dame
Torii Hunter Jr.,SR,WR,9,0,0,1,0,0.00,0.0,notre_dame
Greg Windham,SR,QB,11,406,1895,392,2301,5.87,209.2,ohio
Quinton Maxwell,FR,QB,10,193,1247,230,1440,6.26,144.0,ohio
Dorian Brown,JR,RB,13,825,0,158,825,5.22,63.5,ohio
Maleek Irons,SO,RB,9,439,0,95,439,4.62,48.8,ohio
Bo Hardy,SR,S,14,226,0,49,226,4.61,16.1,ohio
Papi White,SO,RB,12,206,0,47,206,4.38,17.2,ohio
A.J. Ouellette,JR,RB,1,45,0,3,45,15.00,45.0,ohio
Vinny Emanuele,FR,RB,2,32,0,11,32,2.91,16.0,ohio
DL Knock,FR,WR,7,10,0,5,10,2.00,1.4,ohio
Sebastian Smith,SR,WR,13,5,0,1,5,5.00,0.4,ohio
Kyle Belack,FR,WR,13,4,0,1,4,4.00,0.3,ohio
J.T. Barrett,JR,QB,13,845,2555,584,3400,5.82,261.5,ohio_state
Mike Weber,FR,RB,13,1096,0,182,1096,6.02,84.3,ohio_state
Curtis Samuel,JR,HB,13,771,0,97,771,7.95,59.3,ohio_state
Joe Burrow,FR,QB,6,58,226,40,284,7.10,47.3,ohio_state
Demario McCall,FR,RB,6,270,0,49,270,5.51,45.0,ohio_state
Dontre Wilson,SR,WR,12,78,0,16,78,4.88,6.5,ohio_state
Parris Campbell,SO,WR,13,54,0,4,54,13.50,4.2,ohio_state
Antonio Williams,FR,RB,1,28,0,6,28,4.67,28.0,ohio_state
Johnnie Dixon,SO,WR,7,5,0,1,5,5.00,0.7,ohio_state
Cameron Johnston,SR,P,13,3,0,1,3,3.00,0.2,ohio_state
Baker Mayfield,JR,QB,13,177,3965,436,4142,9.50,318.6,oklahoma
Joe Mixon,SO,RB,12,1274,26,188,1300,6.91,108.3,oklahoma
Samaje Perine,JR,RB,10,1060,0,196,1060,5.41,106.0,oklahoma
Abdul Adams,FR,RB,7,283,0,53,283,5.34,40.4,oklahoma
Austin Kendall,FR,QB,2,8,143,28,151,5.39,75.5,oklahoma
Dimitri Flowers,JR,FB,13,115,0,22,115,5.23,8.8,oklahoma
Dede Westbrook,SR,WR,13,101,0,12,101,8.42,7.8,oklahoma
Jarvis Baxter,SR,WR,9,44,0,2,44,22.00,4.9,oklahoma
Devin Montgomery,FR,RB,1,16,0,5,16,3.20,16.0,oklahoma
Jordan Smallwood,JR,WR,13,9,0,1,9,9.00,0.7,oklahoma
Mykel Jones,FR,WR,11,7,0,1,7,7.00,0.6,oklahoma
Najee Bissoon,JR,RB,2,4,0,1,4,4.00,2.0,oklahoma
Daniel Brooks,SR,RB,2,0,0,2,0,0.00,0.0,oklahoma
Mason Rudolph,JR,QB,13,61,4091,531,4152,7.82,319.4,oklahoma_state
Justice Hill,FR,RB,13,1142,0,206,1142,5.54,87.8,oklahoma_state
Chris Carson,SR,RB,9,559,24,84,583,6.94,64.8,oklahoma_state
Rennie Childs,SR,RB,12,237,0,52,237,4.56,19.8,oklahoma_state
Barry J. Sanders,SR,RB,13,93,0,28,93,3.32,7.2,oklahoma_state
Taylor Cornelius,SO,QB,2,28,64,15,92,6.13,46.0,oklahoma_state
Jeff Carr,SO,RB,7,83,0,12,83,6.92,11.9,oklahoma_state
James Washington,JR,WR,13,28,0,4,28,7.00,2.2,oklahoma_state
John Kolar,FR,QB,1,18,8,4,26,6.50,26.0,oklahoma_state
Austin Hays,SR,WR,13,0,22,1,22,22.00,1.7,oklahoma_state
Jalen McCleskey,SO,WR,13,9,0,4,9,2.25,0.7,oklahoma_state
Jhajuan Seales,SR,WR,13,3,0,1,3,3.00,0.2,oklahoma_state
Dillon Stoner,FR,WR,4,0,2,2,2,1.00,0.5,oklahoma_state
Keegan Metcalf,SR,FB,13,0,0,1,0,0.00,0.0,oklahoma_state
David Washington,SR,QB,13,207,2836,407,3043,7.48,234.1,old_dominion
Ray Lawry,JR,RB,12,1255,0,200,1255,6.28,104.6,old_dominion
Jeremy Cox,SO,RB,12,732,0,129,732,5.67,61.0,old_dominion
Zach Pascal,SR,WR,13,145,0,23,145,6.30,11.2,old_dominion
Blake LaRussa,FR,QB,10,-14,140,30,126,4.20,12.6,old_dominion
Gemonta Jackson,FR,RB,6,103,0,22,103,4.68,17.2,old_dominion
Josh Marriner,JR,RB,13,84,0,23,84,3.65,6.5,old_dominion
Shuler Bentley,SO,QB,2,0,66,10,66,6.60,33.0,old_dominion
Brandon Simmons,JR,RB,7,45,0,11,45,4.09,6.4,old_dominion
Bailey Cate,FR,P,13,7,0,2,7,3.50,0.5,old_dominion
Justin Cooper,SO,RB,9,6,0,2,6,3.00,0.7,old_dominion
Isaiah Harper,SO,WR,13,2,0,2,2,1.00,0.2,old_dominion
Kesean Strong,SO,WR,12,-1,0,3,-1,-0.33,-0.1,old_dominion
Justin Herbert,FR,QB,9,161,1936,313,2097,6.70,233.0,oregon
Dakota Prukop,,QB,6,171,1214,197,1385,7.03,230.8,oregon
Royce Freeman,JR,RB,11,945,0,168,945,5.63,85.9,oregon
Tony Brooks-James,SO,RB,12,771,0,101,771,7.63,64.3,oregon
Kani Benoit,JR,RB,10,300,0,51,300,5.88,30.0,oregon
Taj Griffin,SO,RB,8,183,0,37,183,4.95,22.9,oregon
Jarret LaCoste,SR,RB,2,57,0,11,57,5.18,28.5,oregon
Charles Nelson,JR,WR,12,37,0,4,37,9.25,3.1,oregon
Jalen Brown,SO,WR,12,0,33,1,33,33.00,2.8,oregon
Danny Mattingly,JR,LB,12,29,0,1,29,29.00,2.4,oregon
Khalil Oliver,SO,DB,12,16,0,1,16,16.00,1.3,oregon
Casey Eugenio,SO,WR,2,15,0,1,15,15.00,7.5,oregon
Dwayne Stanford,SR,WR,5,14,0,0,14,-,2.8,oregon
Devon Allen,JR,WR,3,13,0,3,13,4.33,4.3,oregon
Darren Carrington II,JR,WR,12,6,0,1,6,6.00,0.5,oregon
Brady Aiello,FR,OL,12,2,0,0,2,-,0.2,oregon
Marcus McMaryion,SO,QB,8,75,1286,199,1361,6.84,170.1,oregon_state
Ryan Nall,SO,RB,11,951,0,147,951,6.47,86.5,oregon_state
Darell Garretson,JR,QB,6,174,617,187,791,4.23,131.8,oregon_state
Artavis Pierce,FR,RB,11,523,0,98,523,5.34,47.5,oregon_state
Victor Bolden Jr.,SR,WR,12,329,0,28,329,11.75,27.4,oregon_state
Conor Blount,FR,QB,4,4,183,49,187,3.82,46.8,oregon_state
Tim Cook,SR,RB,12,137,0,30,137,4.57,11.4,oregon_state
Paul Lucas,SO,WR,12,113,0,33,113,3.42,9.4,oregon_state
Seth Collins,SO,WR,10,30,0,17,30,1.76,3.0,oregon_state
Timmy Hernandez,SO,WR,12,8,0,1,8,8.00,0.7,oregon_state
Trevon Bradford,FR,WR,8,4,0,1,4,4.00,0.5,oregon_state
Trace McSorley,SO,QB,14,365,3614,533,3979,7.47,284.2,penn_state
Saquon Barkley,SO,RB,14,1496,0,272,1496,5.50,106.9,penn_state
Tommy Stevens,FR,QB,7,198,36,24,234,9.75,33.4,penn_state
Miles Sanders,FR,RB,13,184,0,25,184,7.36,14.2,penn_state
Andre Robinson,FR,RB,12,141,0,29,141,4.86,11.8,penn_state
Mark Allen,SO,RB,13,115,0,29,115,3.97,8.8,penn_state
Chris Godwin,JR,WR,14,13,0,1,13,13.00,0.9,penn_state
Irvine Paye,JR,RB,1,7,0,1,7,7.00,7.0,penn_state
DaeSean Hamilton,JR,WR,14,-12,0,1,-12,-12.00,-0.9,penn_state
Nathan Peterman,SR,QB,13,286,2855,378,3141,8.31,241.6,pittsburgh
James Conner,JR,RB,13,1092,0,216,1092,5.06,84.0,pittsburgh
Quadree Henderson,SO,WR,13,631,0,60,631,10.52,48.5,pittsburgh
Chawntez Moss,FR,RB,10,227,0,42,227,5.40,22.7,pittsburgh
Darrin Hall,SO,RB,12,160,0,36,160,4.44,13.3,pittsburgh
Qadree Ollison,SO,RB,13,127,0,33,127,3.85,9.8,pittsburgh
Maurice Ffrench,FR,WR,8,122,0,12,122,10.17,15.3,pittsburgh
Jordan Whitehead,SO,DB,9,98,0,9,98,10.89,10.9,pittsburgh
George Aston,SO,FB,12,75,0,22,75,3.41,6.3,pittsburgh
Tre Tipton,FR,WR,9,61,11,12,72,6.00,8.0,pittsburgh
Ben DiNucci,FR,QB,2,18,16,11,34,3.09,17.0,pittsburgh
Rafael Araujo-Lopes,SO,WR,13,32,0,6,32,5.33,2.5,pittsburgh
Brian O'Neill,SO,OL,13,29,0,4,29,7.25,2.2,pittsburgh
Manny Stocker,SR,QB,6,9,0,2,9,4.50,1.5,pittsburgh
Dontez Ford,SR,WR,8,8,0,3,8,2.67,1.0,pittsburgh
Ryan Winslow,JR,P,13,0,0,2,0,0.00,0.0,pittsburgh
David Blough,SO,QB,12,13,3352,597,3365,5.64,280.4,purdue
Markell Jones,SO,RB,11,616,0,154,616,4.00,56.0,purdue
Brian Lankford-Johnson,FR,RB,12,314,0,48,314,6.54,26.2,purdue
Elijah Sindelar,FR,QB,5,9,165,36,174,4.83,34.8,purdue
Richie Worship,FR,RB,8,133,0,35,133,3.80,16.6,purdue
Bilal Marshall,SR,WR,12,14,22,15,36,2.40,3.0,purdue
Tario Fuller,FR,RB,10,30,0,10,30,3.00,3.0,purdue
David Yancey,JR,RB,9,26,0,7,26,3.71,2.9,purdue
Cameron Posey,SR,WR,12,10,0,3,10,3.33,0.8,purdue
Malik Kimbrough,JR,WR,11,1,0,4,1,0.25,0.1,purdue
Jack Wegher,FR,RB,6,-5,0,4,-5,-1.25,-0.8,purdue
Tyler Stehling,SR,QB,11,309,2049,417,2358,5.65,214.4,rice
Samuel Stewart,SO,RB,8,479,0,76,479,6.30,59.9,rice
Darik Dillard,SR,RB,11,452,0,95,452,4.76,41.1,rice
Jackson Tyner,FR,QB,5,44,318,87,362,4.16,72.4,rice
Austin Walter,SO,RB,12,343,0,68,343,5.04,28.6,rice
Jowan Davis,SR,RB,11,299,0,71,299,4.21,27.2,rice
Nate German,JR,QB,12,51,68,22,119,5.41,9.9,rice
J.T. Granato,FR,QB,5,-6,96,26,90,3.46,18.0,rice
Emmanuel Esukpa,FR,RB,10,56,0,17,56,3.29,5.6,rice
Kylen Granson,FR,WR,8,41,0,4,41,10.25,5.1,rice
James Mayden,JR,WR,9,0,27,1,27,27.00,3.0,rice
Temi Alaka,JR,WR,12,0,24,1,24,24.00,2.0,rice
Nahshon Ellerbe,FR,RB,10,2,0,2,2,1.00,0.2,rice
Darrion Pollard,SR,WR,4,-1,0,2,-1,-0.50,-0.3,rice
Giovanni Rescigno,SO,QB,7,107,889,222,996,4.49,142.3,rutgers
Chris Laviano,JR,QB,7,52,748,190,800,4.21,114.3,rutgers
Robert Martin,JR,RB,10,625,0,121,625,5.17,62.5,rutgers
Justin Goodwin,SR,RB,12,517,0,118,517,4.38,43.1,rutgers
Janarion Grant,SR,WR,4,138,21,17,159,9.35,39.8,rutgers
Josh Hicks,JR,RB,10,157,0,45,157,3.49,15.7,rutgers
Tylin Oden,FR,QB,6,144,2,45,146,3.24,24.3,rutgers
Trey Sneed,FR,RB,12,53,0,16,53,3.31,4.4,rutgers
Dacoven Bailey,FR,WR,12,2,0,4,2,0.50,0.2,rutgers
Zach Allen,JR,QB,2,-5,-1,25,-6,-0.24,-3.0,rutgers
Jawuan Harris,FR,WR,12,-15,0,7,-15,-2.14,-1.3,rutgers
Donnel Pumphrey,SR,RB,14,2133,0,350,2133,6.09,152.4,san_diego_state
Christian Chapman,SO,QB,14,63,1994,322,2057,6.39,146.9,san_diego_state
Rashaad Penny,JR,RB,14,1018,0,136,1018,7.49,72.7,san_diego_state
Juwan Washington,FR,RB,14,441,0,55,441,8.02,31.5,san_diego_state
Ryan Agnew,FR,QB,5,33,29,7,62,8.86,12.4,san_diego_state
Quest Truxton,JR,WR,14,44,0,2,44,22.00,3.1,san_diego_state
Tyler Wormhoudt,FR,RB,2,8,0,2,8,4.00,4.0,san_diego_state
Nick Bawden,JR,FB,13,4,0,1,4,4.00,0.3,san_diego_state
Kendrick Mathis,SR,WR,9,-4,0,1,-4,-4.00,-0.4,san_diego_state
Kenny Potter,SR,QB,11,330,2273,446,2603,5.84,236.6,san_jose_state
Malik Roberson,SO,RB,12,508,0,101,508,5.03,42.3,san_jose_state
Deontae Cooper,SR,RB,11,484,0,112,484,4.32,44.0,san_jose_state
Zamore Zigler,FR,RB,8,423,0,79,423,5.35,52.9,san_jose_state
Josh Love,FR,QB,12,-41,392,74,351,4.74,29.3,san_jose_state
Tim Crawley,SR,WR,12,91,0,18,91,5.06,7.6,san_jose_state
Rahshead Johnson,SO,WR,10,53,0,8,53,6.63,5.3,san_jose_state
Bailey Gaither,FR,WR,12,19,0,3,19,6.33,1.6,san_jose_state
Tre Hartley,SO,WR,10,18,0,1,18,18.00,1.8,san_jose_state
Shane Smith,SR,RB,12,10,0,2,10,5.00,0.8,san_jose_state
Ben Hicks,FR,QB,12,-83,2930,463,2847,6.15,237.3,smu
Braeden West,SO,RB,12,1036,0,202,1036,5.13,86.3,smu
Ke'Mon Freeman,FR,RB,12,651,43,158,694,4.39,57.8,smu
Matt Davis,SR,QB,1,91,155,31,246,7.94,246.0,smu
Xavier Jones,SO,RB,2,140,0,15,140,9.33,70.0,smu
Darrel Colbert Jr.,SO,QB,5,30,38,19,68,3.58,13.6,smu
Jordan Carmouche,FR,RB,3,46,0,15,46,3.07,15.3,smu
Myron Gailliard,FR,WR,9,24,0,12,24,2.00,2.7,smu
Kevin Johnson,FR,DB,12,17,0,2,17,8.50,1.4,smu
James Proche,FR,WR,12,15,2,6,17,2.83,1.4,smu
Jamie Sackville,FR,P,12,7,0,2,7,3.50,0.6,smu
Jerry Saena,JR,OL,12,3,0,0,3,-,0.3,smu
Joseph Paden,SR,RB,5,2,0,1,2,2.00,0.4,smu
Dallas Davis,SO,QB,11,245,2706,440,2951,6.71,268.3,south_alabama
Xavier Johnson,JR,RB,12,831,0,151,831,5.50,69.3,south_alabama
Cole Garvin,SO,QB,6,13,463,82,476,5.80,79.3,south_alabama
Dami Ayoola,SR,RB,13,377,0,88,377,4.28,29.0,south_alabama
Tyreis Thomas,SR,RB,9,300,0,73,300,4.11,33.3,south_alabama
Deonta Moore,SO,RB,13,111,0,26,111,4.27,8.5,south_alabama
Milton Revell,SR,RB,13,34,0,11,34,3.09,2.6,south_alabama
Carlos Robinson II,JR,RB,13,2,0,1,2,2.00,0.2,south_alabama
Grant Powell,SR,TE,12,0,0,1,0,0.00,0.0,south_alabama
Jake Bentley,FR,QB,7,-15,1420,240,1405,5.85,200.7,south_carolina
Rico Dowdle,FR,RB,9,764,0,133,764,5.74,84.9,south_carolina
Brandon McIlwain,FR,QB,8,127,600,181,727,4.02,90.9,south_carolina
Perry Orth,SR,QB,6,-59,661,106,602,5.68,100.3,south_carolina
A.J. Turner,FR,RB,12,497,0,116,497,4.28,41.4,south_carolina
David Williams,JR,RB,9,239,0,56,239,4.27,26.6,south_carolina
Deebo Samuel,SO,WR,10,98,33,16,131,8.19,13.1,south_carolina
Rod Talley,JR,RB,12,62,0,11,62,5.64,5.2,south_carolina
Sean Kelly,SR,P,13,0,36,1,36,36.00,2.8,south_carolina
Hayden Hurst,SO,TE,13,9,21,4,30,7.50,2.3,south_carolina
Darius Paulk,SR,RB,11,24,0,3,24,8.00,2.2,south_carolina
Randrecous Davis,FR,WR,2,7,0,1,7,7.00,3.5,south_carolina
Jamari Smith,JR,WR,11,7,0,2,7,3.50,0.6,south_carolina
Quinton Flowers,JR,QB,13,1530,2812,529,4342,8.21,334.0,south_florida
Marlon Mack,JR,RB,12,1187,0,174,1187,6.82,98.9,south_florida
D'Ernest Johnson,JR,RB,13,543,0,112,543,4.85,41.8,south_florida
Rodney Adams,SR,WR,13,231,0,23,231,10.04,17.8,south_florida
Darius Tice,SR,RB,5,169,0,30,169,5.63,33.8,south_florida
Brett Kean,FR,QB,8,-9,129,30,120,4.00,15.0,south_florida
Trevon Sands,FR,RB,9,26,0,8,26,3.25,2.9,south_florida
Deangelo Antoine,FR,WR,9,12,0,2,12,6.00,1.3,south_florida
Tyre McCants,SO,WR,13,12,0,2,12,6.00,0.9,south_florida
Chris Barr,SO,WR,10,8,0,3,8,2.67,0.8,south_florida
Jordan Reed,SO,WR,4,6,0,1,6,6.00,1.5,south_florida
Zaybreion Gunter,JR,RB,1,5,0,1,5,5.00,5.0,south_florida
Marquez Valdes-Scantling,JR,WR,13,4,0,2,4,2.00,0.3,south_florida
Nick Mullens,SR,QB,11,-54,3272,435,3218,7.40,292.5,southern_mississippi
Ito Smith,JR,RB,13,1459,0,265,1459,5.51,112.2,southern_mississippi
Keon Howard,FR,QB,4,150,365,94,515,5.48,128.8,southern_mississippi
George Payne,JR,RB,13,496,0,103,496,4.82,38.2,southern_mississippi
Parker Adamson,JR,QB,4,60,193,52,253,4.87,63.3,southern_mississippi
Tez Parks,SO,RB,12,163,0,34,163,4.79,13.6,southern_mississippi
Allenzae Staggers,JR,WR,13,39,47,5,86,17.20,6.6,southern_mississippi
Tyre'oune Holmes,JR,WR,9,30,0,4,30,7.50,3.3,southern_mississippi
Tyler Sarrazin,SR,P,13,10,0,2,10,5.00,0.8,southern_mississippi
Collin Kilcrease,SO,RB,9,8,0,3,8,2.67,0.9,southern_mississippi
Ja'Boree Poole,SR,DL,13,2,0,1,2,2.00,0.2,southern_mississippi
Chase Whitehead,SO,WR,12,1,0,1,1,1.00,0.1,southern_mississippi
D.J. Thompson,SR,WR,11,0,0,2,0,0.00,0.0,southern_mississippi
Isaiah Jones,JR,WR,12,-2,0,1,-2,-2.00,-0.2,southern_mississippi
Korey Robertson,SO,WR,13,-3,0,1,-3,-3.00,-0.2,southern_mississippi
Jordan Mitchell,SO,WR,2,-8,0,1,-8,-8.00,-4.0,southern_mississippi
Christian McCaffrey,JR,RB,11,1603,0,253,1603,6.34,145.7,stanford
Ryan Burns,SR,QB,11,3,1151,227,1154,5.08,104.9,stanford
Keller Chryst,JR,QB,12,159,905,177,1064,6.01,88.7,stanford
Bryce Love,SO,RB,12,783,0,111,783,7.05,65.3,stanford
Cameron Scarlett,SO,RB,10,117,0,38,117,3.08,11.7,stanford
Michael Rector,SR,WR,13,71,0,5,71,14.20,5.5,stanford
Pat McFadden,SR,RB,3,5,0,3,5,1.67,1.7,stanford
Daniel Marx,JR,FB,6,1,0,1,1,1.00,0.2,stanford
Taijuan Thomas,SR,WR,12,-4,0,1,-4,-4.00,-0.3,stanford
Eric Dungey,SO,QB,9,293,2679,480,2972,6.19,330.2,syracuse
Zack Mahoney,JR,QB,10,47,943,179,990,5.53,99.0,syracuse
Dontae Strickland,SO,RB,12,566,84,163,650,3.99,54.2,syracuse
Moe Neal,FR,RB,12,357,0,69,357,5.17,29.8,syracuse
Jordan Fredericks,SO,RB,10,139,0,28,139,4.96,13.9,syracuse
Austin Wilson,JR,QB,2,-7,116,29,109,3.76,54.5,syracuse
Brisly Estime,SR,WR,12,22,23,5,45,9.00,3.8,syracuse
Ervin Philips,JR,WR,12,18,10,7,28,4.00,2.3,syracuse
George Morris,SR,RB,7,8,0,3,8,2.67,1.1,syracuse
Sean Riley,FR,WR,12,6,0,1,6,6.00,0.5,syracuse
Sean Avant,JR,WR,7,0,0,1,0,0.00,0.0,syracuse
Kenny Hill,JR,QB,13,609,3208,565,3817,6.76,293.6,tcu
Kyle Hicks,JR,RB,13,1042,0,204,1042,5.11,80.2,tcu
Foster Sawyer,SO,QB,8,26,278,69,304,4.41,38.0,tcu
Darius Anderson,FR,RB,11,229,0,27,229,8.48,20.8,tcu
Trevorris Johnson,JR,RB,13,225,0,41,225,5.49,17.3,tcu
Derrick Green,SR,RB,10,141,0,38,141,3.71,14.1,tcu
Sewo Olonilua,FR,RB,13,122,0,15,122,8.13,9.4,tcu
KaVontae Turpin,SO,WR,8,84,0,9,84,9.33,10.5,tcu
Deant Gray,SR,WR,12,37,0,5,37,7.40,3.1,tcu
Adam Nunez,FR,P,13,18,0,1,18,18.00,1.4,tcu
Grayson Muehlstein,SO,QB,1,9,0,3,9,3.00,9.0,tcu
Preston Miller,SR,WR,2,2,0,3,2,0.67,1.0,tcu
John Diarse,JR,WR,13,0,0,2,0,0.00,0.0,tcu
Isaiah Graham,FR,WR,9,0,0,1,0,0.00,0.0,tcu
Connor Osborne,SR,WR,1,-5,0,1,-5,-5.00,-5.0,tcu
Phillip Walker,SR,QB,14,-100,3295,460,3195,6.95,228.2,temple
Jahad Thomas,SR,RB,12,953,0,207,953,4.60,79.4,temple
Ryquell Armstead,SO,RB,13,919,0,156,919,5.89,70.7,temple
Isaiah Wright,FR,WR,12,232,0,42,232,5.52,19.3,temple
Jager Gardner,SO,RB,11,111,0,29,111,3.83,10.1,temple
Nick Sharga,JR,FB,14,97,0,18,97,5.39,6.9,temple
David Hood,SO,RB,11,87,0,16,87,5.44,7.9,temple
Adonis Jennings,JR,WR,14,81,0,7,81,11.57,5.8,temple
Cortrelle Simpson,FR,WR,8,39,0,3,39,13.00,4.9,temple
Logan Marchi,FR,QB,6,-2,29,7,27,3.86,4.5,temple
Keith Kirkwood,JR,WR,14,20,0,2,20,10.00,1.4,temple
Freddie Johnson,FR,WR,2,17,0,1,17,17.00,8.5,temple
Randle Jones,FR,WR,8,13,0,2,13,6.50,1.6,temple
Rob Ritrovato,SO,FB,13,8,0,3,8,2.67,0.6,temple
Dion Dawkins,SR,OL,14,4,0,0,4,-,0.3,temple
Travon Williams,FR,WR,6,1,0,2,1,0.50,0.2,temple
Frank Nutile,SO,QB,3,0,0,2,0,0.00,0.0,temple
Marshall Ellick,SO,WR,10,-1,0,1,-1,-1.00,-0.1,temple
Brodrick Yancy,SO,WR,11,-4,0,1,-4,-4.00,-0.4,temple
Joshua Dobbs,SR,QB,13,831,2946,507,3777,7.45,290.5,tennessee
John Kelly,SO,RB,12,630,0,98,630,6.43,52.5,tennessee
Alvin Kamara,JR,RB,11,596,0,103,596,5.79,54.2,tennessee
Jalen Hurd,JR,RB,7,451,0,122,451,3.70,64.4,tennessee
Quinten Dormady,SO,QB,4,3,148,18,151,8.39,37.8,tennessee
Tyler Byrd,FR,WR,13,63,0,8,63,7.88,4.8,tennessee
Carlin Fils-aime,FR,RB,7,58,0,14,58,4.14,8.3,tennessee
Jeremy Lewis,FR,RB,2,34,0,6,34,5.67,17.0,tennessee
Jauan Jennings,SO,WR,13,27,4,7,31,4.43,2.4,tennessee
Evan Berry,JR,DB,9,6,0,1,6,6.00,0.7,tennessee
Sheriron Jones,FR,QB,1,0,2,1,2,2.00,2.0,tennessee
Michael Lacey,FR,WR,2,2,0,1,2,2.00,1.0,tennessee
Taeler Dowdy,FR,RB,2,1,0,2,1,0.50,0.5,tennessee
Josh Smith,JR,WR,12,-11,0,1,-11,-11.00,-0.9,tennessee
Shane Buechele,FR,QB,12,151,2958,488,3109,6.37,259.1,texas
DOnta Foreman,JR,RB,11,2028,0,323,2028,6.28,184.4,texas
Chris Warren III,SO,RB,4,366,0,62,366,5.90,91.5,texas
Tyrone Swoopes,SR,QB,11,174,66,63,240,3.81,21.8,texas
Kyle Porter,FR,RB,11,206,0,46,206,4.48,18.7,texas
Michael Dickson,SO,P,12,6,0,1,6,6.00,0.5,texas
Tristian Houston,FR,RB,3,3,0,3,3,1.00,1.0,texas
Jerrod Heard,SO,WR,11,-12,0,1,-12,-12.00,-1.1,texas
Trevor Knight,SR,QB,11,614,2432,464,3046,6.56,276.9,texas_a&m
Trayveon Williams,FR,RB,13,1057,0,156,1057,6.78,81.3,texas_a&m
Jake Hubenak,JR,QB,7,44,884,135,928,6.87,132.6,texas_a&m
Keith Ford,JR,RB,13,669,0,126,669,5.31,51.5,texas_a&m
Kendall Bussey,FR,RB,5,172,0,20,172,8.60,34.4,texas_a&m
James White,JR,RB,12,109,0,24,109,4.54,9.1,texas_a&m
Kwame Etwi,SO,RB,4,63,0,10,63,6.30,15.8,texas_a&m
Christian Kirk,SO,WR,13,35,0,10,35,3.50,2.7,texas_a&m
Conner McQueen,SR,QB,13,9,1,2,10,5.00,0.8,texas_a&m
Tyler Jones,SR,QB,11,-8,2186,458,2178,4.76,198.0,texas_state
Stedman Mayberry,SO,RB,12,593,0,157,593,3.78,49.4,texas_state
Connor White,SO,QB,5,91,223,73,314,4.30,62.8,texas_state
Eddie Printz,JR,QB,11,49,208,42,257,6.12,23.4,texas_state
Tyler Siudzinski,SR,RB,10,223,0,57,223,3.91,22.3,texas_state
Thurman Morbley,FR,WR,11,36,0,5,36,7.20,3.3,texas_state
Tyler Tutt,FR,RB,4,24,0,11,24,2.18,6.0,texas_state
L.G. Williams,FR,QB,5,0,22,1,22,22.00,4.4,texas_state
Anthony D. Taylor,FR,RB,9,21,0,11,21,1.91,2.3,texas_state
Jericho Worrell,JR,RB,8,17,0,12,17,1.42,2.1,texas_state
Nikolas Daniels,FR,LB,12,3,0,1,3,3.00,0.3,texas_state
Tyler Watts,SO,WR,12,0,0,3,0,0.00,0.0,texas_state
A.J. Krawczyk,SO,WR,10,-6,0,1,-6,-6.00,-0.6,texas_state
Patrick Mahomes II,JR,QB,12,285,5052,722,5337,7.39,444.8,texas_tech
Nic Shimonek,JR,QB,4,-31,464,63,433,6.87,108.3,texas_tech
Da'Leon Ward,FR,RB,9,428,0,103,428,4.16,47.6,texas_tech
Demarcus Felton,SO,RB,11,354,0,64,354,5.53,32.2,texas_tech
Justin Stockton,JR,RB,11,154,0,53,154,2.91,14.0,texas_tech
Michael Barden,SO,PK,11,14,15,3,29,9.67,2.6,texas_tech
Cameron Batson,JR,WR,12,4,25,4,29,7.25,2.4,texas_tech
"Quinton White, Jr.",SR,RB,11,28,0,13,28,2.15,2.5,texas_tech
Corey Dauphine,FR,RB,3,25,0,2,25,12.50,8.3,texas_tech
Caleb Woodward,JR,RB,4,2,0,1,2,2.00,0.5,texas_tech
Keke Coutee,SO,WR,12,2,0,3,2,0.67,0.2,texas_tech
Talor Nunez,JR,DL,12,-6,0,1,-6,-6.00,-0.5,texas_tech
Erik Baughman,FR,PK,1,-7,0,1,-7,-7.00,-7.0,texas_tech
Logan Woodside,JR,QB,13,-40,4129,455,4089,8.99,314.5,toledo
Kareem Hunt,SR,RB,13,1475,0,262,1475,5.63,113.5,toledo
Terry Swanson,JR,RB,13,583,0,116,583,5.03,44.8,toledo
Damion Jones-Moore,SR,RB,12,279,0,50,279,5.58,23.3,toledo
Art Thompkins,FR,RB,12,235,0,29,235,8.10,19.6,toledo
Michael Julian,JR,QB,4,7,67,7,74,10.57,18.5,toledo
Brad Smith,JR,RB,4,19,0,6,19,3.17,4.8,toledo
Corey Jones,SR,WR,13,6,0,2,6,3.00,0.5,toledo
Brandon Silvers,JR,QB,13,128,3180,508,3308,6.51,254.5,troy
Jordan Chunn,JR,RB,13,1288,0,280,1288,4.60,99.1,troy
Josh Anderson,JR,RB,13,280,0,56,280,5.00,21.5,troy
Sawyer Smith,FR,QB,6,73,181,44,254,5.77,42.3,troy
B.J. Smith,FR,RB,13,161,0,29,161,5.55,12.4,troy
Jabir Frye,FR,RB,10,139,0,20,139,6.95,13.9,troy
Kaleb Barker,FR,QB,10,101,9,13,110,8.46,11.0,troy
Sidney Davis,SO,WR,13,57,0,6,57,9.50,4.4,troy
Andre Flakes,JR,RB,13,23,0,5,23,4.60,1.8,troy
John Johnson,JR,WR,12,0,16,1,16,16.00,1.3,troy
Tevaris McCormick,JR,WR,11,2,0,2,2,1.00,0.2,troy
Deondre Douglas,SO,WR,13,1,0,1,1,1.00,0.1,troy
Ryan Kay,SR,K,13,-6,0,1,-6,-6.00,-0.5,troy
Glen Cuiellette,SO,QB,12,216,1309,357,1525,4.27,127.1,tulane
Dontrell Hilliard,JR,RB,12,759,0,135,759,5.62,63.3,tulane
Josh Rounds,SR,RB,12,758,0,125,758,6.06,63.2,tulane
Lazedrick Thompson,SR,RB,12,506,0,87,506,5.82,42.2,tulane
Johnathan Brantley,FR,QB,8,202,51,67,253,3.78,31.6,tulane
Sherman Badie,JR,RB,8,169,0,43,169,3.93,21.1,tulane
Terren Encalade,SO,WR,12,41,0,5,41,8.20,3.4,tulane
Andrew Zuckerman,FR,RB,3,26,0,4,26,6.50,8.7,tulane
Darnell Mooney,FR,WR,12,22,0,4,22,5.50,1.8,tulane
Darius Bradwell,FR,QB,2,21,0,8,21,2.63,10.5,tulane
Tre Jackson,FR,DB,3,12,0,3,12,4.00,4.0,tulane
Devin Glenn,SO,WR,11,9,0,2,9,4.50,0.8,tulane
Jared Bertrand,SO,RB,1,7,0,1,7,7.00,7.0,tulane
Trey Scott,JR,WR,9,7,0,2,7,3.50,0.8,tulane
Dane Evans,SR,QB,13,-29,3348,482,3319,6.89,255.3,tulsa
James Flanders,SR,RB,13,1629,0,258,1629,6.31,125.3,tulsa
D'Angelo Brewer,JR,RB,12,1435,0,264,1435,5.44,119.6,tulsa
Raymond Taylor,SR,RB,12,211,0,46,211,4.59,17.6,tulsa
Rowdy Simon,JR,RB,13,102,0,18,102,5.67,7.8,tulsa
Ryan Rubley,JR,QB,4,0,92,16,92,5.75,23.0,tulsa
Chad President,SO,QB,1,33,9,5,42,8.40,42.0,tulsa
Keevan Lucas,SR,WR,13,37,0,6,37,6.17,2.8,tulsa
Keenen Johnson,FR,ATH,8,10,0,2,10,5.00,1.3,tulsa
Javon Thomas,FR,RB,1,8,0,2,8,4.00,8.0,tulsa
Corey Taylor II,FR,RB,6,4,0,5,4,0.80,0.7,tulsa
McKenzie Milton,FR,QB,10,158,1983,436,2141,4.91,214.1,ucf
Justin Holman,SR,QB,7,125,510,120,635,5.29,90.7,ucf
Jawon Hamilton,FR,RB,13,495,0,139,495,3.56,38.1,ucf
Dontravious Wilson,SR,RB,12,463,0,121,463,3.83,38.6,ucf
Adrian Killins,FR,RB,13,325,0,50,325,6.50,25.0,ucf
Nick Patti,SR,QB,12,47,137,34,184,5.41,15.3,ucf
Taj McGowan,SO,RB,13,156,0,35,156,4.46,12.0,ucf
Tristan Payton,SO,WR,10,-1,96,6,95,15.83,9.5,ucf
C.J. Jones,SO,RB,3,29,0,6,29,4.83,9.7,ucf
Cedric Jordan-Williams,JR,RB,1,24,0,6,24,4.00,24.0,ucf
Demeitre Brim,SR,LB,13,17,0,1,17,17.00,1.3,ucf
Michael Willett,JR,RB,2,13,0,5,13,2.60,6.5,ucf
Jaquarius Bargnare,FR,WR,10,13,0,2,13,6.50,1.3,ucf
Chequan Burkett,JR,LB,12,6,0,2,6,3.00,0.5,ucf
Hayden Jones,SR,WR,12,5,0,1,5,5.00,0.4,ucf
Dredrick Snelson,FR,WR,10,1,0,1,1,1.00,0.1,ucf
Pete DiNovo,JR,QB,1,0,0,1,0,0.00,0.0,ucf
Mac Loudermilk,SO,P,10,-5,0,1,-5,-5.00,-0.5,ucf
Josh Rosen,SO,QB,6,-72,1915,253,1843,7.28,307.2,ucla
Mike Fafaul,SR,QB,10,-9,1602,284,1593,5.61,159.3,ucla
Soso Jamabo,SO,RB,11,321,0,82,321,3.91,29.2,ucla
Nate Starks,JR,RB,10,281,0,85,281,3.31,28.1,ucla
Bolu Olorunfunmi,SO,RB,11,280,0,71,280,3.94,25.5,ucla
Brandon Stephens,FR,RB,8,95,0,19,95,5.00,11.9,ucla
Jalen Starks,FR,RB,5,77,0,26,77,2.96,15.4,ucla
Jordan Lasley,SO,WR,11,0,30,1,30,30.00,2.7,ucla
Ishmael Adams,SR,WR,11,30,0,7,30,4.29,2.7,ucla
Darren Andrews,JR,WR,12,27,0,2,27,13.50,2.3,ucla
Kenneth Walker III,SR,WR,11,8,0,1,8,8.00,0.7,ucla
Kurt Palandech,JR,QB,11,359,647,145,1006,6.94,91.5,unlv
Dalton Sneed,FR,QB,9,348,632,145,980,6.76,108.9,unlv
Johnny Stanton,JR,QB,6,231,676,147,907,6.17,151.2,unlv
Charles Williams,FR,RB,12,763,0,141,763,5.41,63.6,unlv
Lexington Thomas,SO,RB,10,642,0,124,642,5.18,64.2,unlv
Xzaviar Campbell,SO,RB,11,233,0,49,233,4.76,21.2,unlv
David Greene,SR,RB,12,218,0,50,218,4.36,18.2,unlv
Darren Woods Jr.,FR,WR,6,48,0,3,48,16.00,8.0,unlv
Jericho Flowers,FR,WR,9,48,0,4,48,12.00,5.3,unlv
Mekhi Stevenson,FR,WR,12,12,0,1,12,12.00,1.0,unlv
Allan Cui III,FR,WR,10,0,0,1,0,0.00,0.0,unlv
Sam Darnold,FR,QB,13,250,3086,428,3336,7.79,256.6,usc
Ronald Jones II,SO,TB,13,1082,0,177,1082,6.11,83.2,usc
Justin Davis,SR,TB,10,607,0,110,607,5.52,60.7,usc
Max Browne,JR,QB,9,-23,507,102,484,4.75,53.8,usc
Aca'Cedric Ware,SO,TB,11,397,0,78,397,5.09,36.1,usc
Dominic Davis,SO,TB,9,132,0,23,132,5.74,14.7,usc
James Toland IV,JR,TB,10,69,0,13,69,5.31,6.9,usc
Adoree' Jackson,JR,DB,13,51,0,7,51,7.29,3.9,usc
Deontay Burnett,SO,WR,13,31,0,3,31,10.33,2.4,usc
JuJu Smith-Schuster,JR,WR,13,27,0,5,27,5.40,2.1,usc
Ajene Harris,SO,DB,13,14,0,1,14,14.00,1.1,usc
Jalen Greene,SO,WR,13,12,0,5,12,2.40,0.9,usc
Steven Mitchell Jr.,JR,WR,7,-3,0,2,-3,-1.50,-0.4,usc
Wyatt Schmidt,SO,PK,11,-8,0,1,-8,-8.00,-0.7,usc
Chris Tilbey,SO,P,13,-17,0,1,-17,-17.00,-1.3,usc
Troy Williams,JR,QB,13,235,2757,501,2992,5.97,230.2,utah
Joe Williams,SR,RB,9,1407,0,210,1407,6.70,156.3,utah
Zack Moss,FR,RB,10,382,0,84,382,4.55,38.2,utah
Armand Shyne,SO,RB,5,373,0,78,373,4.78,74.6,utah
"Troy McCormick, Jr.",JR,RB,9,194,0,39,194,4.97,21.6,utah
Cory Butler-Byrd,SR,WR,8,163,0,20,163,8.15,20.4,utah
Tyler Huntley,FR,QB,6,15,60,16,75,4.69,12.5,utah
Jordan Howard,JR,RB,4,32,0,5,32,6.40,8.0,utah
Kyle Fulks,JR,WR,12,12,0,3,12,4.00,1.0,utah
Devonta'e Henry-Cole,FR,RB,1,2,0,1,2,2.00,2.0,utah
Demari Simpkins,FR,WR,13,0,0,1,0,0.00,0.0,utah
Kent Myers,JR,QB,12,449,2389,477,2838,5.95,236.5,utah_state
Tonny Lindsey,JR,RB,12,763,0,148,763,5.16,63.6,utah_state
Devante Mays,SR,RB,6,259,0,37,259,7.00,43.2,utah_state
Damion Hobbs,JR,QB,10,111,68,43,179,4.16,17.9,utah_state
LaJuan Hunt,JR,RB,11,140,0,42,140,3.33,12.7,utah_state
Justen Hervey,SO,RB,11,113,0,12,113,9.42,10.3,utah_state
Rayshad Lewis,FR,WR,12,110,0,10,110,11.00,9.2,utah_state
Gerold Bright,FR,WR,9,87,0,11,87,7.91,9.7,utah_state
Kennedy Williams,SR,WR,12,17,0,4,17,4.25,1.4,utah_state
DJ Nelson,SO,QB,2,0,12,1,12,12.00,6.0,utah_state
Alex Byers,JR,WR,10,10,0,1,10,10.00,1.0,utah_state
Ethan Cortazzo,JR,WR,12,3,0,1,3,3.00,0.3,utah_state
Aaron Jones,JR,RB,12,1773,3,230,1776,7.72,148.0,utep
Ryan Metz,SO,QB,11,41,1375,237,1416,5.97,128.7,utep
Zack Greenlee,JR,QB,8,-33,695,108,662,6.13,82.8,utep
Kavika Johnson,SO,QB,12,42,131,52,173,3.33,14.4,utep
Quadraiz Wadley,FR,RB,10,168,0,47,168,3.57,16.8,utep
Kevin Dove,FR,RB,6,101,0,19,101,5.32,16.8,utep
Walter Dawn,FR,WR,12,59,0,15,59,3.93,4.9,utep
Eddie Sinegal,FR,WR,12,44,0,2,44,22.00,3.7,utep
Tyrone Nelson,FR,RB,4,30,0,7,30,4.29,7.5,utep
Orion Prescott,JR,RB,12,14,0,3,14,4.67,1.2,utep
Darrin Laufasa,SR,FB,12,8,0,3,8,2.67,0.7,utep
Cole Freytag,SR,WR,12,4,0,2,4,2.00,0.3,utep
Warren Redix,SO,WR,12,-1,0,2,-1,-0.50,-0.1,utep
Terry Juniel,SO,WR,12,-3,0,1,-3,-3.00,-0.3,utep
Dalton Sturm,JR,QB,13,313,2170,409,2483,6.07,191.0,utsa
Jarveon Williams,SR,RB,13,900,3,208,903,4.34,69.5,utsa
Jalen Rhodes,SO,RB,12,827,0,155,827,5.34,68.9,utsa
Jared Johnson,SR,QB,7,-35,564,92,529,5.75,75.6,utsa
Matt Guidry,FR,WR,10,75,0,8,75,9.38,7.5,utsa
Tyrell Clay,JR,RB,12,41,0,13,41,3.15,3.4,utsa
Yannis Routsas,SO,P,13,-12,32,4,20,5.00,1.5,utsa
Corbin White,SR,RB,5,10,0,4,10,2.50,2.0,utsa
Brady Jones,JR,WR,13,-1,8,4,7,1.75,0.5,utsa
Kerry Thomas Jr.,JR,WR,13,2,0,1,2,2.00,0.2,utsa
Brett Winnegan,SO,RB,10,1,0,2,1,0.50,0.1,utsa
Marquez McNair,JR,WR,13,-2,0,1,-2,-2.00,-0.2,utsa
Peyton Hall,SO,WR,9,-3,0,1,-3,-3.00,-0.3,utsa
Kyle Shurmur,SO,QB,13,-129,2409,425,2280,5.36,175.4,vanderbilt
Ralph Webb,JR,RB,13,1283,0,250,1283,5.13,98.7,vanderbilt
Khari Blasingame,SO,RB,13,449,0,98,449,4.58,34.5,vanderbilt
Darrius Sims,SR,WR,12,271,0,41,271,6.61,22.6,vanderbilt
Trent Sherfield,JR,WR,13,97,0,8,97,12.13,7.5,vanderbilt
Dallas Rivers,JR,RB,13,92,0,20,92,4.60,7.1,vanderbilt
Wade Freebeck,JR,QB,3,9,77,16,86,5.38,28.7,vanderbilt
Josh Crawford,SO,RB,9,66,0,14,66,4.71,7.3,vanderbilt
Donaven Tennyson,FR,WR,8,28,0,4,28,7.00,3.5,vanderbilt
Sam Dobbs,SO,TE,13,5,0,1,5,5.00,0.4,vanderbilt
Kalija Lipscomb,FR,WR,12,5,0,3,5,1.67,0.4,vanderbilt
Bailey McElwain,FR,FB,13,0,0,1,0,0.00,0.0,vanderbilt
Tommy Openshaw,JR,PK,13,-2,0,1,-2,-2.00,-0.2,vanderbilt
Sam Loy,FR,P,13,-32,0,1,-32,-32.00,-2.5,vanderbilt
Kurt Benkert,JR,QB,11,-94,2552,466,2458,5.27,223.5,virginia
Taquan Mizzell,SR,TB,12,940,0,188,940,5.00,78.3,virginia
Albert Reid,SR,TB,11,480,0,98,480,4.90,43.6,virginia
Matt Johns,SR,QB,9,-8,314,69,306,4.43,34.0,virginia
Jordan Ellis,SO,TB,11,61,0,14,61,4.36,5.5,virginia
Olamide Zaccheaus,SO,WR,12,24,0,3,24,8.00,2.0,virginia
Daniel Hamm,JR,TB,12,4,0,3,4,1.33,0.3,virginia
Joe Reed,FR,WR,12,3,0,2,3,1.50,0.3,virginia
Hasise Dubois,FR,WR,12,0,0,1,0,0.00,0.0,virginia
Connor Brewer,SR,QB,2,-17,6,15,-11,-0.73,-5.5,virginia
Nicholas Conte,SR,P,12,-14,0,1,-14,-14.00,-1.2,virginia
Jerod Evans,JR,QB,14,846,3552,626,4398,7.03,314.1,virginia_tech
Travon McMillian,SO,RB,14,671,0,145,671,4.63,47.9,virginia_tech
Sam Rogers,SR,FB,14,283,13,68,296,4.35,21.1,virginia_tech
Marshawn Williams,SO,RB,9,244,0,59,244,4.14,27.1,virginia_tech
Brenden Motley,SR,QB,7,124,81,40,205,5.13,29.3,virginia_tech
Cam Phillips,JR,WR,14,140,0,30,140,4.67,10.0,virginia_tech
Shai McKenzie,SO,RB,6,76,0,20,76,3.80,12.7,virginia_tech
D.J. Reid,SO,RB,5,65,0,12,65,5.42,13.0,virginia_tech
Steven Peoples,SO,FB,14,60,0,16,60,3.75,4.3,virginia_tech
C.J. Carroll,SO,WR,13,46,0,9,46,5.11,3.5,virginia_tech
Bucky Hodges,JR,TE,14,42,0,9,42,4.67,3.0,virginia_tech
Isaiah Ford,JR,WR,14,33,0,7,33,4.71,2.4,virginia_tech
Deshawn McClease,FR,RB,1,27,0,8,27,3.38,27.0,virginia_tech
Sean Daniel,FR,WR,1,10,0,1,10,10.00,10.0,virginia_tech
Mitchell Ludwig,JR,P,14,-11,20,2,9,4.50,0.6,virginia_tech
Henri Murphy,SO,WR,13,3,0,1,3,3.00,0.2,virginia_tech
Jack Click,FR,QB,1,1,0,3,1,0.33,1.0,virginia_tech
John Wolford,JR,QB,12,521,1774,429,2295,5.35,191.3,wake_forest
Matt Colburn,SO,RB,13,626,0,151,626,4.15,48.2,wake_forest
Cade Carney,FR,RB,10,589,0,156,589,3.78,58.9,wake_forest
Kendall Hinton,SO,QB,3,125,174,44,299,6.80,99.7,wake_forest
Kyle Kearns,FR,QB,5,-31,206,39,175,4.49,35.0,wake_forest
Tyler Bell,SO,RB,12,97,0,20,97,4.85,8.1,wake_forest
Rocky Reid,FR,RB,4,54,0,22,54,2.45,13.5,wake_forest
Chuck Wade,SO,WR,13,6,0,5,6,1.20,0.5,wake_forest
Tabari Hines,SO,WR,13,-4,0,3,-4,-1.33,-0.3,wake_forest
Jake Browning,SO,QB,14,45,3430,456,3475,7.62,248.2,washington
Myles Gaskin,SO,TB,14,1373,0,237,1373,5.79,98.1,washington
Lavon Coleman,JR,TB,14,852,0,114,852,7.47,60.9,washington
Jomon Dotson,SO,TB,14,260,0,57,260,4.56,18.6,washington
Chico McClatcher,SO,WR,13,131,0,18,131,7.28,10.1,washington
K.J. Carta-Samuels,SO,QB,9,4,104,17,108,6.35,12.0,washington
John Ross,JR,WR,14,102,0,8,102,12.75,7.3,washington
Dante Pettis,JR,WR,14,0,89,4,89,22.25,6.4,washington
Andre Baccellia,FR,WR,14,16,0,2,16,8.00,1.1,washington
Gavin McDaniel,SO,TB,1,15,0,3,15,5.00,15.0,washington
Ralph Kinne,JR,TB,2,5,0,3,5,1.67,2.5,washington
Aaron Fuller,FR,WR,14,4,0,2,4,2.00,0.3,washington
Budda Baker,JR,DB,14,-1,0,1,-1,-1.00,-0.1,washington
Luke Falk,JR,QB,13,-68,4468,699,4400,6.29,338.5,washington_state
James Williams,FR,RB,13,584,0,102,584,5.73,44.9,washington_state
Jamal Morrow,JR,RB,13,575,0,90,575,6.39,44.2,washington_state
Gerard Wicks,JR,RB,13,475,0,88,475,5.40,36.5,washington_state
Tyler Hilinski,FR,QB,4,0,245,30,245,8.17,61.3,washington_state
Alijah Lee,SO,RB,11,20,0,4,20,5.00,1.8,washington_state
Keith Harrington,SO,RB,2,6,0,2,6,3.00,3.0,washington_state
Gabe Marks,SR,WR,13,6,0,2,6,3.00,0.5,washington_state
Kyle Sweet,SO,WR,13,5,0,1,5,5.00,0.4,washington_state
Robert Lewis,JR,WR,13,1,0,1,1,1.00,0.1,washington_state
Skyler Howard,SR,QB,13,463,3328,546,3791,6.94,291.6,west_virginia
Justin Crawford,JR,RB,13,1184,0,163,1184,7.26,91.1,west_virginia
Rushel Shell III,SR,RB,10,514,0,113,514,4.55,51.4,west_virginia
Kennedy McKoy,FR,RB,13,472,0,73,472,6.47,36.3,west_virginia
Martell Pettaway,FR,RB,3,260,0,49,260,5.31,86.7,west_virginia
Elijah Wellman,JR,TE,13,44,0,14,44,3.14,3.4,west_virginia
Shelton Gibson,JR,WR,13,29,0,2,29,14.50,2.2,west_virginia
Chris Chugunov,FR,QB,4,0,15,5,15,3.00,3.8,west_virginia
Jovon Durante,SO,WR,13,15,0,3,15,5.00,1.2,west_virginia
William Crest Jr.,SO,QB,9,10,0,4,10,2.50,1.1,west_virginia
Tyler Orlosky,SR,OL,13,-2,0,1,-2,-2.00,-0.2,west_virginia
Mike White,JR,QB,14,-74,4363,445,4289,9.64,306.4,western_kentucky
Anthony Wales,SR,RB,13,1621,0,237,1621,6.84,124.7,western_kentucky
Quinton Baker,FR,RB,14,542,0,99,542,5.47,38.7,western_kentucky
Marquez Trigg,FR,RB,14,298,0,71,298,4.20,21.3,western_kentucky
Nicholas Norris,SR,WR,14,222,0,13,222,17.08,15.9,western_kentucky
Tyler Ferguson,SR,QB,9,-30,234,43,204,4.74,22.7,western_kentucky
Drew Eckels,SO,QB,8,-9,118,15,109,7.27,13.6,western_kentucky
Taywan Taylor,SR,WR,14,36,0,6,36,6.00,2.6,western_kentucky
Nacarius Fant,JR,WR,9,26,0,8,26,3.25,2.9,western_kentucky
Lucky Jackson,FR,WR,14,14,0,2,14,7.00,1.0,western_kentucky
Forrest Lamp,SR,OL,12,9,0,1,9,9.00,0.8,western_kentucky
Kylen Towner,JR,WR,14,3,0,1,3,3.00,0.2,western_kentucky
D'Andre Ferby,SO,RB,1,1,0,1,1,1.00,1.0,western_kentucky
Ben Holt,FR,RB,14,1,0,1,1,1.00,0.1,western_kentucky
Stephon Brown,SR,WR,14,0,0,1,0,0.00,0.0,western_kentucky
Ryan Nuss,SO,K,7,-17,0,1,-17,-17.00,-2.4,western_kentucky
Zach Terrell,SR,QB,14,249,3533,457,3782,8.28,270.1,western_michigan
Jarvion Franklin,JR,RB,14,1353,0,248,1353,5.46,96.6,western_michigan
Jamauri Bogan,SO,RB,11,923,0,179,923,5.16,83.9,western_michigan
Fabian Johnson,SR,RB,13,229,0,31,229,7.39,17.6,western_michigan
Davon Tucker,FR,RB,10,210,0,44,210,4.77,21.0,western_michigan
LeVante Bellamy,SO,RB,3,133,0,20,133,6.65,44.3,western_michigan
Tom Flacco,SO,QB,6,74,0,11,74,6.73,12.3,western_michigan
D'Wayne Eskridge,FR,WR,12,60,0,6,60,10.00,5.0,western_michigan
Corey Davis,SR,WR,14,0,0,1,0,0.00,0.0,western_michigan
Corey Clement,SR,RB,13,1375,0,315,1375,4.37,105.8,wisconsin
Bart Houston,SR,QB,11,0,1245,169,1245,7.37,113.2,wisconsin
Alex Hornibrook,FR,QB,13,-81,1262,204,1181,5.79,90.8,wisconsin
Dare Ogunbowale,SR,RB,14,506,0,91,506,5.56,36.1,wisconsin
Bradrick Shaw,FR,RB,11,457,0,88,457,5.19,41.5,wisconsin
Jazz Peavy,JR,WR,14,318,0,21,318,15.14,22.7,wisconsin
Taiwan Deal,SO,RB,6,164,0,32,164,5.13,27.3,wisconsin
Austin Ramesh,JR,FB,11,58,0,17,58,3.41,5.3,wisconsin
Alec Ingold,SO,FB,14,44,0,18,44,2.44,3.1,wisconsin
Quintez Cephus,FR,WR,14,41,0,5,41,8.20,2.9,wisconsin
A.J. Taylor,FR,WR,13,19,0,4,19,4.75,1.5,wisconsin
Robert Wheelwright,SR,WR,14,6,0,1,6,6.00,0.4,wisconsin
Garret Dooley,JR,OLB,14,5,0,1,5,5.00,0.4,wisconsin
Josh Allen,SO,QB,14,523,3203,515,3726,7.23,266.1,wyoming
Brian Hill,JR,RB,14,1860,0,349,1860,5.33,132.9,wyoming
Shaun Wick,SR,RB,14,354,0,89,354,3.98,25.3,wyoming
Austin Conway,FR,WR,14,110,4,18,114,6.33,8.1,wyoming
Nico Evans,SO,RB,14,33,0,11,33,3.00,2.4,wyoming
Tanner Gentry,SR,WR,14,30,0,6,30,5.00,2.1,wyoming
Jacob Hollister,SR,TE,14,2,0,1,2,2.00,0.1,wyoming
Nick Szpor,FR,QB,13,0,0,1,0,0.00,0.0,wyoming
Ethan Wood,SR,K,14,-20,0,1,-20,-20.00,-1.4,wyoming
